index,name,genre,developer,console,date_finished,time_hours,release_year,ra_mode,notes,igdb_id,igdb_name,igdb_cover_url,igdb_developer,igdb_release_year,igdb_genres,igdb_rating,igdb_summary,igdb_url
1,Super Mario Bros. (All Stars),Plataforma,Nintendo,Super Nintendo,30/10/2025,5.62,1985,Hardcore,,222095,Super Mario Bros.,https://images.igdb.com/igdb/image/upload/t_cover_big/co5k7b.jpg,Nintendo Entertainment Analysis & Development,1993,Platform,89.34202865651342,"A remaster of the original Super Mario Bros., released exclusively as part of the Super Mario All-Stars bundle.",https://www.igdb.com/games/super-mario-bros--3
2,Super Mario Bros. 2 (All Stars),Plataforma,Nintendo,Super Nintendo,01/01/2001,4,1993,-,,222098,Super Mario Bros. 2,https://images.igdb.com/igdb/image/upload/t_cover_big/co7yq8.jpg,Nintendo Entertainment Analysis & Development,1993,Platform,62.80153969371941,"A remaster of the original Super Mario Bros. 2 (the American port of Yume Koujou: Doki-doki Panic), released exclusively as part of the Super Mario All-Stars bundle.",https://www.igdb.com/games/super-mario-bros-2--2
3,Super Mario Bros. 3 (All Stars),Plataforma,Nintendo,Super Nintendo,03/11/2025,6,1993,Hardcore,,222099,Super Mario Bros. 3,https://images.igdb.com/igdb/image/upload/t_cover_big/co7qpe.jpg,Nintendo Entertainment Analysis & Development,1993,Platform,80.86217641924293,"A remaster of the original Super Mario Bros. 3, released exclusively as part of the Super Mario All-Stars bundle.",https://www.igdb.com/games/super-mario-bros-3--2
4,Super Mario World,Plataforma,Nintendo,Super Nintendo,24/11/2024,5,1990,Hardcore,,178104,Super Mario World,https://images.igdb.com/igdb/image/upload/t_cover_big/co4az5.jpg,Nelsonic Industries,1991,"Platform, Arcade",86.27520041123633,"Super Mario World (also known as Super Mario World Game Watch and Super Mario Bros. 4) is a licensed wristwatch videogame made by Nelsonic Industries, based on the Super NES game Super Mario World.",https://www.igdb.com/games/super-mario-world--2
5,Donkey Kong Country,Plataforma,RARE,Super Nintendo,10/08/2024,3.02,1994,Hardcore,,1090,Donkey Kong Country,https://images.igdb.com/igdb/image/upload/t_cover_big/co70qn.jpg,Rare,1994,Platform,85.7042740873115,"Donkey Kong Country is a side scrolling platformer by British developers Rare in 1994. It featured revolutionary pre-rendered 3D graphics that give the game a very unique look compared to most other games on consoles at the time. The two playable characters featured in the game are the titular character, Donkey Kong and his nephew, Diddy Kong. Together the two swing, climb, jump, swim, cartwheel, ride animals, and blast out of barrels on their way to recover their stolen bannanas from the evil King K. Rool and his Kremling army. The adventure takes you through a variety of different environments and levels that continually change up gameplay. Donkey Kong Country also provides plenty of opportunities for exploration with almost every level having a multitude of collectible, shortcuts, and hidden bonus areas.",https://www.igdb.com/games/donkey-kong-country
6,Donkey Kong Country 2,Plataforma,RARE,Super Nintendo,24/11/2024,5,1995,Hardcore,,1092,Donkey Kong Country 2: Diddy's Kong Quest,https://images.igdb.com/igdb/image/upload/t_cover_big/co217m.jpg,Rare,1995,Platform,89.0241190234204,Donkey Kong Country 2: Diddy's Kong Quest is the sequel to Donkey Kong Country. It was developed by Rare and is one of the best selling Super Nintendo games.,https://www.igdb.com/games/donkey-kong-country-2-diddy-s-kong-quest
7,Donkey Kong Country 3: Dixie Double Trouble,Plataforma,RARE,Super Nintendo,01/12/2024,7.66,1996,Hardcore,,1094,Donkey Kong Country 3: Dixie Kong's Double Trouble!,https://images.igdb.com/igdb/image/upload/t_cover_big/co217n.jpg,Rare,1996,Platform,79.70395961218698,"Monkey Mayhem Lives On! Kiddy Kong is a portly primate toddler with incredible power and agility! He teams up with Dixie Kong to stop the ever-present army of Kremlings. The game play and ACM graphics just keep getting better in this visually stunning installment in one of the most popular video game series of all time! Combining their unique abilities as they throw each other into action, Dixie Kong and Kiddy Kong set off to rescue Diddy Kong and Donkey Kong. Collect tons of treasure, grab billions of bananas and find more secret stuff than you've ever seen (or not seen) as you set off on the greatest DKC adventure yet! The final showdown with KAOS takes place in a cliff-top laboratory at the End of the World. It could get seriously ugly. Monkey mayhem lives on in this exotic island adventure!",https://www.igdb.com/games/donkey-kong-country-3-dixie-kong-s-double-trouble
8,Wild Guns,Ação,Natsume,Super Nintendo,03/05/2001,2,1994,-,,1344,Wild Guns,https://images.igdb.com/igdb/image/upload/t_cover_big/coa25v.jpg,"Natsume Co., Ltd.",1994,"Shooter, Adventure, Arcade",81.7407742738431,"Released in 1994, Wild Guns is a shooting gallery video game for the Super Nintendo Entertainment System, developed by Natsume. Its setting is a unique blend of the Wild West, steampunk, and science fiction. The narrative revolves around Annie and Clint, a bounty hunter duo on a quest for vengeance after Annie's family is killed. Players can choose to control either Annie or Clint, navigating through the foreground, avoiding enemy fire, and taking down hostile robots in the background. This gameplay combines elements from third-person shooters and light gun games.",https://www.igdb.com/games/wild-guns
9,Disney's Aladdin,Plataforma,Disney Interactive/Capcom,Super Nintendo,04/02/2001,3,1993,-,,2473,Disney's Aladdin,https://images.igdb.com/igdb/image/upload/t_cover_big/co7fan.jpg,Capcom,1993,"Platform, Adventure, Arcade",80.89478057592798,"Disney's Aladdin is a 1993 video game developed by Capcom for the Super Nintendo Entertainment System (SNES). Based on the film of the same name, Disney's Aladdin is a 2D side-scrolling video game in which the player characters are Aladdin and his monkey Abu.",https://www.igdb.com/games/disney-s-aladdin
10,Disney's Magical Quest 3 starring Mickey & Donald,Plataforma,Capcom,Super Nintendo,06/02/2001,3,1995,-,,6381,Disney's Magical Quest 3 Starring Mickey & Donald,https://images.igdb.com/igdb/image/upload/t_cover_big/co9chv.jpg,Klein Computer Entertainment,2003,Platform,,"Huey, Dewy and Louie went to hide in the attic to hide from their uncle Donald's temper when they came across a mysterious book. Upon opening it, hand appears and kidnaps the boys into Storybook Land. Now Donald Duck and his pal Mickey Mouse must go save the boys by defeating the evil King Pete!",https://www.igdb.com/games/disney-s-magical-quest-3-starring-mickey-donald
11,F-Zero,Corrida,Nintendo,Super Nintendo,19/02/2001,3,1990,-,,3490,F-Zero,https://images.igdb.com/igdb/image/upload/t_cover_big/co6ufz.jpg,Nintendo Entertainment Analysis & Development,1990,Racing,77.33882683915596,"F-Zero is set in the year 2560, when humanity's multiple encounters with alien life forms had resulted in the expansion of Earth's social framework. This led to commercial, technological and cultural interchanges between planets. The multi-billionaires who earned their wealth through intergalactic trade were mainly satisfied with their lifestyles, although most coveted more entertainment in their lives. This resulted in a new entertainment based on the Formula One races to be founded with vehicles that could hover one foot above the track. These Grand Prix races were soon named ""F-Zero"" after a rise in popularity of the races. The game introduced the first set of F-Zero racers: Captain Falcon, Dr. Stewart, Pico, and Samurai Goroh.",https://www.igdb.com/games/f-zero
12,International Superstar Soccer Deluxe,Futebol,KONAMI,Super Nintendo,27/02/2001,9.5,1995,-,,9862,International Superstar Soccer Deluxe,https://images.igdb.com/igdb/image/upload/t_cover_big/co3vl4.jpg,Konami Computer Entertainment Osaka,1995,Sport,80.22543635677093,International Superstar Soccer Deluxe is a football video game and the sequel to International Superstar Soccer.,https://www.igdb.com/games/international-superstar-soccer-deluxe
13,Street Fighter II,Luta,Capcom,Super Nintendo,10/04/2001,2,1992,-,,3186,Street Fighter II,https://images.igdb.com/igdb/image/upload/t_cover_big/co55et.jpg,Capcom,1991,"Fighting, Arcade",82.57133806746663,"A sequel to Street Fighter, Street Fighter II improved upon the many concepts introduced in the first game, including the use of command-based special moves and a six-button configuration, while offering players a selection of multiple playable characters, each with their own unique fighting style and special moves. Street Fighter II is credited with starting the fighting game boom during the 1990s. Its success led to the production of several updated versions, each offering additional features and characters over previous versions, as well as many home versions. Some home versions of the Street Fighter II games have sold millions of copies, with the SNES port of the first Street Fighter II being Capcom's best-selling consumer game of all time as of 2008. Street Fighter II follows several of the conventions and rules already established by its original 1987 predecessor. The player engages opponents in one-on-one, close-quarters combat in a series of best-of-two-out-of-three matches. The objective of each round is to deplete the opponent's vitality before the timer runs out. If both opponents knock each other out at the same time or the timer runs out with both fighters having an equal amount of vitality left, a ""double KO"" or ""draw game"" is declared. Additional rounds will be played until sudden death. In the first Street Fighter II, a match could last up to 10 rounds if there was no clear winner; this was reduced to 4 rounds in the Champion Edition and onward. If there is no clear winner by the end of the final round, then either the computer-controlled opponent will win by default in a single-player match, or both fighters will lose in a 2-player match. After every third match in single-player mode, the player will participate in a ""bonus game"" for additional points. The bonus games include (in order) a car-breaking event; a barrel-breaking bonus game where the barrels are dropped off from a conveyor belt above the player; and a drum-breaking bonus game where drums are flammable and piled over each other. The bonus games were removed from the arcade version of Super Street Fighter II Turbo. As in the original, the game's controls use an eight-directional joystick and six attack buttons. The player uses the joystick to jump, crouch, move the character towards or away from the opponent, and guard against the opponent's attacks. There are three punch buttons and three kick buttons, each with varying strength and speed (Light, Medium, and Heavy). The player can perform a variety of basic moves in any position, including grabbing/throwing attacks, which were not featured in the original Street Fighter. Like in the original, the player can perform special moves by inputting a combination of directional and button-based commands. Street Fighter II differs from the original in that it features multiple playable characters, each with distinct fighting styles and special moves. Additionally, the player can ""cancel"" an animation by performing another move, enabling combinations of basic and special moves. Both of these features would be expanded upon in subsequent installments.",https://www.igdb.com/games/street-fighter-ii
14,Killer Instinct,Luta,RARE,Super Nintendo,01/03/2001,1,1994,-,,324152,Killer Instinct,https://images.igdb.com/igdb/image/upload/t_cover_big/co93ya.jpg,Rare,1995,Fighting,59.55453768217655,"Differences from the arcade version includes that of a training mode, a tournament mode and other options.",https://www.igdb.com/games/killer-instinct--4
15,Super Bomberman,Ação,Hudson Soft,Super Nintendo,13/04/2001,3,1993,-,,3450,Super Bomberman,https://images.igdb.com/igdb/image/upload/t_cover_big/co69t1.jpg,Produce!,1993,"Puzzle, Strategy, Arcade",68.95796151410826,Super Bomberman is the first video game in the Bomberman series to appear on the Super Nintendo Entertainment System. It is also the first four-player game to be released on the Super NES.,https://www.igdb.com/games/super-bomberman
16,Super Bomberman 2,Ação,Hudson Soft,Super Nintendo,14/04/2001,3,1994,-,,14530,Super Bomberman 2,https://images.igdb.com/igdb/image/upload/t_cover_big/co6af1.jpg,Hudson Soft,1994,"Strategy, Tactical, Arcade",79.84769496138753,"Super Bomberman 2 is the second of five games in the Super Bomberman series developed by Produce and Hudson Soft and released on the Super Nintendo. It is the only Super Bomberman game without a 2-player story mode, although one was originally planned.",https://www.igdb.com/games/super-bomberman-2
17,Sonic Advance,Plataforma,SEGA,Gameboy Advance,30/03/2001,3,2001,-,,6283,Sonic Advance,https://images.igdb.com/igdb/image/upload/t_cover_big/co1upk.jpg,Dimps,2001,Platform,70.8035105150168,"Sonic Advance is notable for being the first Sonic game released on a Nintendo console, despite both Sega and Nintendo being well-known rivals on the console market throught the 1990s. Sonic Advance features four playable characters and marks the first playable appearance of Amy Rose on a 2D title. The game borrows elements from the original Sonic the Hedgehog titles for the Sega Genesis, but with the post-Dreamcast artstyle for the characters which was introduced in Sonic Adventure. The game also includes multiplayer features and mini-games. The title was also ported to the Nokia N-Gage under the title ""SonicN"".",https://www.igdb.com/games/sonic-advance
18,Sonic Advance 2,Plataforma,SEGA,Gameboy Advance,31/03/2001,3.5,2002,-,,6598,Sonic Advance 2,https://images.igdb.com/igdb/image/upload/t_cover_big/co1zv8.jpg,Dimps,2002,"Platform, Adventure",72.31526849542546,"Sonic returns for a second outing on the Game Boy Advance. Once again, Sonic is called upon to save the world from the evil Dr. Eggman. On this occasion, Sonic is joined by friends Tails, Knuckles and Cream the Rabbit, the latest addition to the Sonic team. Each comes with a set of unique moves, allowing you to reach certain areas through-out the levels. However, unlike Sonic Advance, you must complete the game as Sonic to unlock the other characters. Chaos Emeralds and Special Rings litter the stages. To collect the emeralds (transforming Sonic into Super Sonic for the final battle with Dr. Eggman), you must find the special rings hidden in each stage to unlock the bonus stage. Complete the bonus stage and the emerald is yours. You'll also get the chance to collect and raise chaos, and trade them over to Sonic Adventure 2: Battle on GameCube, through the use of the GBA/GC link cable.",https://www.igdb.com/games/sonic-advance-2
19,Sonic Advance 3,Plataforma,SEGA,Gameboy Advance,01/04/2001,4.5,2004,-,,6599,Sonic Advance 3,https://images.igdb.com/igdb/image/upload/t_cover_big/co1zvg.jpg,Dimps,2004,"Platform, Adventure",72.63289001373582,"Sonic is back, and this time, he needs the help of all of his friends to defeat the evil Dr. Eggman. In Sonic Advance 3, Sonic and Tails must reunite with their friends Cream, Knuckles, and Amy. Team up with any of the five characters to gain special attack moves: Sonic increases your speed, Tails increases your jump power, Knuckles increases your attack power, Amy offers the Piko Piko hammer attack, and Cream lets you perform a homing attack. With a Game Boy Advance link, you and three of your friends can battle it out in multiplayer modes.",https://www.igdb.com/games/sonic-advance-3
20,Mega Man Zero,Ação,Capcom,Gameboy Advance,07/03/2001,4,2002,-,,1775,Mega Man Zero,https://images.igdb.com/igdb/image/upload/t_cover_big/cobkv1.jpg,Capcom,2002,"Shooter, Platform, Hack and slash/Beat 'em up, Adventure",81.42675493188699,"It's your mission to help the exiled scientist Ciel discover the source of a new reploid energy! Play as Mega Man's pal Zero, the reploid from the Mega Man X series turned good by the infectious Sigma Virus and 100 years of sleep. Conquer your adversaries and find the energy source... or risk ultimate defeat. It's up to you to defend good from the destructive powers in the universe.",https://www.igdb.com/games/mega-man-zero
21,Mega Man Zero 2,Ação,Capcom,Gameboy Advance,08/03/2001,3.5,2003,-,,1776,Mega Man Zero 2,https://images.igdb.com/igdb/image/upload/t_cover_big/co203j.jpg,Inti Creates,2003,"Shooter, Platform, Hack and slash/Beat 'em up",81.28552225801135,"Mega Man Zero 2, known in Japan as Rockman Zero 2, is the second game in the Mega Man Zero series for the Game Boy Advance, developed by Inti Creates and published by Capcom in 2003. LAN Multiplayer: If you have two cartridges and a link cable, the players can link two GBAs and take part in a two-player game. There are three modes available to take part in: - Time Attack - Set a goal somewhere in the stage. After three tries, the player with the shortest time to the goal wins. - Enemy Battle - Defeat the most enemies from the generator within the time limit. - Get Item. - Collect the most items from the map within the time limit.",https://www.igdb.com/games/mega-man-zero-2
22,Mega Man Zero 3,Ação,Capcom,Gameboy Advance,09/03/2001,3,2004,-,,1777,Mega Man Zero 3,https://images.igdb.com/igdb/image/upload/t_cover_big/co204h.jpg,Inti Creates,2004,"Shooter, Platform, Hack and slash/Beat 'em up",84.01345682176068,"It's the third chapter in the Mega Man Zero action adventure series for the Game Boy Advance. Featuring a new customization system, you can now equip Zero, with a combination of chips that will affect both his attributes and abilities, allowing you to adapt him to different challenges. Among his other new skills, Zero will now have weapon called the recoil rod. Now he jumps at double his normal height. These new skills will allow our hero to march into Arcadia to defeat the evil Omega single-handedly... Or will they?",https://www.igdb.com/games/mega-man-zero-3
23,Mega Man Zero 4,Ação,Capcom,Gameboy Advance,10/03/2001,3,2005,-,,1778,Mega Man Zero 4,https://images.igdb.com/igdb/image/upload/t_cover_big/co204g.jpg,Inti Creates,2005,"Shooter, Platform, Hack and slash/Beat 'em up",79.06404912445116,"Mega Man Zero 4 is a video game created by Capcom and Inti Creates for the Game Boy Advance in 2005. It's the fourth and final installment in the Mega Man Zero series, making Zero the first Mega Man subseries to see a proper conclusion. The game introduces the Zero Knuckle, a weapon that lets Zero steal other enemies' weapons and use them for himself, as well as a new mechanic where Zero can alter weather conditions before entering one of the eight main levels.",https://www.igdb.com/games/mega-man-zero-4
24,Crash Bandicoot: The Huge Adventure,Plataforma,Activision,Gameboy Advance,28/01/2001,3,2002,-,,1197,Crash Bandicoot: The Huge Adventure,https://images.igdb.com/igdb/image/upload/t_cover_big/co3py8.jpg,Vicarious Visions,2002,Platform,69.54992567805664,"Tired of endlessly doing battle with meddling bandicoots, the nefarious Dr. Neo Cortex shrinks the entire Earth, and Crash and Coco along with it, to the size of a wumpa fruit. Luckily, Coco invents a machine to reverse the effects, but she needs crystals from around the world to power it. Crash must retrieve the crystals to help return the entire planet to its natural state. Experience Crash's biggest adventure yet, with gameplay modes ranging from side-scrolling to 3D chase levels to aerial dogfight combat sequences. Battle your way through over 20 huge levels and six unique locations to defeat Cortex and save the world.",https://www.igdb.com/games/crash-bandicoot-the-huge-adventure
25,Crash Bandicoot 2: N-Tranced,Plataforma,Activision,Gameboy Advance,27/01/2001,4,2003,-,,1198,Crash Bandicoot 2: N-Tranced,https://images.igdb.com/igdb/image/upload/t_cover_big/co7zdr.jpg,Vicarious Visions,2003,Platform,73.65845552599774,"Crash is back and ready to take on an all-new nefarious villain. After the events of Crash Bandicoot: The Huge Adventure, Tropy, with the help of N. Trance, kidnaps Coco and Crunch, planning to brainwash them to the evil side. Now, Crash must travel to N. Trance's twisted realm, battle and rescue Coco and Crunch, and ultimately defeat N. Trance and N. Tropy. To achieve these goals, you must use all of Crash's spin, slide, and jumping abilities across 24 different levels. As you progress through the game, you'll find yourself flying a helicopter, water-skiing, and piloting a spaceship--all for the sake of saving your friends.",https://www.igdb.com/games/crash-bandicoot-2-n-tranced
26,Dragon Ball Z: Supersonic Warriors,Luta,Bandai Games,Gameboy Advance,10/02/2001,3,2004,-,,2576,Dragon Ball Z: Supersonic Warriors,https://images.igdb.com/igdb/image/upload/t_cover_big/co3y03.jpg,Arc System Works,2004,Fighting,62.64829981579155,The Aerial Assault Begins! Pick your DBZ Dream Team and shake the Dragon Ball Z universe with free-flight combat! Bombard opponents with punishing attacks on the ground and in the air. It's thunderous DBZ fighting unlike anything you've ever seen before! -Fight as one of 15 characters -Uncover alternate endings to famous DBZ storylines -Survive tag team mayhem for 2 players via Game Boy Advance Game Link Cable -Upgrade fighting skills as you advance,https://www.igdb.com/games/dragon-ball-z-supersonic-warriors
27,Tekken Advance,Luta,Namco Bandai,Gameboy Advance,12/11/2024,0.18,2001,Hardcore,,1240,Tekken Advance,https://images.igdb.com/igdb/image/upload/t_cover_big/co45q0.jpg,Namco,2001,Fighting,60.03287162928709,"Tekken Advance is a fighting game released for the Game Boy Advance. It is non-canonical to the Tekken storyline, but follows the events of Tekken 3. It uses sprites based on Tekken 3's 3D models for its characters and was the first Tekken game to be released on a Nintendo platform.",https://www.igdb.com/games/tekken-advance
28,Micro Machines,Corrida,Codemasters,Sega MegaDrive,13/03/2001,3,1991,-,,250472,Micro Machines,https://images.igdb.com/igdb/image/upload/t_cover_big/co6pss.jpg,The Big Red Software Company,1993,Racing,,Home computer port of Micro Machines.,https://www.igdb.com/games/micro-machines--6
29,Super Smash Bros.,Luta,Nintendo HAL,Nintendo 64,14/10/2025,4,1999,Hardcore,,1626,Super Smash Bros.,https://images.igdb.com/igdb/image/upload/t_cover_big/co2tso.jpg,HAL Laboratory,1999,"Fighting, Platform",81.16188516545455,"Super Smash Bros. is a crossover fighting video game between several different Nintendo franchises, and the first installment in the Super Smash Bros. series. Players must defeat their opponents multiple times in a fighting frenzy of items and power-ups. Super Smash Bros. is a departure from the general genre of fighting games: instead of depleting an opponent's life bar, the players seek to knock opposing characters off a stage. Each player has a damage total, represented by a percentage, which rises as the damage is taken.",https://www.igdb.com/games/super-smash-bros
30,Tom and Jerry: Fists of Fury,Luta,NewKidCo/ VIS Entertainment,Nintendo 64,26/04/2001,5,2000,-,,,,,,,,,,
31,Space Invaders,Shmup,Taito Corp.,Nintendo 64,05/04/2001,1,1999,-,,18133,Space Invaders,https://images.igdb.com/igdb/image/upload/t_cover_big/coaadg.jpg,Z-Axis,1999,Shooter,74.47682977104434,"Space Invaders is a game in which the player controls a laser cannon by moving it horizontally across the bottom of the screen and firing at descending aliens. The aim is to defeat five rows of eleven aliens—some versions feature different numbers—that move horizontally back and forth across the screen as they advance towards the bottom of the screen. The player defeats an alien, and earns points, by shooting it with the laser cannon. As more aliens are defeated, the aliens' movement and the game's music both speed up.",https://www.igdb.com/games/space-invaders--1
32,Fighting Force 64,Beat 'em Up,Core Design,Nintendo 64,16/02/2001,5,1997,-,,47683,Fighting Force 64,https://images.igdb.com/igdb/image/upload/t_cover_big/co23ia.jpg,Core Design,1999,"Fighting, Hack and slash/Beat 'em up",,"Fighting Force players control one of four characters. They move through urban and science fiction environments, battling waves of oncoming enemies with weapons ranging from fists and bottles to knives, chairs and guns. The player can make some choices as to which territory to travel through. The four characters have various reasons for taking on Dr. Zeng, a criminal mastermind with an army at his command. The action starts with a police cordon around Zeng's office skyscraper, moving to such locales as a shopping mall, subway and Coast Guard base before finally ending at the top of Zeng's island headquarters.",https://www.igdb.com/games/fighting-force-64
33,Bomberman Hero,Aventura,Hudson Soft,Nintendo 64,14/01/2001,7,1998,-,,3453,Bomberman Hero,https://images.igdb.com/igdb/image/upload/t_cover_big/co6nww.jpg,Hudson Soft,1998,Platform,73.95880643966267,"Bomberman's latest adventure takes him across the galaxy! Princess Millian has been kidnapped by the evil Garaden Empire and it's up to Bomberman to save the day. Travel through worlds of ice, fire and water. Use new abilities and get help from friends like Louie the rabbit and Pibol the robot. New vehicles like the Bomber Copter and Bomber Marine will come in handy in your quest to save the Princess and free the universe once again!",https://www.igdb.com/games/bomberman-hero
34,Fighters Destiny,Luta,Genki,Nintendo 64,14/02/2001,2,1998,-,,3496,Fighters Destiny,https://images.igdb.com/igdb/image/upload/t_cover_big/co2drw.jpg,Genki,1998,Fighting,70.2306340234638,"You can choose from more than 10 characters and enter the ring in the ultimate hand-to-hand competition. Rather than using a two-out-of-three format, you must score seven points in order to win a match. Knocking down your opponent, forcing him out of the ring, or throwing him to the ground score anywhere from one to four points. Try to beat all of the other fighters in the Master Challenge, where a victory results in you learning their fighting skills. If you face the Joker, you must beat him or you will lose the skills you have gained. See how many opponents you can beat before giving up seven points in the Survival mode, or try to see how long you can stay in the ring with a fighting cow in the Rodeo mode. Keep your butt off the ground to win at FIGHTERS DESTINY.",https://www.igdb.com/games/fighters-destiny
35,Fighters Destiny 2,Luta,Genki,Nintendo 64,15/02/2001,6,1999,-,,10683,Fighter Destiny 2,https://images.igdb.com/igdb/image/upload/t_cover_big/co47p0.jpg,Opus,1999,Fighting,,A 3D fighting game exclusive to the Nintendo 64 that uses a unique point-based system to determine who wins.,https://www.igdb.com/games/fighter-destiny-2
36,Star Fox 64,Shmup,Nintendo HAL,Nintendo 64,08/04/2001,3,1997,-,,2591,Star Fox 64,https://images.igdb.com/igdb/image/upload/t_cover_big/cob8pu.jpg,Nintendo Entertainment Analysis & Development,1997,Shooter,85.50916080720347,"The update to the 16-bit Super NES title continues the original's on-rails 3D shooting action on the Nintendo 64. Starring Fox McCloud, Peppy Hare, Falco Lombardi, and Slippy Toad, this new 64-bit version contains 15 plus levels, easy, medium, and difficult paths, forward-scrolling levels as well as full 3D realms, and a three-part multiplayer mode using a four-player split screen. In addition to plenty of Arwing action, the game introduces a new hover tank and even features a submarine level. The 8-megabyte cartridge also boasts voice samples from 23 different characters instead of the original's animal noises. Star Fox 64 was the first game to feature Rumble Pak support. A Rumble Pak bundle and standalone version of the game were sold. Released in Europe under the name Lylat Wars.",https://www.igdb.com/games/star-fox-64
37,Super Smash Bros. Melee,Luta,Nintendo HAL,Nintendo GameCube,18/04/2001,10,2001,-,,1627,Super Smash Bros. Melee,https://images.igdb.com/igdb/image/upload/t_cover_big/co21yv.jpg,HAL Laboratory,2001,"Fighting, Platform",88.74004161273766,"A crossover platform fighting game featuring characters from Nintendo franchises including Mario, The Legend of Zelda, Star Fox, Pokémon, and Fire Emblem. Unlike traditional fighters, the goal is to knock opponents off the stage rather than deplete a health bar. Damage accumulates as a percentage, increasing the distance a character is launched when hit. Players use simple one-button inputs combined with joystick directions to execute moves. The game supports up to four players simultaneously and includes various single-player modes alongside its multiplayer focus. Its fast-paced, aggressive gameplay fostered a long-running competitive esports scene that persisted well beyond the game's original lifespan.",https://www.igdb.com/games/super-smash-bros-melee
38,New Super Mario Bros. Wii,Plataforma,Nintendo HAL,Nintendo Wii,20/03/2001,9,2009,-,,2178,New Super Mario Bros. Wii,https://images.igdb.com/igdb/image/upload/t_cover_big/co21tj.jpg,Nintendo Entertainment Analysis & Development,2009,"Platform, Adventure",81.76520131661171,"New Super Mario Bros. Wii is a side-scrolling 2.5D Mario platformer for the Wii and the tenth game in the Super Mario series. In addition to the single-player experience, New Super Mario Bros. Wii also features a multiplayer mode for up to four players. This is the first Super Mario game to feature co-op and vs. modes at the same time since Mario Bros. It features more items, new levels, and more enemies than the DS predecessor. The game introduces two new power-ups, the Propeller Mushroom and the Penguin Suit, which turn characters into their propeller and penguin forms, respectively.",https://www.igdb.com/games/new-super-mario-bros-wii
39,Super Smash Bros. Brawl,Luta,Nintendo HAL,Nintendo Wii,17/04/2001,11.5,2008,-,,1628,Super Smash Bros. Brawl,https://images.igdb.com/igdb/image/upload/t_cover_big/co221w.jpg,Sora,2008,"Fighting, Platform",81.82630290956638,"Super Smash Bros. Brawl is the third installment in the Super Smash Bros. series and the follow-up to Super Smash Bros. Melee. This edition introduces super attacks referred to as final smashes, as well as a brand-new adventure mode in The Subspace Emissary which is a side-scrolling adventure in the style of a platformer. It retains all basic mechanics of the Super Smash Bros. series, such as a damage meter, stocks, and Smash-style attacks.",https://www.igdb.com/games/super-smash-bros-brawl
40,Spin Master,Plataforma,Data East,Arcade,07/04/2001,1,1993,-,,39959,Spin Master,,,,,,,https://www.igdb.com/games/spin-master
41,Metal Slug 5,Run and Gun,SNK Games,Arcade,11/03/2001,1,2003,-,,1410,Metal Slug 5,https://images.igdb.com/igdb/image/upload/t_cover_big/co25th.jpg,Noise Factory,2003,"Shooter, Platform, Adventure",80.15435340905698,"A special disc that contains deep and intricate secrets about the Metal Slug project is stolen by a mysterious group called the Ptolemaic Army, whose specialty lies from within archaeological excavation and espionage. Marco and Tarma of the Peregrine Falcon Strike Force follow in hot pursuit against the group and in the process are joined by Eri and Fio of SPARROWS. Together once more, the quartet investigate the shrouded objective of the Ptolemaic Army.",https://www.igdb.com/games/metal-slug-5
42,Metal Slug X,Run and Gun,SNK Games,Arcade,12/03/2001,1,1999,-,,18840,Metal Slug X,https://images.igdb.com/igdb/image/upload/t_cover_big/co8ish.jpg,SNK,1999,"Shooter, Platform, Adventure, Arcade",77.92068524183975,"Metal Slug X is upgraded version of Metal Slug 2 (Metal Slug 2: Super Vehicle-001/I), which was released in March 1999 for the Neo Geo MVS. It fixed slowdown problems from the original game, and increased the difficulty. Metal Slug X also introduced some new elements to the game system.",https://www.igdb.com/games/metal-slug-x
43,Blue's Journey,Plataforma,SNK Games,Arcade,13/01/2001,1,1991,-,,39653,Blue's Journey,https://images.igdb.com/igdb/image/upload/t_cover_big/co22yj.jpg,Alpha Denshi,1991,"Platform, Arcade",69.7509227212503,"The planet Raguy was once a beautiful place, until the evil Daruma tribe invaded, bringing pollution that corrupted the land. You, as Blue, are a specialist of the Leaf Dump, and you love Princess Fa of the Raguy family. Unfortunately, Princess Fa has fallen sick from the pollution. It's your job to save your princess in Blue's Journey, a 2D side-scrolling platformer with RPG elements. Go through stages jumping on platforms and avoiding traps, while dealing with a multitude of bad guys, with a special bad guy boss at the end of every level to defeat with special means. To help with this, Blue can use a leaf attack and shrink. The leaf attack, only used when Blue is full sized, lets Blue slam a leaf that stuns any enemies he hits. Blue can also pick up power-ups for a more devastating leaf attack, or change his attack entirely. When the enemies are stunned, Blue can pick them up and throw them across the screen to dispose of more baddies. Shrunken down Blue can't use his attacking power, but he can fit into small crevasses and crannies not normally accessible. Of course, Blue can also dispatch enemies by jumping on them. Since Raguy's economy is flower based, Blue can collect flowers to buy things at special huts. But Blue must take care not to fall into traps or bottomless pits, which cause instant death. Being hit by bad guys or their shots is just as bad. Blue starts the game with two hearts, losing one when he gets whacked by a bad guy. When his heart count goes to zero, Blue dies. Play the game alone (as Blue), or with your friend (as a green Blue) for two-player simultaneous fun.",https://www.igdb.com/games/blues-journey
44,The King of Fighters 2000,Luta,SNK Games,Arcade,25/04/2001,0.5,2000,-,,15431,The King of Fighters 2000,https://images.igdb.com/igdb/image/upload/t_cover_big/co9elj.jpg,SNK,2000,"Fighting, Arcade",77.78175673118605,"The final King of Fighters game released by SNK in its original state, The King of Fighters 2000 expands on the story and gameplay presented in The King of Fighters '99. This year's tournament is sponsored by the Ikari Warriors in an attempt to discover more about the NESTS organization, and to derail the plans of potential NESTS agents K' and Maxima. Not everything is as straight-forward as it usually is, however, and even the Ikari Warriors themselves are at risk of being betrayed from within by the end of the tournament. The King of Fighters 2000 features an improved Striker call system with the Active Striker System, which allows the player to call his Striker character in any situation, whether he is attacking or being attacked by the opponent, allowing him to use their strikers in combos. Moreover, in addition to the numerous nostalgic SNK characters returning as Another and Maniac Strikers, KOF 2000 welcomes newcomers such as Ramon, Vanessa, Seth, Lin, Hinako Shijo, and Kula Diamond.",https://www.igdb.com/games/the-king-of-fighters-2000
45,Waku Waku 7,Luta,Sunsoft,Arcade,04/11/2025,0.5,1996,Hardcore,,27593,Waku Waku 7,https://images.igdb.com/igdb/image/upload/t_cover_big/co3rki.jpg,SUNSOFT,1996,"Fighting, Arcade",69.95921234415326,Waku Waku 7 is a SNK fighting game originally released for the Neo Geo MVS arcade system.,https://www.igdb.com/games/waku-waku-7
46,Crash Bandicoot,Plataforma,Naughty Dog,PlayStation,25/01/2001,6,1996,-,,1185,Crash Bandicoot,https://images.igdb.com/igdb/image/upload/t_cover_big/co555l.jpg,Naughty Dog,1996,Platform,80.4830051891159,"Crash Bandicoot is the first installment in the Crash Bandicoot series that established Naughty Dog's reputation in the video game industry. Its premises chronicle the creation of the titular Crash, a bandicoot who has been uplifted by the mad scientist Doctor Neo Cortex. The goal of Crash Bandicoot is to traverse several levels in sequence in order to progress. The game is played from a third-person perspective in which the camera trails behind Crash, though some levels showcase forward-scrolling and side-scrolling perspectives. Crash is able to defeat enemies by either jumping on them or using a spinning attack that launches them.",https://www.igdb.com/games/crash-bandicoot
47,Crash Bandicoot 2: Cortex Strikes Back,Plataforma,Naughty Dog,PlayStation,26/01/2001,6,1997,-,,1186,Crash Bandicoot 2: Cortex Strikes Back,https://images.igdb.com/igdb/image/upload/t_cover_big/co82vt.jpg,Naughty Dog,1997,"Platform, Adventure",83.20883618159871,"Crash Bandicoot 2: Cortex Strikes Back is the second game in the Crash Bandicoot series, and the sequel to the original game. The gameplay is largely similar to that of the original, as players make their way through a limited environment whilst breaking crates that contains bonuses. The goal of the game is to gather 25 crystals for Crash's nemesis, Doctor Neo Cortex. The crystals are scattered between 25 different levels accessible via Warp Rooms, which are hub areas of the game. A level is cleared by collecting its respective crystal and reaching the end of its path, which returns Crash to the Warp Room.",https://www.igdb.com/games/crash-bandicoot-2-cortex-strikes-back
48,Crash Bandicoot 3: Warped,Plataforma,Naughty Dog,PlayStation,03/08/2024,3.5,1998,Softcore,,1187,Crash Bandicoot: Warped,https://images.igdb.com/igdb/image/upload/t_cover_big/co873w.jpg,Naughty Dog,1998,"Platform, Adventure",83.57938107309545,"Crash Bandicoot: Warped is the third game in the Crash Bandicoot series and the first to feature Coco as a playable character. The player takes control of Crash and Coco Bandicoot, who must travel back and forward in time and gather 25 crystals before Uka Uka and Doctor Neo Cortex can do so. Much of the game takes place in the Time Twister which acts as the hub area of the game. The Time-Twister is split up into five chambers, each chamber has five buttons that open portals to different levels. The goal in each level is to find and obtain the crystal hidden in the level. Crash Bandicoot: Warped was lauded by critics in many areas, and the game has been considered one of the best video games of all time.",https://www.igdb.com/games/crash-bandicoot-warped
49,Einhander,Shmup,Square Enix,PlayStation,12/08/2023,3,1997,Softcore,,,,,,,,,,
50,Gran Turismo,Corrida,Polyphony Digital,PlayStation,26/09/2025,10.33,1997,Hardcore,,1594,Gran Turismo,https://images.igdb.com/igdb/image/upload/t_cover_big/co6e10.jpg,Polyphony Digital,1997,"Racing, Simulator",81.99959962067783,"Gran Turismo is a racing game designed by Kazunori Yamauchi and is the first entry in the critically acclaimed simulator racing series bearing the same name. After five years of development time, it was well-received publicly and critically, shipping a total of 10.85 million copies worldwide as of March 2013, making it the best-selling PlayStation game. The game uses two different modes: Arcade Mode and Gran Turismo Mode. In the arcade mode, the player can freely choose the courses and vehicles they wish to use. Winning races unlocks additional cars and courses. However, Gran Turismo Mode requires the player to earn different levels of driver's licenses in order to qualify for events, and earn credits, trophies and prize cars by winning race championships. Gran Turismo features 140 cars and 11 race tracks (as well as their reversed versions).",https://www.igdb.com/games/gran-turismo
51,Gran Turismo 2,Corrida,Polyphony Digital,PlayStation,19/10/2025,48.66,1999,Hardcore,,1597,Gran Turismo 2,https://images.igdb.com/igdb/image/upload/t_cover_big/co20af.jpg,Polyphony Digital,1999,"Racing, Simulator",81.76827158969401,"Gran Turismo 2 is a racing game for the Sony PlayStation and the sequel to Gran Turismo. The game uses two different modes: Arcade Mode and Gran Turismo Mode. In the arcade mode, the player can freely choose vehicles they wish to use, and can enable damage. However, the Gran Turismo Mode requires the player to earn driver's licenses, pay for vehicles, and earn trophies in order to unlock new courses. Gran Turismo 2 features nearly 650 automobiles and 27 racing tracks, including rally tracks. Compared with Gran Turismo, the gameplay, physics and graphics are very similar. The major changes are the vastly expanded number of cars, tracks and races in simulation mode. Other differences include that the player can race events separately, if they don't want to enter the whole tournament. The player is no longer able to ""qualify"" for each race entered.",https://www.igdb.com/games/gran-turismo-2
52,Tekken 2,Luta,Namco Bandai,PlayStation,20/04/2001,12,1995,-,,305775,Tekken 2,https://images.igdb.com/igdb/image/upload/t_cover_big/co8ckt.jpg,Namco,1996,Fighting,79.5085224959436,"The console version of Tekken 2, which adds more content to the original arcade game, such as new characters and additional game modes.",https://www.igdb.com/games/tekken-2--4
53,Tekken 3,Luta,Namco Bandai,PlayStation,10/12/2024,20,1997,Hardcore,,306134,Tekken 3,https://images.igdb.com/igdb/image/upload/t_cover_big/co8d7r.jpg,Namco,1998,"Fighting, Hack and slash/Beat 'em up, Arcade",75.47385815356206,"The console version of Tekken 3, which adds more content to the original arcade game, such as new characters and additional game modes. With hidden features, faster gameplay, and new characters, the PlayStation version of Tekken 3 seeks to give you the fight of your life.",https://www.igdb.com/games/tekken-3--1
54,Street Fighter Alpha 3,Luta,Capcom,PlayStation,09/04/2001,1.5,1998,-,,242651,Street Fighter Alpha 3,https://images.igdb.com/igdb/image/upload/t_cover_big/co6aku.jpg,Capcom Production Studio 1,1998,"Fighting, Arcade",82.86554146499505,"The PlayStation port of Street Fighter Alpha 3 has added new characters to the roster, including Juli, Juni, Balrog, Dee Jay, Fei Long and T. Hawk. They come with new portraits and their own scenarios. Guile, Evil Ryu and Shin Akuma have also been added as secret characters that can be unlocked through World Tour mode, a mode that allows players to strengthen and customize the fighting style of their chosen character while traveling the world.",https://www.igdb.com/games/street-fighter-alpha-3--2
55,Pocket Fighter,Luta,Capcom,PlayStation,25/09/2025,0.3,1997,Hardcore,,23094,Pocket Fighter,https://images.igdb.com/igdb/image/upload/t_cover_big/co6dfb.jpg,Capcom,1998,Fighting,85.42390207449535,"Pocket Fighter is a port of Super Gem Fighter Mini Mix. This version of the game add-in additional modes like Character Edit and Running Battle Mode. As can be expected due to the PlayStation's memory capacity, some of the Arcade release's graphics were removed, such as certain scenes and in-game effects.",https://www.igdb.com/games/pocket-fighter
56,Bushido Blade 2,Luta,Square Enix,PlayStation,17/01/2001,1,1998,-,,1419,Bushido Blade 2,https://images.igdb.com/igdb/image/upload/t_cover_big/co4z6f.jpg,Light Weight,1998,Fighting,78.22236114503045,"The sequel to the most original and realistic fighting game - bigger, better and more brutal than ever. No life bars, no time limits, no mercy. And a single blow can still make the difference between life and death. 12 new warriors for a total of 20. New weapons, subweapons, stances and moves. 6 fighting modes, plus first-person view option. Each character follows their own story path, with unique encounters and endings. Two-handed swordplay, throwing weapons, mud-slinging and more. Unique body damage system allows you to incapacitate or kill with one well-placed strike. Run, dodge and slash through huge 3D settings.",https://www.igdb.com/games/bushido-blade-2
57,Final Fantasy VII,RPG,Square Enix,PlayStation,17/02/2001,48,1997,-,,427,Final Fantasy VII,https://images.igdb.com/igdb/image/upload/t_cover_big/co2kx2.jpg,Square Product Development Division 1,1997,"Role-playing (RPG), Adventure",90.6648675637598,"The Western release of Final Fantasy VII (released as Final Fantasy VII International in Japan) included additional elements and alterations, such as streamlining of the menu and Materia system, reducing the health of enemies, new visual cues to help with navigation across the world map, and additional cutscenes relating to Cloud's past.",https://www.igdb.com/games/final-fantasy-vii
58,Dino Crisis 2,Survival Horror,Capcom,PlayStation,03/02/2001,8,2000,-,,4132,Dino Crisis 2,https://images.igdb.com/igdb/image/upload/t_cover_big/co8qbu.jpg,Capcom Production Studio 4,2000,"Shooter, Adventure",82.26018353514384,"Dino Crisis 2 is a third-person action-adventure game and sequel to Dino Crisis. In a change from the survival horror theme of the first game, Dino Crisis 2 is more shoot 'em up oriented. The character always runs, removing the need for the run button from the first game; players can carry a second gun, and more weapons were added. Besides gameplay changes, the game also introduces new species of dinosaurs and lizards.",https://www.igdb.com/games/dino-crisis-2
59,Harry Potter and the Philosopher's Stone,Aventura,EA Games,PlayStation,25/02/2001,6,2001,-,,,,,,,,,,
60,Tekken 4,Luta,Namco Bandai,PlayStation 2,13/10/2025,3.79,2001,Hardcore,,393182,Tekken 4,https://images.igdb.com/igdb/image/upload/t_cover_big/cobo9t.jpg,Namco,2002,"Fighting, Hack and slash/Beat 'em up",73.18015318015318,"The PlayStation 2 release of Tekken 4 included several modes not seen in the Arcade release, such as Tekken Force (A beat 'em up mode), Story, and Practice.",https://www.igdb.com/games/tekken-4--1
61,Tekken 5,Luta,Namco Bandai,PlayStation 2,21/04/2001,2,2005,-,,1246,Tekken 5,https://images.igdb.com/igdb/image/upload/t_cover_big/coce47.jpg,Namco,2005,"Fighting, Hack and slash/Beat 'em up",81.30933394536311,The home version of Tekken 5 came with new character customization options and a beat 'em up mode called Devil Within.,https://www.igdb.com/games/tekken-5
62,Batman: Arkham City,Aventura,Rocksteady,PlayStation 3,10/01/2001,13.5,2009,-,,501,Batman: Arkham City,https://images.igdb.com/igdb/image/upload/t_cover_big/co1voh.jpg,Rocksteady Studios,2011,"Hack and slash/Beat 'em up, Adventure",87.59227611931328,"Batman: Arkham City builds upon the intense, atmospheric foundation of Batman: Arkham Asylum, sending players soaring into Arkham City, the new maximum security ""home"" for all of Gotham City's thugs, gangsters and insane criminal masterminds. Set inside the heavily fortified walls of a sprawling district in the heart of Gotham City, this highly anticipated sequel introduces a brand-new story that draws together a new all-star cast of classic characters and murderous villains from the Batman universe, as well as a vast range of new and enhanced gameplay features to deliver the ultimate experience as the Dark Knight.",https://www.igdb.com/games/batman-arkham-city
63,Batman: Arkham Origins,Aventura,Rocksteady,PlayStation 3,11/01/2001,12.5,2013,-,,2003,Batman: Arkham Origins,https://images.igdb.com/igdb/image/upload/t_cover_big/co1nmd.jpg,WB Games Montréal,2013,"Hack and slash/Beat 'em up, Adventure",75.37989285380591,Batman: Arkham Origins features an expanded Gotham City and introduces an original prequel storyline occurring several years before the events of Batman: Arkham Asylum and Batman: Arkham City.,https://www.igdb.com/games/batman-arkham-origins
64,Grand Theft Auto IV,Ação,Rockstar Games,PlayStation 3,22/02/2001,28,2008,-,,731,Grand Theft Auto IV,https://images.igdb.com/igdb/image/upload/t_cover_big/co2lbv.jpg,Rockstar North,2008,"Shooter, Racing, Adventure",83.48790153739452,"Grand Theft Auto IV is an action-adventure video game developed by Rockstar North and published by Rockstar Games. It is the eleventh title in the Grand Theft Auto series, and the first main entry since 2004's Grand Theft Auto: San Andreas. The game is played from a third-person perspective and its world is navigated on-foot or by vehicle. Throughout the single-player mode, players play as Niko Bellic. An online multiplayer mode is included with the game, allowing up to 32 players to engage in both co-operative and competitive gameplay in a recreation of the single-player setting. Two expansion packs were later released for the game, The Lost and Damned and The Ballad of Gay Tony, which both feature new plots that are interconnected with the main Grand Theft Auto IV storyline, and follow new protagonists.",https://www.igdb.com/games/grand-theft-auto-iv
65,The Darkness II,Tiro em Primeira Pessoa,Digital Extremes,Xbox 360,24/04/2001,6,2012,-,,544,The Darkness II,https://images.igdb.com/igdb/image/upload/t_cover_big/co1mxv.jpg,Digital Extremes,2012,Shooter,76.95245659980361,"The Darkness II is an intense first person shooter that delivers a twisted and gripping narrative of tragedy, modern crime drama, and supernatural horror. Players will be taken down the brutal and personal path of Jackie Estacado, head of a New York crime family and wielder of an ancient and ruthless force of chaos and destruction known as The Darkness.",https://www.igdb.com/games/the-darkness-ii
66,Resident Evil 4,Survival Horror,Capcom,PC,17/04/2020,16,2005,-,,145191,Resident Evil 4,https://images.igdb.com/igdb/image/upload/t_cover_big/co2wki.jpg,Capcom Production Studio 4,2005,"Shooter, Adventure",87.57546544058535,"A port of Resident Evil 4 for the PlayStation 2. Almost all of the GameCube's real-time cut scenes were converted into movie files to maintain higher quality. Furthermore, the quality of voices and sound effects outside the cut-scenes had been reduced due to the rapid consumption of disc space and audio RAM constraints. Capcom added new content specifically for this port to compensate for the late release, including minigames, documentaries, and costumes.",https://www.igdb.com/games/resident-evil-4--2
67,Resident Evil 5,Survival Horror,Capcom,PC,10/04/2023,12,2009,-,,847,Resident Evil 5,https://images.igdb.com/igdb/image/upload/t_cover_big/cobtgs.jpg,Capcom,2009,"Shooter, Adventure",73.55659894116806,"Resident Evil 5 is the seventh video game in the Resident Evil series. It features similar gameplay to Resident Evil 4 utilizing the same over the shoulder view, but this time the environment plays a significant role. The player is now dependent on his partner more than in older games. When the partner's health bar drop down to 0, he will enter the dying stage where the health bar will flash red and gradually lower as he stays like this. Resident Evil 5 also features new types of enemies called Majini and mostly are of African descent.",https://www.igdb.com/games/resident-evil-5
68,Resident Evil 6,Survival Horror,Capcom,PC,10/04/2020,22,2012,-,,1082,Resident Evil 6,https://images.igdb.com/igdb/image/upload/t_cover_big/cobgod.jpg,Capcom,2012,"Shooter, Adventure",64.8081413274241,"Resident Evil 6 is the ninth video game installment in the Resident Evil series. It continues the struggle against zombies infected by the new highly virulent C-virus. The game uses the same over-the-shoulder view as Resident Evil 4 and Resident Evil 5, however with a new gameplay mechanic that allows players to slowly move while shoot. Players can select between three scenarios featuring multiple characters and intertwined storylines, and within these scenarios both stories and action cross paths. At key moments during the game, up to four players can join together online to tackle a specific situation, with some stages seeing the usual partnerships swapped to further increase the depth of gameplay.",https://www.igdb.com/games/resident-evil-6
69,Resident Evil Revelations,Survival Horror,Capcom,PC,28/03/2001,10,2012,-,,978,Resident Evil: Revelations,https://images.igdb.com/igdb/image/upload/t_cover_big/co54dy.jpg,Capcom,2012,"Shooter, Adventure",73.94455713606814,"Resident Evil: Revelations is a survival horror game that restores elements of the series' nature, as opposed to the survival action of Resident Evil 5. The game features a single-player mode where the player must complete a series of episodes that involve solving puzzles and defeating enemies, and a multiplayer mode where players may fight their way through altered single-player scenarios.",https://www.igdb.com/games/resident-evil-revelations
70,Resident Evil: Operation Raccoon City,Survival Horror,Slant Six Games/ Capcom,PC,20/09/2011,6,2012,-,,977,Resident Evil: Operation Raccoon City,https://images.igdb.com/igdb/image/upload/t_cover_big/co20d0.jpg,Slant Six Games,2012,"Shooter, Adventure",50.89437899678057,"Resident Evil: Operation Raccoon City is a third-person shooter and is a spin-off of the long-running Resident Evil series. Unlike the main games in the series, it is less of a survival horror game and more of an action-packed shooter. The game includes twelve playable characters, however the players can choose only four characters for the online modes. Each team member has their own special role and abilities.",https://www.igdb.com/games/resident-evil-operation-raccoon-city
71,Tomb Raider (2013),Aventura,Square Enix,PC,28/04/2001,11.5,2013,-,,912,Tomb Raider,https://images.igdb.com/igdb/image/upload/t_cover_big/co3hfx.jpg,Core Design,1996,"Shooter, Platform, Puzzle, Adventure",80.75923581623312,"Tomb Raider is a 3D action game developed by Core Design and published by Eidos Interactive. The game follows the exploits of Lara Croft, a British female archaeologist in search of ancient treasures. The objective of Tomb Raider is to guide Lara through a series of tombs and other locations in search of treasures and artifacts. On the way, she must kill dangerous animals and other creatures, while collecting objects and solving puzzles to gain access to an ultimate prize, usually a powerful artifact. The game was critically acclaimed and widely influential, it spawned a number of sequels and a franchise of related media.",https://www.igdb.com/games/tomb-raider
72,Tomb Raider: Legend,Aventura,Eidos Interactive,PC,29/04/2001,7,2006,-,,1161,Tomb Raider: Legend,https://images.igdb.com/igdb/image/upload/t_cover_big/co1nnv.jpg,Crystal Dynamics,2006,"Shooter, Platform, Adventure",74.71847643013544,"Tomb Raider: Legend is the seventh major game in the Tomb Raider series, now for the first time developed by Crystal Dynamics, along with the original character designer of the game's protagonist, Lara Croft. It serves as a reboot of the franchise, with a new incarnation of Lara Croft. The typical third-person action-adventure exploring is still present, and Lara can move more freely because specific jumps no longer limit her. As players travel through rough environments, they will need to run, dive, swim, climb on poles, ladders, and roofs, use zip lines, shimmy, and vault, with acrobatic actions such as somersaults and flips. Players need to cross difficult terrain, solve puzzles to advance or open up new areas, and engage in combat.",https://www.igdb.com/games/tomb-raider-legend
73,Mega Man X8,Ação,Capcom,PC,06/03/2001,5,2004,-,,1748,Mega Man X8,https://images.igdb.com/igdb/image/upload/t_cover_big/co3qwt.jpg,Capcom Production Studio 1,2004,"Shooter, Platform",74.30850245008843,"Mega Man X 8 adds more depth and variety to this classic gaming series. With Earth in ruins after Sigma's invasion, humanity builds a new kind of reploid to colonize the moon. Sigma has corrupted their DNA and made them turn on humans. You and your teammates head to the moon for outer-space adventure of epic proportions!",https://www.igdb.com/games/mega-man-x8
74,Street Fighter IV,Luta,Capcom,PC,11/04/2001,2.5,2008,-,,884,Street Fighter IV,https://images.igdb.com/igdb/image/upload/t_cover_big/co1w4t.jpg,Dimps,2008,Fighting,79.07302846002725,"Street Fighter IV brings the legendary fighting series back to its roots by taking the beloved fighting moves and techniques of the original Street Fighter II, and infusing them with Capcom’s latest advancements in next generation technology to create a truly extraordinary experience that will re-introduce the world to the time-honored art of virtual martial arts. Newcomers: - Abel - C.Viper - Rufus - El Fuerte - Gouken",https://www.igdb.com/games/street-fighter-iv
75,Street Fighter X Tekken,Luta,Capcom,PC,12/04/2001,2,2012,-,,1065,Street Fighter X Tekken,https://images.igdb.com/igdb/image/upload/t_cover_big/co1w4i.jpg,Dimps,2012,"Fighting, Arcade",74.24860015108148,The long awaited dream match-up between the two titans of fighting is here!,https://www.igdb.com/games/street-fighter-x-tekken
76,Driver: San Francisco,Corrida,Ubisoft,PC,13/02/2001,12,2011,-,,554,Driver: San Francisco,https://images.igdb.com/igdb/image/upload/t_cover_big/co2gdt.jpg,Ubisoft Reflections,2011,Racing,74.97054035575596,"The game takes place a few months after the events of Driv3r. It is revealed that both Tanner and Jericho survived the shootout in Istanbul. In the game's trailer, it is revealed that since then, both men have recovered and Jericho has escaped to San Francisco, while Tanner has pursued him there. Jericho is shown being transported in the back of a prison truck, but manages to escape with a vial of acid hidden within his mouth. He overpowers the guards, and hijacks the truck. Tanner and Tobias witness this from Tanner's car, pursuing Jericho as he causes havoc on the streets of the city. Tanner ends up in front of Jericho in an alleyway, and gets pushed in front of a tractor trailer. A hard crash occurs, putting him into a coma. The game will take place in Tanner's coma dream",https://www.igdb.com/games/driver-san-francisco
77,Wanted: Weapons of Fate,Tiro em Terceira Pessoa,Warner Bros. Interactive,PC,02/05/2001,5,2009,-,,7240,Wanted: Weapons of Fate,https://images.igdb.com/igdb/image/upload/t_cover_big/co5x8d.jpg,GRIN,2009,Shooter,58.07597836939082,"Wanted: Weapons of Fate is a video game developed by Grin and published by Warner Bros. Interactive and distributed by Universal Studios based on the film of the same name. It was released for Microsoft Windows, PlayStation 3 and Xbox 360",https://www.igdb.com/games/wanted-weapons-of-fate
78,Ninja Blade,Hack and Slash,Team Ninja,PC,21/03/2001,8.5,2009,-,,7121,Ninja Blade,https://images.igdb.com/igdb/image/upload/t_cover_big/coc18s.jpg,FromSoftware,2009,Hack and slash/Beat 'em up,69.7198338349522,"It was July 7th, 2011. While investigating reports of unlawful weapons trafficking, peacekeeping forces encountered an unclassified carnivorous species occupying a small village in Northern Africa. These rabid creatures were easily provoked and resistant to conventional attack.",https://www.igdb.com/games/ninja-blade
79,Tom Clancy's Splinter Cell: Conviction,Tiro em Terceira Pessoa,Ubisoft,PC,27/04/2001,7.5,2010,-,,562,Tom Clancy's Splinter Cell: Conviction,https://images.igdb.com/igdb/image/upload/t_cover_big/co1ypl.jpg,Ubisoft Montreal,2010,"Shooter, Tactical",76.56278653522472,Experience an unparalleled level of action as you navigate the world of Sam Fisher. Go online or split screen in four co-op modes. Play the prologue to the single player storyline in co-op.,https://www.igdb.com/games/tom-clancy-s-splinter-cell-conviction
80,Assassin's Creed,Ação,Ubisoft,PC,05/09/2011,15,2007,-,,133004,Assassin's Creed Valhalla,https://images.igdb.com/igdb/image/upload/t_cover_big/co2ed3.jpg,Ubisoft Montreal,2020,"Role-playing (RPG), Adventure",74.19179324387764,"In Assassin's Creed Valhalla, become Eivor, a legendary Viking raider on a quest for glory. Explore a dynamic and beautiful open world set against the brutal backdrop of England’s Dark Ages. Raid your enemies, grow your settlement, and build your political power in the quest to earn a place among the gods in Valhalla.",https://www.igdb.com/games/assassins-creed-valhalla
81,Assassin's Creed II,Ação,Ubisoft,PC,01/02/2015,19,2009,-,,127,Assassin's Creed II,https://images.igdb.com/igdb/image/upload/t_cover_big/co1rcf.jpg,Ubisoft Montreal,2009,"Platform, Adventure",86.71525696242713,"Discover an intriguing and epic story of power, revenge and conspiracy set during a pivotal moment in history: the Italian Renaissance. Experience the freedom and immersion of an all new open world and mission structure with settings such as the rooftops and canals of beautiful Venice. Your options in combat, assassination and escape are vast, with many new weapons, settings and gameplay elements.",https://www.igdb.com/games/assassin-s-creed-ii
82,Assassin's Creed: Brotherhood,Ação,Ubisoft,PC,06/01/2001,15,2010,-,,113,Assassin's Creed Brotherhood,https://images.igdb.com/igdb/image/upload/t_cover_big/cocdky.jpg,Ubisoft Montreal,2010,"Puzzle, Adventure",82.82651157044364,"Assassin's Creed Brotherhood is an action-adventure game set in Rome, where Master Assassin Ezio Auditore takes on the Templar Order. Players recruit and command a Brotherhood of Assassins to dismantle the corrupt powers entrenched in the city. The game combines stealth, combat, and leadership as Ezio rallies allies to fight alongside him. The game also introduces a multiplayer mode to the series, where players choose from a roster of unique characters with distinct weapons and assassination techniques, competing against each other online.",https://www.igdb.com/games/assassins-creed-brotherhood
83,Assassin's Creed: Revelations,Ação,Ubisoft,PC,07/01/2001,12.5,2011,-,,52417,Assassin's Creed: Revelations - Gold Edition,https://images.igdb.com/igdb/image/upload/t_cover_big/co600c.jpg,Ubisoft Montreal,2011,Adventure,,The Gold Edition contains the main game and also the three available DLC's. So the games within this compilation are: - Assassin's Creed: Revelations - Assassin's Creed: Revelations - The Ancestors Character Pack - Assassin's Creed: Revelations - Mediterranean Traveler Map Pack - Assassin's Creed: Revelations - The Lost Archive,https://www.igdb.com/games/assassins-creed-revelations-gold-edition
84,Need For Speed: Most Wanted (2005),Corrida,EA Games,PC,19/03/2001,20.5,2005,-,,98,Need for Speed: Most Wanted,https://images.igdb.com/igdb/image/upload/t_cover_big/co209j.jpg,EA Black Box,2005,Racing,84.380397601434,"Need for Speed: Most Wanted is a single-player racing video game and the ninth installment in the Need for Speed series, following Underground 2. The game centers on street-racing gameplay, featuring a variety of events and racing circuits set within the fictional city of Rockport.",https://www.igdb.com/games/need-for-speed-most-wanted
85,Need For Speed: Carbon,Corrida,EA Games,PC,18/03/2001,12,2006,-,,99,Need for Speed: Carbon,https://images.igdb.com/igdb/image/upload/t_cover_big/co209k.jpg,EA Black Box,2006,"Racing, Simulator",72.75437254504294,"Need for Speed: Carbon is an arcade-style street racing game set in an open-world city. Players compete in illegal night races across different event types, including circuits, sprints, drifting, and canyon duels on winding mountain roads, while evading police pursuits. Cars are drawn from licensed real-world models across tuner, muscle, and exotic classes, and can be heavily tuned and visually customized. A key feature is the crew system, in which players recruit AI wingmen with specialized roles to assist during races and take over rival-controlled territories.",https://www.igdb.com/games/need-for-speed-carbon
86,Call of Duty 4: Modern Warfare,Tiro em Primeira Pessoa,Infinity Yard/ Activision,PC,14/10/2014,7,2007,-,,623,Call of Duty 4: Modern Warfare,https://images.igdb.com/igdb/image/upload/t_cover_big/co1wko.jpg,Infinity Ward,2007,"Shooter, Simulator",84.32362912742855,"Call of Duty 4: Modern Warfare differs from previous installments of the Call of Duty series. Previous Call of Duty games have a distinct three country-specific campaign style, while Call of Duty 4 has a more film-like plot with interlaced story lines from the perspectives of Sgt. Paul Jackson of the Marines 1st Force Recon and Sgt. 'Soap' MacTavish of the British 22nd SAS Regiment.",https://www.igdb.com/games/call-of-duty-4-modern-warfare
87,Call of Duty: Modern Warfare 2,Tiro em Primeira Pessoa,Infinity Yard/ Activision,PC,21/01/2001,6.5,2009,-,,559,Call of Duty: Modern Warfare 2,https://images.igdb.com/igdb/image/upload/t_cover_big/co3cwt.jpg,Infinity Ward,2009,Shooter,81.57142998138143,"Call of Duty: Modern Warfare 2 is a first-person shooter video game developed by Infinity Ward and published by Activision for the Xbox 360 and PlayStation 3 video game consoles and the Microsoft Windows operating system. Officially announced on February 11, 2009, the game was released worldwide on November 10, 2009. It is the sixth installment of the Call of Duty series and the direct sequel to Call of Duty 4: Modern Warfare, continuing the same storyline, with Call of Duty: Modern Warfare 3 set to end the storyline.",https://www.igdb.com/games/call-of-duty-modern-warfare-2
88,BulletStorm,Tiro em Primeira Pessoa,EA Games,PC,17/08/2013,7.5,2011,-,,494,Bulletstorm,https://images.igdb.com/igdb/image/upload/t_cover_big/co7abq.jpg,People Can Fly,2011,Shooter,78.37693683739985,"Bulletstorm brings new furor to first-person shooter action thanks to its signature 'kill with skill' gameplay. The game tells the story of a futuristic confederation protected by an elite band of mercenaries: Dead Echo. When Dead Echo members Grayson Hunt and Ishi Sato learn they've been working for the wrong side, they're betrayed by their commander and exiled to the far reaches of the galaxy. In Bulletstorm, Grayson and Ishi find themselves surrounded by hordes of mutants and flesh eating gangs in an abandoned paradise. They have two objectives: get off the planet alive, and exact revenge on the man who sent them there. Players step into the role of Grayson Hunt complete with an arsenal of over-the-top combat moves and outrageously large guns. Bulletstorm's array of distinct 'skillshots' produces unprecedented levels of frantic gameplay and yell-inducing satisfaction. The skillshot system rewards players for inciting mayhem in the most creative way possible. The more insane the skillshot, the more points players collects to upgrade their character and unlock weapons, which then allows them to execute even more creative moves and exaggerated skillshots.",https://www.igdb.com/games/bulletstorm
89,Call of Duty: Black Ops,Tiro em Primeira Pessoa,Infinity Yard/ Activision,PC,20/01/2001,7,2010,-,,545,Call of Duty: Black Ops,https://images.igdb.com/igdb/image/upload/t_cover_big/co1wkl.jpg,Treyarch,2010,Shooter,79.26236256512114,"Call of Duty: Black Ops is the seventh main Call of Duty game and the sequel to Call of Duty: World at War. The game differs from most previous installments, which would involve a usual three-country campaign, while Call of Duty: Black Ops features two playable countries (Russia and the USA) but only has an American campaign. Several new features are also introduced, such as dive-to-prone and the available use of a flashlight on certain weapons. Furthermore, the campaign's playable characters now speak while being controlled by the player. Extra game included within: + Zork (Apple II)",https://www.igdb.com/games/call-of-duty-black-ops
90,007: Legends,Tiro em Primeira Pessoa,Eurocom/ Activision,PC,02/01/2001,7,2012,-,,1649,007 Legends,https://images.igdb.com/igdb/image/upload/t_cover_big/co203u.jpg,Eurocom Entertainment Software,2012,Shooter,54.18924656374845,"007 Legends features an original, overarching storyline tying together six classic Bond movies for an original James Bond experience, and equips players with state-of-the-art spy gadgets, an arsenal of weapons and more. In addition to 007 Legends' main story, the game features the return of fan-favorite single-player Mi6 Ops Missions, which debuted in GoldenEye 007: Reloaded and challenges players to complete extra missions ranging from all-out action to stealth and gadget-based gameplay and compete for the highest online leader board scores. Also for the first time ever, players will be able to participate as one of Bond's cohorts or villainous foes, reliving the missions through their eyes, as well as 007's. Meanwhile the robust James Bond multiplayer experience includes local four-player split-screen game modes and online competitive gameplay with new maps, weapons and characters derived from Bond's 50 year legacy. With more gadgets, deeper stealth and spy investigation gameplay, gamers will have every opportunity to truly feel like the world's favorite spy.",https://www.igdb.com/games/007-legends
91,007: Quantum of Solace,Tiro em Primeira Pessoa,Beenox/ Activision,PC,03/01/2001,7,2008,-,,156079,007: Quantum of Solace,https://images.igdb.com/igdb/image/upload/t_cover_big/co3ega.jpg,Vicarious Visions,2008,"Shooter, Adventure",,"In the Nintendo DS version of 007: Quantum of Solace, players control James Bond in a top-down third-person action experience that differs significantly from the console versions. Played with the system held sideways, the game relies heavily on touchscreen controls for movement, aiming, shooting, and interacting with icons. At the same time, the buttons are used mainly to initiate melee combat. It also features a progression system based on collectible casino chips and cards that can be used to enhance Bond’s abilities.",https://www.igdb.com/games/007-quantum-of-solace--3
92,James Bond 007: Blood Stone,Tiro em Primeira Pessoa,Bizarre Creations/ Activision,PC,04/03/2012,7,2010,-,,1648,James Bond 007: Blood Stone,https://images.igdb.com/igdb/image/upload/t_cover_big/co2sn3.jpg,Bizarre Creations,2010,Shooter,70.95685034003908,"James Bond 007: Blood Stone features the likeness and voice talent of Daniel Craig, Joss Stone and Judi Dench and features an epic, original story developed by legendary screenwriter Bruce Feirstein. Players can engage in cover-based firefights, lethal hand-to-hand combat and speed their way through explosive adrenaline-fueled driving sequences as they embark on a global chase leading to action on land and sea through Athens, Istanbul, Monaco and Bangkok. Gamers can also feel what it is like to be a 00 agent, as they take the battle online in several robust 16-person multi-player modes that require skill, teamwork and strategy as players compete in matches that will have spies battling mercenaries.",https://www.igdb.com/games/james-bond-007-blood-stone
93,Disney's G'Force,Tiro em Terceira Pessoa,Disney Interactive,PC,05/02/2001,9,2009,-,,4876,G-Force,https://images.igdb.com/igdb/image/upload/t_cover_big/co1vxj.jpg,Eurocom Entertainment Software,2009,"Platform, Adventure",79.28611565653878,"G-Force draws you into the adventures of an elite team of trained guinea pigs on a mission to thwart a sinister plot to destroy the world. Take control of both G-Force commander Darwin and his sidekick, Mooch, as they apply their talents to defeat an evil army of altered household appliances.",https://www.igdb.com/games/g-force
94,Sonic Generations,Aventura,SEGA,PC,03/04/2001,6,2011,-,,506,Sonic Generations,https://images.igdb.com/igdb/image/upload/t_cover_big/co1zvv.jpg,Sonic Team,2011,"Platform, Adventure",77.02859312288021,Celebrate 20 years of Sonic in an all new adventure that delivers a definitive experience to Sonic fans new and old!,https://www.igdb.com/games/sonic-generations
95,Devil May Cry 4,Hack and Slash,Capcom,PC,01/02/2001,13,2008,-,,112,Devil May Cry 4,https://images.igdb.com/igdb/image/upload/t_cover_big/co1u6n.jpg,Capcom Production Studio 1,2008,"Hack and slash/Beat 'em up, Adventure",79.30734939935506,"Devil May Cry 4 is the second sequel to the original Devil May Cry game. It immerses the player in a gothic supernatural world, where a new protagonist clashes with a familiar hero. As the new leading man, Nero, players will unleash incredible attacks and non-stop combos using a unique new gameplay mechanic, his powerful ""Devil Bringer"" arm. With the advanced graphical capabilities of the PC, high definition visuals and intricate detail come to life as players explore new and exotic locales. Dynamic action and undeniable style combine with explosive fighting options and a gripping story to produce the incomparable experience that only a Devil May Cry game can deliver.",https://www.igdb.com/games/devil-may-cry-4
96,DMC: Devil May Cry,Hack and Slash,Capcom,PC,08/05/2022,12,2013,-,,1254,DmC: Devil May Cry,https://images.igdb.com/igdb/image/upload/t_cover_big/co1u77.jpg,Ninja Theory,2013,"Puzzle, Hack and slash/Beat 'em up, Adventure",75.84681994223791,"DmC: Devil May Cry is the fifth game in the hack-and-slash third-person action series and the first not largely developed by Capcom. This title is a reimagining of the series, with the same protagonist Dante, but set in an alternate universe. The Dante in this game is very different from before, doing away with the trademark white hair and altering the main character as well as the game's tone with a much more Western influence. The gameplay is still largely identical as Dante engages many opponents with a fast fighting style, stringing together combos and hits in quick succession.",https://www.igdb.com/games/dmc-devil-may-cry
97,Batman: Arkham Asylum,Aventura,Rocksteady,PC,09/01/2001,11,2009,-,,500,Batman: Arkham Asylum,https://images.igdb.com/igdb/image/upload/t_cover_big/co1voj.jpg,Rocksteady Studios,2009,"Hack and slash/Beat 'em up, Adventure",85.60759194821343,"Batman: Arkham Asylum is an action-adventure game developed by Rocksteady Studios and published by Warner Bros. Interactive Entertainment. Released in 2009, it follows Batman as he battles the Joker, who seizes control of Arkham Asylum and frees its inmates. The game features stealth, combat, and detective elements, with players using Batman's gadgets and skills to subdue enemies and solve puzzles. Set in a dark, immersive version of Gotham, the story explores Batman’s psychological battle with his foes, including Harley Quinn, Bane, and Scarecrow. The game received critical acclaim for its gameplay, atmosphere, and storytelling, becoming a defining title in superhero video games.",https://www.igdb.com/games/batman-arkham-asylum
98,Braid,Plataforma,Jogo Indie,PC,15/01/2001,5,2008,-,,2853,Braid,https://images.igdb.com/igdb/image/upload/t_cover_big/co25ni.jpg,Number None Inc.,2008,"Platform, Puzzle, Strategy, Adventure, Indie",84.82815444958965,"Braid is a puzzle-platformer, drawn in a painterly style, where you can manipulate the flow of time in strange and unusual ways. From a house in the city, journey to a series of worlds and solve puzzles to rescue an abducted princess. In each world, you have a different power to affect the way time behaves, and it is time's strangeness that creates the puzzles. The time behaviors include: the ability to rewind, objects that are immune to being rewound, time that is tied to space, parallel realities, time dilation, and perhaps more. Braid treats your time and attention as precious; there is no filler in this game. Every puzzle shows you something new and interesting about the game world.",https://www.igdb.com/games/braid
99,Minecraft,Exploração,Mojang,PC,14/03/2001,80,2011,-,,135400,Minecraft,https://images.igdb.com/igdb/image/upload/t_cover_big/co8fu7.jpg,Mojang Studios,2016,"Simulator, Adventure, Arcade",81.45388949982734,"Minecraft focuses on allowing the player to explore, interact with, and modify a dynamically-generated map made of one-cubic-meter-sized blocks. In addition to blocks, the environment features plants, mobs, and items. Some activities in the game include mining for ore, fighting hostile mobs, and crafting new blocks and tools by gathering various resources found in the game. The game's open-ended model allows players to create structures, creations, and artwork on various multiplayer servers or their single-player maps. Other features include redstone circuits for logic computations and remote actions, minecarts and tracks, and a mysterious underworld called the Nether. A designated but completely optional goal of the game is to travel to a dimension called the End, and defeat the ender dragon.",https://www.igdb.com/games/minecraft--1
100,Onimusha 3: Demon Siege,Hack and Slash,Capcom,PC,22/03/2001,12,2005,-,,11758,Onimusha 3: Demon Siege,https://images.igdb.com/igdb/image/upload/t_cover_big/co4qts.jpg,Capcom Production Studio 2,2004,Adventure,82.81276786819126,"Onimusha 3 is the third game of the Onimusha series. The game retains elements from previous games in the franchise including the use of multiple special weapons in order to fight enemies and absorb their energy to enhance the weaponry. This time the player primarily controls both Samanosuke and Jacques in separate scenarios. The two are able to exchange items in order to solve puzzles. The development from this game started after the release of the PlayStation 2 which allowed the team to work on a 3D engine to design 3D backgrounds. In order to appeal to the Western market, the team set this game in Paris and chose French actor Jean Reno to portray Jacques. Onimusha 3 has been generally well received by publications for video games. Most of the writer's praise focused on the improved controls and the use of a 3D engine that allowed better combat and visuals, respectively. The game also generated good sales with over 1.5 million copies sold as of May 2008.",https://www.igdb.com/games/onimusha-3-demon-siege
101,Remember Me,Hack and Slash,Capcom,PC,12/06/2013,10,2013,-,,1827,Remember Me,https://images.igdb.com/igdb/image/upload/t_cover_big/co2h9u.jpg,DON'T NOD,2013,"Platform, Adventure",73.25666848003848,"A visionary 3rd person action adventure, Remember Me puts players into the role of Nilin, a former elite memory hunter with the ability to break into people's minds and steal or even alter their memories. The authorities, fearful of her knowledge and capabilities have arrested Nilin and wiped her memory clean. After her escape from prison, Nilin sets out on a mission to recover her identity, helped by her last and only friend. This search for her past leads to her being hunted by the very people that created this surveillance society.",https://www.igdb.com/games/remember-me
102,Burnout: Paradise,Corrida,EA Games,PC,16/01/2001,13,2008,-,,620,Burnout Paradise,https://images.igdb.com/igdb/image/upload/t_cover_big/co28p7.jpg,Criterion Games,2008,Racing,81.37130769132007,"Burnout Paradise is an arcade racing game set in an open world called Paradise City, a departure from the fixed tracks of earlier Burnout games. Players roam the city freely and start events by pulling up to intersections, choosing their own routes to each finish line rather than following set courses. The series' emphasis on high speed and spectacular crashes returns through features such as the Showtime mode, which lets players trigger a crash sequence anywhere at any time. Completing events raises the player's driver rank and unlocks new cars, and an online system supports additional cooperative and competitive modes. It was the first Burnout game released on Windows and later received a remastered version bundling its downloadable content.",https://www.igdb.com/games/burnout-paradise
103,Harry Potter and the Deathly Hallow Pt.1,Aventura,EA Games,PC,23/02/2001,5,2010,-,,,,,,,,,,
104,Harry Potter and the Half-Blood Prince,Aventura,EA Games,PC,24/02/2001,6,2009,-,,4906,Harry Potter and the Half-Blood Prince,https://images.igdb.com/igdb/image/upload/t_cover_big/co20du.jpg,EA Bright Light,2009,Adventure,67.82821351205007,"Harry Potter and the Half-Blood Prince features the exploration of Hogwarts and casting spells on objects around the school, similar to its predecessor. The game also includes multiplayer games, classes, different times of day, Quidditch, Wizard Duels and Potion making. The Marauder's Map is included in the game, with progress opening other parts of the school. Harry can also call Nearly Headless Nick to show him around the school. Harry is the main playable character in the game, but Ron and Ginny are also available in two levels.",https://www.igdb.com/games/harry-potter-and-the-half-blood-prince
105,Spec Ops: The Line,Tiro em Terceira Pessoa,2K Games,PC,06/04/2001,7,2012,-,,1377,Spec Ops: The Line,https://images.igdb.com/igdb/image/upload/t_cover_big/co2acb.jpg,Yager Development,2012,"Shooter, Adventure",82.05731948176535,"A third-person shooter in which three American soldiers led by Capt. Walker are sent to Dubai in order to recover whoever remains of an infantry unit, the 33rd Battalion, until they decide to take action against the militants situated in the city. As they progress, however, the logistical and ethical complexity of their objective deepens, and their perception of themselves, and their enemy, is put into question.",https://www.igdb.com/games/spec-ops-the-line
106,Mirror's Edge,Tiro em Primeira Pessoa,EA Games,PC,15/03/2001,6,2008,-,,1051,Mirror's Edge,https://images.igdb.com/igdb/image/upload/t_cover_big/co5gbw.jpg,EA Digital Illusions CE,2008,"Platform, Puzzle, Adventure",77.09130086807428,"Mirror's Edge is a first-person action-adventure game focused on parkour and free-running. Set in a heavily surveilled city, players control Faith, a courier who traverses rooftops using wall-runs, jumps, and slides to deliver sensitive information. The gameplay emphasizes momentum and fluid movement over combat, with a focus on finding the fastest path through urban environments.",https://www.igdb.com/games/mirror-s-edge
107,Sonic The Hedgehog,Plataforma,SEGA,Sega MegaDrive,12/08/2023,2,1991,Softcore,,198580,Sonic the Hedgehog,https://images.igdb.com/igdb/image/upload/t_cover_big/co7pn7.jpg,Tiger Electronics,1991,Arcade,,Sonic the Hedgehog is an LCD game created by Tiger Electronics. The background drawing features Marble Zone from its 16-bit counterpart.,https://www.igdb.com/games/sonic-the-hedgehog--9
108,Sonic The Hedgehog 2,Plataforma,SEGA,Sega MegaDrive,11/06/2016,3,1992,-,,4438,Sonic the Hedgehog 2,https://images.igdb.com/igdb/image/upload/t_cover_big/co5kkj.jpg,Sega Technical Institute,1992,Platform,86.45527958513077,"Sonic the Hedgehog 2 is a side-scrolling platform game and the sequel to the original Sonic the Hedgehog. Players control Sonic as he traverses larger, faster-paced levels across West Side Island, collecting rings, defeating robot enemies, and pursuing Doctor Robotnik. The game introduces Sonic's sidekick Miles ""Tails"" Prower, a two-tailed fox who can be controlled by a second player. It also adds the spin dash move, a competitive split-screen multiplayer mode, and pseudo-3D special stages in which players collect rings to earn Chaos Emeralds.",https://www.igdb.com/games/sonic-the-hedgehog-2
109,Asphalt 6: Adrenaline,Corrida,Gameloft,Mobile,05/01/2001,8,2010,-,,23304,Asphalt 6: Adrenaline,https://images.igdb.com/igdb/image/upload/t_cover_big/co2lae.jpg,Gameloft,2010,"Racing, Sport, Arcade",74.6000014259546,The sixth game in the Asphalt series.,https://www.igdb.com/games/asphalt-6-adrenaline
110,God of War: Betrayal,Hack and Slash,Santa Monica Studios,Mobile,21/02/2001,2,2007,-,,21233,God of War: Betrayal,https://images.igdb.com/igdb/image/upload/t_cover_big/co2edk.jpg,Javaground,2007,"Hack and slash/Beat 'em up, Adventure",65.13847857359292,"Betrayal is the only installment in the series to be released on a non-PlayStation platform and presented as a 2D side-scrolling game. Despite the limitations of the mobile platform, in comparison to its home console counterparts, it retains the action-oriented approach of its predecessors, with the same combination of combo-based combat, platforming, and puzzle game elements. Although God of War is primarily a home console series, Betrayal was praised for its fidelity to the series in terms of gameplay, art style, and graphics: ""the real deal third game in the killer franchise"". It received awards for ""Wireless Game of the Month"" (June 2007) and ""Best Platform Game"" (wireless) of 2007.",https://www.igdb.com/games/god-of-war-betrayal
111,Metal Gear Solid: Peace Walker,Tiro em Terceira Pessoa,Kojima Productions/KONAMI,PlayStation 3,20/09/2016,18,2010,-,,382,Metal Gear Solid: Peace Walker,https://images.igdb.com/igdb/image/upload/t_cover_big/coawb5.jpg,Kojima Productions,2010,"Shooter, Strategy, Tactical",80.075772947871,"Metal Gear Solid: Peace Walker is an action-adventure stealth video game and is the third action-based Metal Gear title made specifically for the PSP. The gameplay consists of two primary modes: Mission and Mother Base. Mission are the actual action sequences of the game where the player must infiltrate an enemy territory or fight a boss, whereas Mother Base is an army management. Some changes have been made to the standard Metal Gear formula: the player is now unable to move or shoot while laying down and while pinned to a wall, making Peace Walker the first game since Metal Gear to lack any crawling ability.",https://www.igdb.com/games/metal-gear-solid-peace-walker
112,Disney's The Lion King,Plataforma,Disney Interactive,Super Nintendo,07/02/2001,2.5,1994,-,,198801,Disney's The Lion King,https://images.igdb.com/igdb/image/upload/t_cover_big/co4wu6.jpg,Tiger Electronics,1994,,,A standalone handheld device that only has a Lion King game.,https://www.igdb.com/games/disneys-the-lion-king--2
113,Contra III - The Alien Wars,Run and Gun,KONAMI,Super Nintendo,24/01/2001,2,1992,-,,6351,Contra III: The Alien Wars,https://images.igdb.com/igdb/image/upload/t_cover_big/co64pi.jpg,Konami,1992,"Shooter, Adventure",80.49636976444823,"This game is action from beginning to end, do not think that you will have a moment of peace, even because Aliens are at war with planet earth, and resting will be your least concern.",https://www.igdb.com/games/contra-iii-the-alien-wars
114,Driver 2: The Whellman is Back,Corrida,Reflections Game,PlayStation,12/02/2001,16,2000,-,,,,,,,,,,
115,Dragon Ball: Advanced Adventure,Plataforma,Bandai Games,Gameboy Advance,11/02/2001,4,2004,-,,6386,Dragon Ball: Advanced Adventure,https://images.igdb.com/igdb/image/upload/t_cover_big/co3zef.jpg,Dimps,2004,"Fighting, Hack and slash/Beat 'em up",79.19010814373969,"Join Goku in his very first epic adventure as he defends the earth from the relentless Red Ribbon Army. Start down his path to power, and help turn an ordinary boy into the ultimate champion.",https://www.igdb.com/games/dragon-ball-advanced-adventure
116,Frogger,Plataforma,Hasbro Interactive,PlayStation,18/02/2001,8,1997,-,,11465,Frogger,https://images.igdb.com/igdb/image/upload/t_cover_big/co49gz.jpg,SCE Cambridge Studio,1997,"Puzzle, Adventure, Arcade",46.40670802850541,"A remake and reimagining of Frogger. However, unlike the original game, most of the maps are more complex and require exploration. In each level, the player must collect five baby frogs within a certain amount of time. There are various obstacles, traps, and enemies which must be avoided and usually are unique to a certain zone. There are a total of 33 levels spread out across nine different zones.",https://www.igdb.com/games/frogger--1
117,Portal,Tiro em Primeira Pessoa,Valve,PC,23/03/2001,3,2007,-,,14546,Portal,https://images.igdb.com/igdb/image/upload/t_cover_big/co4i78.jpg,Nexa Corporation,1986,Adventure,76.56806458193688,"Portal was an ambitious attempt to tell a story with the depth of a novel and the interactivity of a game, sitting somewhere between interactive fiction and simulation of a computer system.",https://www.igdb.com/games/portal--1
118,Shovel Knight: Shovel of Hope,Plataforma,Yacht Club Games,PC,29/03/2001,7,2014,-,,7444,Shovel Knight,https://images.igdb.com/igdb/image/upload/t_cover_big/cobaa7.jpg,Yacht Club Games,2014,"Platform, Adventure, Indie",85.75602764548238,"Shovel Knight is a sweeping classic action adventure game with awesome gameplay, memorable characters, and an 8-bit retro aesthetic. It's a hot mashup of new and old! You play as the eponymous Shovel Knight, a small knight with a huge quest. Shovel Knight has come to this land with two goals: to defeat the evil Enchantress and quest for his lost beloved. He wields a Shovel Blade: a multipurpose weapon whose techniques have now been lost to the ages. Always honest and helpful, Shovel Knight is a shining example of the code of Shovelry: Slash Mercilessly and Dig Tirelessly! But, between Shovel Knight and his beloved stands a cadre of villainous knights. These terrible foes, known as The Order of No Quarter, have been dispatched to prevent Shovel Knight from reaching the Enchantress, and will pursue their mission at any cost. If you love games with perfect platforming, beautiful art, infectious music, crazy bosses, humor and levity, and real heart… Shovel Knight is for you!",https://www.igdb.com/games/shovel-knight
119,Resident Evil 3: Nemesis,Survival Horror,Capcom,PlayStation,27/03/2001,7,1999,-,,966,Resident Evil 3: Nemesis,https://images.igdb.com/igdb/image/upload/t_cover_big/co2vvb.jpg,Capcom Planning Room 2,1999,"Shooter, Adventure",80.66251622808227,"Resident Evil 3: Nemesis is a survival horror video game and the third instalment in the Resident Evil series. Like its two predecessors, it is a third-person action-adventure game with polygonal characters on pre-rendered backgrounds with cinematic camera angles. Although the game uses the same basic engine and gameplay as the previous games, the gameplay is improved by features such as auto-targeting, a 180-degree spin, and a new dodge move that allows Jill to avoid enemy attacks. The PC and Dreamcast versions include all eight of Jill's possible costumes, as well as the mercenary mini-game Operation Mad Jackal, which allows players to play as one of the three Umbrella soldiers. On the PlayStation version, these special features must be unlocked by beating the game with a high score.",https://www.igdb.com/games/resident-evil-3-nemesis
120,Undertale,RPG,Toby Fox,PC,30/04/2001,5,2015,-,,12517,Undertale,https://images.igdb.com/igdb/image/upload/t_cover_big/cob1t2.jpg,tobyfox,2015,"Puzzle, Role-playing (RPG), Adventure, Indie",85.97040861041071,"A small child falls into the Underground, where monsters have long been banished by humans and are hunting every human that they find. The player controls the child as they try to make it back to the Surface through hostile environments, all the while engaging with a turn-based combat system with puzzle-solving and bullet hell elements, as well as other unconventional game mechanics.",https://www.igdb.com/games/undertale
121,007 - The World Is Not Enough,Tiro em Primeira Pessoa,Eurocom/ Activision,Nintendo 64,01/01/2001,5,2000,-,,144507,James Bond 007: The World Is Not Enough,https://images.igdb.com/igdb/image/upload/t_cover_big/co5xsr.jpg,Eurocom Entertainment Software,2000,"Shooter, Adventure",65.91153376081971,"The World Is Not Enough is a first-person shooter video game developed by Eurocom and based on the 1999 James Bond film of the same name. It was published by Electronic Arts and released for the Nintendo 64 on October 17, 2000, shortly before the release of its PlayStation counterpart. The game features a single-player campaign in which players assume the role of MI6 agent James Bond as he fights to stop a terrorist from triggering a nuclear meltdown in the waters of Istanbul. It includes a split-screen multiplayer mode where up to four players can compete in different types of deathmatch and objective-based games. The game runs on an engine that was adapted to take advantage of the Nintendo 64 strengths. Although Eurocom used original production material to recreate the environments of the film, the company added elements to help the game design, including a mission which takes place in the London Underground. The game supports the Nintendo 64 Expansion Pak, which provides enhanced graphics and visual effects, but a Controller Pak is required to save the player's progress through the game. The World Is Not Enough received generally positive reviews from critics and was frequently compared to Rare's Nintendo 64 first-person shooters GoldenEye 007 and Perfect Dark. It was also considered superior to its PlayStation counterpart because of its level design and inclusion of a multiplayer mode. Critics generally praised the game's graphics and smooth frame rate, but criticized its weak and inconsistent enemy artificial intelligence. In the United States, the game sold more than one million copies.",https://www.igdb.com/games/james-bond-007-the-world-is-not-enough--1
122,Gex: Enter The Gecko,Plataforma,Eidos Interactive,PlayStation,20/02/2001,9,1998,-,,3506,Gex: Enter the Gecko,https://images.igdb.com/igdb/image/upload/t_cover_big/co2q8n.jpg,Crystal Dynamics,1998,"Platform, Adventure",70.75143161025836,"""Is it just me, or am I engulfed in flames?"" is one of the many one-liners uttered by Gex, a wise cracking gecko who should check himself into television rehab; he's addicted to it. After saving the Television Realm from the evil Rez in his first adventure, the gecko was ready to kick back, relax, and watch a little television. Little did he know his adventure was just beginning. One day, two secret agent goons showed up at Gex's doorstep. They inform him that Rez is back and looking for vengeance; the evil monster is planning to destroy the Television Realm once more...and possibly the world. When Gex tells them that he's retired and doesn't care, one of the goons hits the gecko on the head and takes him to a secluded place. When Gex comes to, the mystery men plead with the gecko to take the cash and help destroy Rez for good...or at least make him disappear. With that incentive (the cash), the wise cracking lizard slips into his special agent suit and plunges headfirst into the Television Realm. Watch out, Rez -- Gex is back!",https://www.igdb.com/games/gex-enter-the-gecko
123,Mario Kart 64,Corrida,Nintendo,Nintendo 64,05/03/2001,5,1996,-,,2342,Mario Kart 64,https://images.igdb.com/igdb/image/upload/t_cover_big/co67hm.jpg,Nintendo Entertainment Analysis & Development,1996,"Racing, Arcade",82.29475337695834,"Mario Kart 64 is the second main installment of the Mario Kart series. It is the first game in the series to use three-dimensional graphics, however, the characters and items in this game are still two-dimensional, pre-rendered sprites. The game offers two camera angles and three engine sizes: 50cc, 100cc and 150cc. Each kart has distinctive handling, acceleration and top speed capabilities. Shells that you fire at rival racers, Bananas that make them skid out and Lightning Bolts that make them small and very slow are just a few of the game's unique power-ups.",https://www.igdb.com/games/mario-kart-64
124,Ratchet: Deadlocked,Aventura,Insomniac Games,PlayStation 3,25/03/2001,8,2005,-,,254579,Ratchet: Deadlocked,https://images.igdb.com/igdb/image/upload/t_cover_big/co6okr.jpg,Insomniac Games,2013,"Shooter, Platform, Role-playing (RPG), Adventure",70.21575281695401,"A high-definition remaster version for the PlayStation 3, featuring 1080p upscaling.",https://www.igdb.com/games/ratchet-deadlocked--1
125,Sonic The Hedgehog 3,Plataforma,SEGA,Sega MegaDrive,04/04/2001,3,1994,-,,6797,Sonic the Hedgehog 3,https://images.igdb.com/igdb/image/upload/t_cover_big/co1zut.jpg,Sonic Team,1994,"Platform, Adventure",82.56635207471136,"The game is a sequel to Sonic the Hedgehog 2 for the same system and follows on directly from the end of the game, in which Sonic defeated his enemy, Dr. Robotnik; crash-landing on a floating island, Sonic encounters new character Knuckles the Echidna, and must once more retrieve the Chaos Emeralds while also working to stop Dr. Robotnik from relaunching his ship, the Death Egg.",https://www.igdb.com/games/sonic-the-hedgehog-3
126,Dissidia Final Fantasy,Luta,Square Enix,PlayStation Portable,09/02/2001,26,2008,-,,391,Dissidia Final Fantasy,https://images.igdb.com/igdb/image/upload/t_cover_big/co205i.jpg,Square Enix Product Development Division 1,2008,"Fighting, Role-playing (RPG), Hack and slash/Beat 'em up, Adventure",73.81623207010807,"Dissidia Final Fantasy is a 3D-arena fighting game with RPG elements featuring 20 characters, heroes and villains, from the first 10 final fantasy games summed by the god of discord and the goddess of harmony to fight over the fate of the world.",https://www.igdb.com/games/dissidia-final-fantasy
127,Resident Evil 7: Biohazard,Survival Horror,Capcom,PC,24/05/2023,12,2017,-,,19562,Resident Evil 7: Biohazard,https://images.igdb.com/igdb/image/upload/t_cover_big/cobtwh.jpg,Capcom Development Division 1,2017,"Shooter, Puzzle, Adventure",84.22902457213097,"Resident Evil 7: Biohazard is the first game of the Resident Evil series to switch from 3rd-person to fully 1st-person perspective. A complete refresh of gameplay systems simultaneously propels the survival horror experience to another level. It is as much horror as it is survival, boosting up scare elements and minimizing downright shooting action. The game allows use of Sony's PSVR Headset to play in VR mode.",https://www.igdb.com/games/resident-evil-7-biohazard
128,Monument Valley,Puzzle,Ustwo,Mobile,16/03/2001,2,2014,-,,8900,Monument Valley,https://images.igdb.com/igdb/image/upload/t_cover_big/coaeoe.jpg,Ustwo Games,2014,"Puzzle, Strategy, Adventure, Indie",76.22045953621674,"In Monument Valley, the player leads the player-character princess Ida through mazes of optical illusions and impossible objects, which are referred to as ""sacred geometry"" in-game, as she journeys to be forgiven for something. The game is presented in isometric view, and the player interacts with the environment to find hidden passages as Ida progresses to the map's exit. Each of the ten levels has a different central mechanic. Interactions include moving platforms and pillar animals, and creating bridges. The player is indirectly cued through the game by design elements like color, and directly cued by crow people, who block Ida's path. Critics compared the game's visual style to a vibrant M. C. Escher drawing and Echochrome. The game includes a camera mode where the player can roam the level to compose screenshots. It includes filters à la Instagram.",https://www.igdb.com/games/monument-valley
129,Dissidia 012 Final Fantasy,Luta,Square Enix,PlayStation Portable,08/02/2001,28,2011,-,,24288,Dissidia 012 Final Fantasy,https://images.igdb.com/igdb/image/upload/t_cover_big/co205l.jpg,Square Enix 1st Production Department,2011,"Fighting, Role-playing (RPG), Adventure",79.75842843449284,"""DISSIDIA 012[duodecim] FINAL FANTASY is the blockbuster follow-up to the smash hit DISSIDIA FINAL FANTASY, offering a winning mix of Beat ‘Em Up action and RPG depth, starring the most memorable heroes and villains from the worlds of the FINAL FANTASY series. The title refers to the ‘12th battle’ (duodecim means 12 in Latin), a new war between Cosmos and Chaos, that forms the basis of the story. This war will require new allies both good and evil to join the battle. DISSIDIA 012[duodecim] FINAL FANTASY also adds new game modes, story missions, items, alternate costumes and combat features, expanding upon the action and excitement of DISSIDIA FINAL FANTASY in every way. Get ready for the return of the ultimate portable fighting experience.""",https://www.igdb.com/games/dissidia-012-final-fantasy
130,The 3rd Birthday,Tiro em Terceira Pessoa,Square Enix,PlayStation Portable,23/04/2001,10.5,2010,-,,7359,The 3rd Birthday,https://images.igdb.com/igdb/image/upload/t_cover_big/co5tmw.jpg,HexaDrive,2010,"Shooter, Role-playing (RPG), Adventure",69.74216721384212,"The game is an action role-playing game described by Square Enix as a ""cinematic action RPG"". Director Hajime Tabata noted that the gameplay and plot are intertwined due to a newly introduced ability called ""Overdive,"" an ability that lets the player switch bodies with one of their team members, allowing them to control friendly NPCs. Teammates can be ordered either to target specific enemies or to defend themselves in combat. The player is able change their controlled character in real-time, intermixed with their combat actions. The game is played over-the-shoulder, comparable to games such as Resident Evil 4, Dead Space and the Mass Effect series. An array of different costumes will be available for Aya to choose from throughout the game, but only after they are unlocked by completing the game in various difficulty modes. Clothing in the game deteriorates due to battle damage, revealing Aya's skin to various degrees.",https://www.igdb.com/games/the-3rd-birthday
131,Kingdom Hearts: Birth of Sleep,RPG de Ação,Square Enix,PlayStation Portable,02/03/2001,26,2010,-,,1224,Kingdom Hearts Birth by Sleep,https://images.igdb.com/igdb/image/upload/t_cover_big/co2ych.jpg,Square Enix Product Development Division 5,2010,Role-playing (RPG),84.95339352516068,"Birth by Sleep is an action roleplaying game that introduces a gameplay aspect called the Command System, which allows players to customize a Command Deck with techniques and abilities that they can perform at will, called Deck Commands. Performing ordinary attacks and Commands fills a gauge displayed above the command deck that, when certain requirements are fulfilled, activates a Command Style that changes the player's basic attack command with the ""Surge"" command, which racks up powerful combos depending on what Command Style is activated. Filling the gauge with certain requirements a second time causes the character to change into an even higher level Command Style, which replaces the ""Surge"" command with the more powerful ""Storm"" command.",https://www.igdb.com/games/kingdom-hearts-birth-by-sleep
132,Assassin's Creed: Rogue,Ação,Ubisoft,PlayStation 3,08/01/2001,10.5,2014,-,,7570,Assassin's Creed Rogue,https://images.igdb.com/igdb/image/upload/t_cover_big/co1xir.jpg,Ubisoft Sofia,2014,"Role-playing (RPG), Adventure",72.51800629774941,"Assassin's Creed Rogue is a 2014 action-adventure video game developed by Ubisoft Sofia and published by Ubisoft. It is the seventh major installment in the Assassin's Creed series, and is set between 2012's Assassin's Creed III and 2013's Assassin's Creed IV: Black Flag. It also has ties to Assassin's Creed Unity, which was released on the same day as Rogue. It is the last Assassin's Creed game to be developed for the seventh generation of consoles, being released for PlayStation 3 and Xbox 360 in November 2014 and for Windows in March 2015.",https://www.igdb.com/games/assassins-creed-rogue
133,Call of Duty: Modern Warfare 3,Tiro em Primeira Pessoa,Infinity Yard/ Activision,PC,22/01/2001,6,2011,-,,979,Call of Duty: Modern Warfare 3,https://images.igdb.com/igdb/image/upload/t_cover_big/co1wkn.jpg,Sledgehammer Games,2011,"Shooter, Tactical, Adventure",73.62773350368381,"Call of Duty: Modern Warfare 3 is a first-person shooter video game, developed by Infinity Ward and Sledgehammer Games (Treyarch for the Wii version), with Raven Software having assisted in development and published by Activision.",https://www.igdb.com/games/call-of-duty-modern-warfare-3
134,Crash Bandicoot (N Sane Trilogy),Plataforma,Activision,PC,28/06/2022,5,2017,-,,1185,Crash Bandicoot,https://images.igdb.com/igdb/image/upload/t_cover_big/co555l.jpg,Naughty Dog,1996,Platform,80.4830051891159,"Crash Bandicoot is the first installment in the Crash Bandicoot series that established Naughty Dog's reputation in the video game industry. Its premises chronicle the creation of the titular Crash, a bandicoot who has been uplifted by the mad scientist Doctor Neo Cortex. The goal of Crash Bandicoot is to traverse several levels in sequence in order to progress. The game is played from a third-person perspective in which the camera trails behind Crash, though some levels showcase forward-scrolling and side-scrolling perspectives. Crash is able to defeat enemies by either jumping on them or using a spinning attack that launches them.",https://www.igdb.com/games/crash-bandicoot
135,Injustice 2: Every Battle Defines You,Luta,Netherrealm Games,PC,26/02/2001,5.5,2017,-,,,,,,,,,,
136,Crash Bandicoot 2 (N Sane Trilogy),Plataforma,Activision,PC,03/07/2022,5.5,2017,-,,135450,Crash Bandicoot 2: Cortex Strikes Back,https://images.igdb.com/igdb/image/upload/t_cover_big/cob8xg.jpg,Vicarious Visions,2017,Platform,83.30440103950485,A remake of Crash Bandicoot 2: Cortex Strikes Back found in the Crash Bandicoot N. Sane Trilogy collection. Not to be confused with the actual bundle.,https://www.igdb.com/games/crash-bandicoot-2-cortex-strikes-back--1
137,Tekken 7,Luta,Namco Bandai,PC,27/02/2022,8,2015,-,,7498,Tekken 7,https://images.igdb.com/igdb/image/upload/t_cover_big/co1w4f.jpg,Bandai Namco Studios,2017,Fighting,78.3079293294011,"Experience the epic conclusion of the Mishima clan and unravel the reasons behind each step of their ceaseless fight. Powered by Unreal Engine 4, Tekken 7 features stunning story-driven cinematic battles and intense duels that can be enjoyed with friends and rivals alike through innovative fight mechanics.",https://www.igdb.com/games/tekken-7
138,Resident Evil 2: Remake,Survival Horror,Capcom,PC,26/03/2001,12,2019,-,,,,,,,,,,
139,Crash Bandicoot 3: Warped (N Sane Trilogy),Plataforma,Activision,PC,12/07/2022,5,2017,-,,1187,Crash Bandicoot: Warped,https://images.igdb.com/igdb/image/upload/t_cover_big/co873w.jpg,Naughty Dog,1998,"Platform, Adventure",83.57938107309545,"Crash Bandicoot: Warped is the third game in the Crash Bandicoot series and the first to feature Coco as a playable character. The player takes control of Crash and Coco Bandicoot, who must travel back and forward in time and gather 25 crystals before Uka Uka and Doctor Neo Cortex can do so. Much of the game takes place in the Time Twister which acts as the hub area of the game. The Time-Twister is split up into five chambers, each chamber has five buttons that open portals to different levels. The goal in each level is to find and obtain the crystal hidden in the level. Crash Bandicoot: Warped was lauded by critics in many areas, and the game has been considered one of the best video games of all time.",https://www.igdb.com/games/crash-bandicoot-warped
140,Sonic Forces,Plataforma,SEGA,PC,02/04/2001,4,2017,-,,21063,Sonic Forces,https://images.igdb.com/igdb/image/upload/t_cover_big/co1zr8.jpg,Sonic Team,2017,Platform,55.45299225938302,"Fight through a world destroyed by Dr. Eggman and a powerful new villain in Sonic Forces, the new fast-paced action platformer from the team that brought you Sonic Colors and Sonic Generations. Sonic Forces lets you speed through rolling ruined landscapes as Modern Sonic, catapult past perilous platforms as Classic Sonic, and use powerful new gadgets as your own Custom Hero Character.",https://www.igdb.com/games/sonic-forces
141,Devil May Cry V,Hack and Slash,Capcom,PC,02/02/2001,12,2019,-,,76253,Devil May Cry 5,https://images.igdb.com/igdb/image/upload/t_cover_big/co1rb4.jpg,Capcom Development Division 1,2019,"Hack and slash/Beat 'em up, Adventure",82.63011756048776,"Devil May Cry 5 is a brand-new entry in the legendary over-the-top action series Devil May Cry. The game features three playable characters, each with a radically different stylish combat play style as they take on the city overrun with demons. Developed with Capcom’s in-house proprietary RE engine, the series continues to achieve new heights in fidelity with graphics that utilize photorealistic character designs and stunning lighting and environmental effects.",https://www.igdb.com/games/devil-may-cry-5
142,Mortal Kombat X,Luta,Netherrealm Games,PC,17/03/2001,5.5,2011,-,,7292,Mortal Kombat X,https://images.igdb.com/igdb/image/upload/t_cover_big/co1y08.jpg,NetherRealm Studios,2015,Fighting,79.019188654565,"Mortal Kombat X is the tenth main game in the one-on-one fighting series and a sequel to the 2011 title Mortal Kombat. The game stays close to the visual style and the mechanics of the 2011 reboot. The main controls are still based on two types of punches and kicks, and blocking, to form combos with uppercuts, teleports, special moves that incorporate weapons and fatalities. The three-tiered energy from the previous title returns, making available X-Ray moves, powered up EX moves and combo breakers. As introduced in Injustice: Gods Among Us, characters can use the environment to re-position themselves or optionally use parts as weapons. Each character now has three variations with different moves and weapons. There is once again a sprinting gauge, returning from Mortal Kombat 4.",https://www.igdb.com/games/mortal-kombat-x
143,Cuphead,Plataforma,MHDR Studios,PC,30/01/2001,12,2017,-,,9061,Cuphead,https://images.igdb.com/igdb/image/upload/t_cover_big/co62ao.jpg,Studio MDHR,2017,"Shooter, Platform, Adventure, Indie, Arcade",84.77994026942119,"Cuphead is a run-and-gun action game focused primarily on boss battles. Its visual style is modeled after 1930s cartoons, using traditional hand-drawn cel animation, watercolor backgrounds, and original jazz recordings. Players control Cuphead or Mugman in single-player or local co-op, traversing themed worlds, acquiring new weapons, and unlocking super moves. The game includes both boss encounters and side-scrolling platforming stages.",https://www.igdb.com/games/cuphead
144,Celeste,Plataforma,Matt Makes Game,PC,23/01/2001,8,2018,-,,26226,Celeste,https://images.igdb.com/igdb/image/upload/t_cover_big/cob9dh.jpg,Extremely OK Games,2018,"Platform, Adventure, Indie",86.71450232512856,"Help Madeline survive her inner demons on her journey to the top of Celeste Mountain, in this super-tight platformer from the creators of TowerFall. Brave hundreds of hand-crafted challenges, uncover devious secrets, and piece together the mystery of the mountain.",https://www.igdb.com/games/celeste
145,Journey,Aventura,That Game Company,PC,28/02/2001,2,2012,-,,895,The Longest Journey,https://images.igdb.com/igdb/image/upload/t_cover_big/co5vwq.jpg,Funcom,1999,"Point-and-click, Puzzle, Adventure",83.5781768813046,"The Longest Journey is an amazing graphical adventure, where the player controls the protagonist, April Ryan, on her journey between parallel universes. Embark on an exciting and original journey of discovery, where you will explore, solve puzzles, meet new people, face terrifying monsters, learn, grow, and live the adventure of a lifetime!",https://www.igdb.com/games/the-longest-journey
146,Crash Tag Team Racing,Corrida,Activision,PlayStation Portable,29/01/2001,8,2005,-,,248550,Crash Tag Team Racing,https://images.igdb.com/igdb/image/upload/t_cover_big/co7occ.jpg,Radical Entertainment,2005,Racing,,"Crash Bandicoot returns for high adrenaline racing, bending the rules of the track in Ebeneezer Von Clutch's condemned arena. Similar to previous racing games in the Crash Bandicoot series, players are able to choose from a variety of characters , ncluding both notable allies and enemies, along with several notable new characters. In addition, Crash Tag Team Racing introduces the ability to 'clash' with another racer, allowing the two to create a hybrid vehicle to cooperatively destroy their opponents. 'Clash' your car with an opponent's to make a super-car you both control! Explore the world on foot, discovering new car upgrades and bonus tracks Take on up to seven friends in Ad Hoc Mode",https://www.igdb.com/games/crash-tag-team-racing--1
147,Quantum Break,Tiro em Terceira Pessoa,Remedy Interactive,PC,24/03/2001,12,2016,-,,3750,Quantum Break,https://images.igdb.com/igdb/image/upload/t_cover_big/co8gsr.jpg,Remedy Entertainment,2016,"Shooter, Adventure",75.1058861094564,"Fix Time Before It Destroys Everything! When time breaks, catastrophe becomes your playground. As hero Jack Joyce, you'll fight your way through epic disasters that stutter back and forth in time. But surviving this unstable world--and halting the end of time itself--is only possible by mastering your new time powers.",https://www.igdb.com/games/quantum-break
148,Battlefield 1,Tiro em Primeira Pessoa,DICE/ EA Games,PC,12/01/2001,6.5,2016,-,,18320,Battlefield 1,https://images.igdb.com/igdb/image/upload/t_cover_big/co2n9d.jpg,EA Digital Illusions CE,2016,Shooter,78.0805689075424,"Discover classic Battlefield gameplay with epic multiplayer and an adventure-filled campaign. Experience the dawn of all-out war, only in Battlefield 1. Fight your way through epic battles going from tight urban combat in a besieged French city to big open spaces in the Italian Alps or frantic combats in the Arabic sand dunes. Experience large-scale battles as infantry or piloting vehicles on land, air and sea, from the tanks and bikes on the ground, to bi-planes and gigantic battleships.",https://www.igdb.com/games/battlefield-1
149,Wolfenstein: The New Order,Tiro em Primeira Pessoa,MachineGames,PC,04/05/2001,11.5,2014,-,,2031,Wolfenstein: The New Order,https://images.igdb.com/igdb/image/upload/t_cover_big/co21c0.jpg,MachineGames,2014,"Shooter, Adventure",81.59389901483651,"Wolfenstein: The New Order is an action-adventure shooter game played from a first-person perspective. It is the semi-sequel to 2009's Wolfenstein, however utilizes very little from the game and drops any direct references to veil or supernatural. To progress through the story, the player battle enemies throughout levels. The game utilizes a health system in which players' health is divided into separate sections that regenerate; if an entire section is lost, the player must use a health pack to replenish the missing health. In combat, a cover system can be used as assistance against enemies. The player have the ability to lean around, over, and under cover, which can be used as a tactical advantage during shootouts and stealth levels. The game gives the player a wide variety of weapon options—they can be found on the ground, retrieved from dead enemies, or removed from their stationary position and carried around.",https://www.igdb.com/games/wolfenstein-the-new-order
150,Call of Duty Modern Warfare Remastered,Tiro em Primeira Pessoa,Infinity Yard/ Activision,PC,18/01/2001,7,2016,-,,24920,Call of Duty: Modern Warfare Remastered,https://images.igdb.com/igdb/image/upload/t_cover_big/co1wla.jpg,Certain Affinity,2016,Shooter,78.41582300293238,"One of the most critically-acclaimed games in history. Call of Duty 4: Modern Warfare is back, remastered in true high-definition, featuring enhanced textures, rendering, high-dynamic range lighting, and much more to bring a new generation experience to fans.",https://www.igdb.com/games/call-of-duty-modern-warfare-remastered
151,Wolfenstein: The Old Blood,Tiro em Primeira Pessoa,MachineGames,PC,05/05/2001,6,2015,-,,9192,Wolfenstein: The Old Blood,https://images.igdb.com/igdb/image/upload/t_cover_big/co21et.jpg,MachineGames,2015,"Shooter, Adventure",77.2901536616474,"Wolfenstein: The Old Blood is a prequel to the critically acclaimed first-person action-adventure shooter, Wolfenstein: The New Order. The adventure, which spans eight chapters and two interconnected stories, features the hallmarks of MachineGames – thrilling action, immersive story and intense first-person combat. As war hero B.J. Blazkowicz, arm yourself with new weapons such as the bolt-action rifle and grenade-launching Kampfpistole as you attempt to thwart the advancing Nazi war machine, and take advantage of duel-wielding pipes that can be used for wall climbing – or for vicious take-downs of never-before-seen Nazi adversaries.",https://www.igdb.com/games/wolfenstein-the-old-blood
152,Call of Duty: Advanced Warfare,Tiro em Primeira Pessoa,Infinity Yard/ Activision,PC,19/01/2001,7,2014,-,,6632,Call of Duty: Advanced Warfare,https://images.igdb.com/igdb/image/upload/t_cover_big/co1wky.jpg,Sledgehammer Games,2014,Shooter,71.77214560561833,"Call of Duty: Advanced Warfare is a first-person shooter with single-player and multiplayer modes. It is set in a near future where powered exoskeletons give soldiers enhanced mobility such as boosting, dashing, and jumping, alongside conventional and directed-energy weapons. The campaign follows a single protagonist through a cinematic story, while multiplayer and a wave-based cooperative survival mode build on the exoskeleton movement and a loadout customization system.",https://www.igdb.com/games/call-of-duty-advanced-warfare
153,Super Mario 3D World,Plataforma,Nintendo,Nintendo Wii U,15/04/2001,10.5,2013,-,,2180,Super Mario 3D World,https://images.igdb.com/igdb/image/upload/t_cover_big/cob8wi.jpg,Nintendo Entertainment Analysis & Development,2013,Platform,84.33634851176774,"Super Mario 3D World is a 3D platformer action game for the Wii U, and a follow-up of the Nintendo 3DS installment Super Mario 3D Land. The game builds upon the previous installment, following a similar 3D level-design convention inspired from the 2D platformer titles where players must navigate through a linear-designed level within a time limit to reach a level's Goal Pole. One key aspect introduced in this title is the simultaneous multiplayer: while not the first game in the series to do so, it is the first 3D title in the Mario series to incorporate up to four players cooperating with each other to reach the goal. Players can select their character from a pool of playable characters prior to starting the game, and each of these characters have their own unique playstyle that gives them advantages and disadvantages over other characters. The game makes use of several Wii U exclusive features, such as tapping blocks with the touch screen on the GamePad and blowing into the mic to reveal hidden items and blow away enemies. Various new power-ups are introduced in this title, with the trademark suit being the Cat power-up, which enables characters to perform a melee attack, climb up walls, and leap while midair, as well as the game generally having a cat-based theme.",https://www.igdb.com/games/super-mario-3d-world
154,Superhot,Tiro em Primeira Pessoa,SUPERHOT Team,PC,19/04/2001,5,2016,-,,7205,SuperHot,https://images.igdb.com/igdb/image/upload/t_cover_big/co7ybp.jpg,SUPERHOT Team,2016,"Shooter, Puzzle, Tactical, Indie",76.743298532553,"Superhot is an independent first-person shooter built around a single core mechanic: time only moves when the player moves. Without health regeneration or ammo drops, players must navigate through enemies using improvised tactics, grabbing weapons from fallen opponents, and carefully planning movements through slow-motion bullet trajectories. The game features a minimalist visual style using only white, black, and red to highlight interactive elements and threats. It originated from a 2013 game jam prototype that was later expanded through a successful Kickstarter campaign. Modes include a story campaign, endless survival, and challenge variations with specific restrictions.",https://www.igdb.com/games/superhot
155,Detroit: Become Human,Point and Click,Quantic Dream,PC,31/01/2001,15,2018,-,,14362,Detroit: Become Human,https://images.igdb.com/igdb/image/upload/t_cover_big/cocot9.jpg,Quantic Dream,2018,Adventure,82.39320938615121,"Detroit: Become Human is an interactive narrative adventure game developed by Quantic Dream and released in 2018. Set in a near-future Detroit where androids serve humans, the story follows three android protagonists—Kara, Connor, and Markus—who shape the city’s fate through their choices. Gameplay combines exploration, dialogue interactions, and quick-time events, with branching storylines and multiple endings. The narrative explores themes of artificial intelligence, freedom, and morality.",https://www.igdb.com/games/detroit-become-human--1
156,Alan Wake: American Nightmare,Survival Horror,Remedy Interactive,PC,04/01/2001,4,2012,-,,2602,Alan Wake's American Nightmare,https://images.igdb.com/igdb/image/upload/t_cover_big/co2eh1.jpg,Remedy Entertainment,2012,"Shooter, Adventure",69.14136956152954,"Alan Wake's American Nightmare is a standalone expansion to the psychological horror action-adventure game Alan Wake, developed by Remedy Entertainment. The story shifts to an alternate reality where Alan Wake finds himself in a small Arizona town. Here, he faces off against his evil doppelgänger, Mr. Scratch, a murderous entity intent on destroying everything Alan holds dear. The gameplay involves exploring the town, battling new and familiar supernatural enemies, and uncovering pieces of the narrative through manuscripts and other clues. The expansion introduces new weapons and combat mechanics while maintaining the series' focus on the use of light to combat darkness. The narrative explores themes of duality and reality, offering a more action-oriented experience compared to the original game.",https://www.igdb.com/games/alan-wake-s-american-nightmare
157,Love Hina Advance: Shukufuku no Kane wa Harukana,Visual Novel,Marvelous,Gameboy Advance,04/03/2001,2,2001,-,,,,,,,,,,
158,Limbo,Plataforma,Playdead,PC,03/03/2001,3.5,2010,-,,1331,Limbo,https://images.igdb.com/igdb/image/upload/t_cover_big/co1qrs.jpg,Playdead,2010,"Platform, Puzzle, Adventure, Indie",80.94547190916451,Limbo is a black and white puzzle-platforming adventure. Players take the role of a young boy traveling through an eerie and treacherous world in an attempt to discover the fate of his sister.,https://www.igdb.com/games/limbo
159,The Legend of Zelda: Ocarina of Time,RPG de Ação,Nintendo,Nintendo 64,15/06/2012,28.3,1998,-,,1029,The Legend of Zelda: Ocarina of Time,https://images.igdb.com/igdb/image/upload/t_cover_big/co3nnx.jpg,Nintendo Entertainment Analysis & Development,1998,"Puzzle, Adventure",91.53048849641168,"The Legend of Zelda: Ocarina of Time is the fifth main installment of The Legend of Zelda series and the first to be released for the Nintendo 64. It was one of the most highly anticipated games of its age, and is listed among the greatest video games ever created by numerous websites and magazines. The gameplay of Ocarina of Time was revolutionary for its time, it has arguably made more of an impact on later games in the series than any of its predecessors even though they had the same cores of exploration, dungeons, puzzles and item usage. Among the gameplay mechanics, one of the most noteworthy is the time-traveling system. The game begins with the player controlling the child Link, but later on an adult Link becomes a playable character as well and each of them has certain unique abilities. Ocarina of Time also introduces the use of music to solve puzzles: as new songs are learned, they can be used to solve puzzles, gain access to new areas and warp to different locations. Dungeon exploration is somewhat more puzzle-oriented than in earlier games but they are not too complex.",https://www.igdb.com/games/the-legend-of-zelda-ocarina-of-time
160,Crysis 3,Tiro em Primeira Pessoa,EA Games,PlayStation 3,16/08/2014,7,2013,-,,1268,Crysis 3,https://images.igdb.com/igdb/image/upload/t_cover_big/co2on3.jpg,Crytek Frankfurt,2013,"Shooter, Adventure",74.12674072059609,"The award-winning developer Crytek is back with Crysis 3, the first blockbuster shooter of 2013! Crysis 3 is the ultimate sandbox shooter, realized in the stunning visuals only Crytek and the latest version of CryENGINE can deliver. Available now on Xbox 360, PlayStation 3, and PC.",https://www.igdb.com/games/crysis-3
161,Mortal Kombat 9 (2011),Luta,Netherrealm Games,PlayStation 3,09/11/2014,8,2011,-,,119,Mortal Kombat,https://images.igdb.com/igdb/image/upload/t_cover_big/co20mc.jpg,NetherRealm Studios,2011,Fighting,82.11057546829872,"Mortal Kombat is a 2011 fighting game developed by NetherRealm Studios. It is the ninth main installment in the Mortal Kombat franchise and a soft reboot of the series. Although beginning during the events of Mortal Kombat: Armageddon, the plot retroactively revisits the earliest period in the Mortal Kombat series: the events of the first three games. The storyline follows Raiden, the divine protector of Earth, as he attempts to change the outcome of the Armageddon events by contacting his past self.",https://www.igdb.com/games/mortal-kombat
162,Tekken Tag Tournament 2,Luta,Namco Bandai,PlayStation 3,18/12/2014,60,2012,-,,1238,Tekken Tag Tournament 2,https://images.igdb.com/igdb/image/upload/t_cover_big/co1w4k.jpg,Namco Bandai Games,2012,Fighting,73.93492962511043,The console release added new characters and stages.,https://www.igdb.com/games/tekken-tag-tournament-2
163,Metal Gear Rising: Revengeance,Hack and Slash,Platinium Games/KONAMI,PlayStation 3,07/01/2015,7,2013,-,,378,Metal Gear Rising: Revengeance,https://images.igdb.com/igdb/image/upload/t_cover_big/co2l1t.jpg,PlatinumGames,2013,"Shooter, Strategy, Hack and slash/Beat 'em up, Adventure",79.80672257999227,"Developed by Kojima Productions and PlatinumGames, Metal Gear Rising: Revengeance takes the renowned Metal Gear franchise into exciting new territory with an all-new action experience. The game seamlessly melds pure action and epic story-telling that surrounds Raiden – a child soldier transformed into a half-human, half-cyborg ninja who uses his High Frequency katana blade to cut through any thing that stands in his vengeful path! A huge success on both Xbox 360 and PlayStation3, Metal Gear Rising: Revengeance comes to PC with all the famed moves and action running within a beautifully-realized HD environment. This new PC version includes all three DLC missions: Blade Wolf, Jetstream, and VR Missions, in addition to all customized body upgrades for Raiden, including: White Armor, Inferno Armor, Commando Armor, Raiden’s MGS4 body, and the ever-popular Cyborg Ninja. ""CUTSCENES"" option added to the Main Menu. Play any and all cutscenes. ""CODECS"" option added to the Main Menu. Play all and any codec conversation scenes. Menu option added to the CHAPTER Menu enabling user to play only the Boss battles. ""GRAPHIC OPTIONS"" added to the OPTIONS Menu. Modify resolution, anti-aliasing, etc. There is an option reading ""ZANGEKI"" that will modify the amount of cuts you can make.",https://www.igdb.com/games/metal-gear-rising-revengeance
164,Metal Gear Solid 4: Guns of the Patriots,Tiro em Terceira Pessoa,Kojima Productions/KONAMI,PlayStation 3,23/01/2015,26,2008,-,,380,Metal Gear Solid 4: Guns of the Patriots,https://images.igdb.com/igdb/image/upload/t_cover_big/co5eju.jpg,Kojima Productions,2008,"Shooter, Tactical, Adventure",87.44277618923863,"Metal Gear Solid 4: Guns of the Patriots is the final canonical Metal Gear game to feature Solid Snake as the main character. The gameplay of the previous games have been kept along with some new features, such as the ability to roll on your back and also to hide in bins scattered around the environment. Most of the story and the relationship between the characters are explained through cut-scenes with a considerable length, so knowledge of the prior games is recommended to fully understand the story. The game also features a complex multiplayer mode entitled Metal Gear Online with some original missions based on the stealth aspects of the single-player games.",https://www.igdb.com/games/metal-gear-solid-4-guns-of-the-patriots
165,God of War: Ascencion,Hack and Slash,Santa Monica Studios,PlayStation 3,30/01/2015,9,2013,-,,,,,,,,,,
166,Assassin's Creed IV: Black Flag,Ação,Ubisoft,PlayStation 3,06/02/2015,23,2013,-,,1970,Assassin's Creed IV Black Flag,https://images.igdb.com/igdb/image/upload/t_cover_big/co4qfn.jpg,Ubisoft Montreal,2013,Adventure,83.19847555871212,"Assassin’s Creed IV Black Flag begins in 1715, when pirates established a lawless republic in the Caribbean and ruled the land and seas. These outlaws paralyzed navies, halted international trade, and plundered vast fortunes. They threatened the power structures that ruled Europe, inspired the imaginations of millions, and left a legacy that still endures.",https://www.igdb.com/games/assassins-creed-iv-black-flag
167,Call of Duty: Ghosts,Tiro em Primeira Pessoa,Infinity Yard/ Activision,PlayStation 3,07/02/2015,6,2013,-,,2033,Call of Duty: Ghosts,https://images.igdb.com/igdb/image/upload/t_cover_big/co3b15.jpg,Neversoft Entertainment,2013,Shooter,64.93945338557671,"Call of Duty: Ghosts is a first-person shooter set in a near-future scenario where the United States has been devastated by an orbital weapons strike. The single-player campaign follows Logan Walker, a soldier fighting alongside an elite special operations unit called the Ghosts against the Federation of the Americas, a South American military superpower. Multiplayer introduces destructible map elements, new game modes such as Cranked and Blitz, and a Squads mode with AI-controlled teammates. The game also features Extinction, a four-player cooperative mode where players fight waves of alien creatures called Cryptids.",https://www.igdb.com/games/call-of-duty-ghosts
168,Injustice: Gods Amoug Us,Luta,Netherrealm Games,PlayStation 3,11/03/2015,5.5,2013,-,,,,,,,,,,
169,Tom Clancy's Splinter Cell: Blacklist,Tiro em Terceira Pessoa,Ubisoft,PlayStation 3,29/03/2015,11,2013,-,,1305,Tom Clancy's Splinter Cell: Blacklist,https://images.igdb.com/igdb/image/upload/t_cover_big/co1ygp.jpg,Ubisoft Toronto,2013,"Shooter, Tactical, Adventure",81.44252470962626,"Splinter Cell Blacklist builds on the stealth roots of the franchise, while exploring new directions to embrace the realms of action and adventure. Players can define their personal play styles and be rewarded for those choices. Ghost players want to remain undetected. Assault players rely on instincts and firepower to deal with a situation. Panther players strike lethally from the shadows in the most efficient and silent way.",https://www.igdb.com/games/tom-clancy-s-splinter-cell-blacklist
170,Watch_Dogs,Ação,Ubisoft,PlayStation 3,08/04/2015,19.5,2014,-,,1121,Watch Dogs,https://images.igdb.com/igdb/image/upload/t_cover_big/co2p5w.jpg,Ubisoft Montreal,2014,"Shooter, Adventure",73.10952880517105,"Set in Chicago, where a central network of computers connects everyone and everything, Watch Dogs explores the impact of technology within our society. Using the city as your weapon, you will embark on a personal mission to inflict your own brand of justice. Chicago's overarching network is known as the Central Operating System (ctOS), and it controls almost all of the city's technology and information - including key data on all of the city's residents.",https://www.igdb.com/games/watch-dogs
171,Naruto Shippuuden Ultimate Ninja Storm 3,Luta,Bandai Games,PlayStation 3,14/08/2015,13,2013,-,,,,,,,,,,
172,Gran Turismo 6,Corrida,Polyphony Digital,PlayStation 3,23/08/2015,44.5,2013,-,,7316,Gran Turismo 6,https://images.igdb.com/igdb/image/upload/t_cover_big/co3wi4.jpg,Polyphony Digital,2013,"Racing, Simulator, Sport",81.78016533332357,"Gran Turismo 6 is a racing video game and the sixth main installment—and twelfth overall entry—in the Gran Turismo series. New features include the addition of more cars and tracks, enhanced car customization options, and partnerships with the Goodwood Festival of Speed, the Ayrton Senna Institute, the FIA, and NASA.",https://www.igdb.com/games/gran-turismo-6
173,Battlefield 3,Tiro em Primeira Pessoa,DICE/ EA Games,PlayStation 3,28/08/2015,6,2011,-,,343,Battlefield 3,https://images.igdb.com/igdb/image/upload/t_cover_big/co1xbu.jpg,EA Digital Illusions CE,2011,Shooter,79.91962574130665,"In Battlefield 3, players step into the role of the elite U.S. Marines. As the first boots on the ground, players will experience heart-pounding missions across diverse locations including Paris, Tehran and New York. As a U.S. Marine in the field, periods of tension and anticipation are punctuated by moments of complete chaos. As bullets whiz by, as walls crumble, as explosions force players to the ground, the battlefield feels more alive and interactive than ever before.",https://www.igdb.com/games/battlefield-3
174,Metal Gear Solid 3: Snake Eater,Tiro em Terceira Pessoa,Kojima Productions/KONAMI,PlayStation 3,01/10/2015,16,2004,-,,379,Metal Gear Solid 3: Snake Eater,https://images.igdb.com/igdb/image/upload/t_cover_big/co5ei5.jpg,Konami Computer Entertainment Japan,2004,"Shooter, Tactical, Adventure",92.68037803818873,"Metal Gear Solid 3: Snake Eater is the prequel to the entire Metal Gear series. Most of the series' defining gameplay elements have been carried over and as before, Snake must use stealth and wits rather than brute force to infiltrate enemy zones and eliminate his major adversaries. Unlike the previous games, this installment takes place in a large outdoor jungle. Snake is able to use camouflage, climb trees, hide in tall grass or wear clothes that make him less noticeable.",https://www.igdb.com/games/metal-gear-solid-3-snake-eater
175,Uncharted 3: Drake's Deception,Tiro em Terceira Pessoa,Naughty Dog,PlayStation 3,12/10/2015,9,2011,-,,512,Uncharted 3: Drake's Deception,https://images.igdb.com/igdb/image/upload/t_cover_big/co1tp8.jpg,Naughty Dog,2011,"Shooter, Platform, Adventure",84.4603917332561,"A search for the fabled ""Atlantis of the Sands"" propels fortune hunter Nathan Drake on a trek into the heart of the Arabian Desert. When the terrible secrets of this lost city are unearthed, Drake's quest descends into a desperate bid for survival that strains the limits of his endurance and forces him to confront his deepest fears.",https://www.igdb.com/games/uncharted-3-drake-s-deception
176,Assassin's Creed III,Ação,Ubisoft,PlayStation 3,05/11/2015,16,2012,-,,1266,Assassin's Creed III,https://images.igdb.com/igdb/image/upload/t_cover_big/co1xii.jpg,Ubisoft Montreal,2012,Adventure,73.57977399339214,"Assassin's Creed III is an open-world action-adventure game set primarily in 18th-century Colonial America during the American Revolution. Players control two characters across the story: Haytham Kenway, a British Templar operating during the French and Indian War, and his half-Mohawk son Ratonhnhaké:ton (also known as Connor), who becomes an Assassin. Gameplay takes place across Boston, New York City, and a large wilderness frontier, with free-running, stealth, and combat using weapons including tomahawks, muskets, bows, and the series' signature Hidden Blades. The game introduces naval combat through Connor's captaining of a warship, as well as hunting, a homestead economy system, and seasonal weather that affects gameplay. A modern-day framing narrative follows Desmond Miles using the Animus to relive his ancestors' memories.",https://www.igdb.com/games/assassin-s-creed-iii
177,Killzone 3,Tiro em Primeira Pessoa,Guerrila Games,PlayStation 3,17/11/2015,7,2011,-,,1867,Killzone 3,https://images.igdb.com/igdb/image/upload/t_cover_big/co2mer.jpg,Guerrilla Games,2011,Shooter,77.43885266720761,"Killzone 3 is the fourth game in the Killzone franchise. Several improvements have been made over its prequel, and it can be seen in overall smoother and more balanced gameplay. As in previous game, you will commandeer various turrets and vehicles which will add to firepower but will leave you with rails-driven gameplay. One of the new weapons is a jet-pack which lets you jump and semi-fly with unlimited ammo as a part of new exoskeleton. The environment can sometimes be destroyed or used to your advantage, shooting barrels or certain plants will take out nearby enemy soldiers. Beside single-player campaign, Killzone 3 offers an upgraded version of Killzone 2's multiplayer. The game is also the first in the franchise to support 3D TVs.",https://www.igdb.com/games/killzone-3
178,Far Cry 3,Tiro em Primeira Pessoa,Ubisoft,PlayStation 3,13/01/2016,25,2012,-,,529,Far Cry 3,https://images.igdb.com/igdb/image/upload/t_cover_big/co1vpd.jpg,Ubisoft Montreal,2012,"Shooter, Adventure",83.37738753177211,"Explore an island playground as stunningly beautiful as it is diverse – from mountain ranges to swampy grasslands and white sandy beaches. Fight your way through the island’s towns, temples, river ports and more. Encounter a diverse and realistic cast of characters, including one of Far Cry’s most notorious villains: Vaas Montenegro. Dive into this deep and enriching story where morals are questionable and hope is all but abandoned.",https://www.igdb.com/games/far-cry-3
179,Call of Duty: Black Ops II,Tiro em Primeira Pessoa,Infinity Yard/ Activision,PlayStation 3,02/02/2016,7,2012,-,,1122,Call of Duty: Black Ops II,https://images.igdb.com/igdb/image/upload/t_cover_big/co1wkv.jpg,Treyarch,2012,Shooter,73.75934292715888,"Pushing the boundaries of what fans have come to expect from the record-setting entertainment franchise, Call of Duty: Black Ops II propels players into a near future, 21st Century Cold War, where technology and weapons have converged to create a new generation of warfare between old and new foes. In this conflict, the mechanized creations of men reign supreme, facing off against each other as their creators stay safe and unconflicted, and in the process grow ever softer. In this scenario an important question will be asked: What happens when an enemy steals the keys to your war? To understand such a possible future, you must understand where you have been.",https://www.igdb.com/games/call-of-duty-black-ops-ii
180,The Walking Dead: Season One,Point and Click,Telltale Games,PlayStation 3,25/02/2016,2.5,2012,-,,1871,The Walking Dead,https://images.igdb.com/igdb/image/upload/t_cover_big/co2j1g.jpg,Telltale Games,2012,"Point-and-click, Puzzle, Adventure",85.88917907790315,"The Walking Dead: Season One (also known as The Walking Dead: The Game) is an episodic interactive drama graphic adventure video game developed and published by Telltale Games. Based on Robert Kirkman's The Walking Dead comic book series, the game consists of five episodes, released between April and November 2012. It is available for Android, iOS, Kindle Fire HDX, Microsoft Windows, Mac OS X, PlayStation 3, PlayStation Vita, Xbox 360, PlayStation 4 and Xbox One. The game is the first of The Walking Dead video game series published by Telltale.",https://www.igdb.com/games/the-walking-dead
181,The Last of Us,Survival Horror,Naughty Dog,PlayStation 3,03/08/2016,15,2013,-,,1009,The Last of Us,https://images.igdb.com/igdb/image/upload/t_cover_big/co1r7f.jpg,Naughty Dog,2013,"Shooter, Adventure",92.83924641697985,"The Last of Us is a third-person action-adventure game featuring a mix of exploration, stealth and combat. Players face both infected creatures and hostile human enemies while progressing through varied environments. The game includes a narrative-driven single-player campaign and a competitive online multiplayer mode called Factions. Trophy support is included, and additional downloadable content was made available separately.",https://www.igdb.com/games/the-last-of-us
182,inFamous,Aventura,Sucker Punch Productions,PlayStation 3,04/08/2016,15,2009,-,,523,Infamous,https://images.igdb.com/igdb/image/upload/t_cover_big/co525t.jpg,Sucker Punch Productions,2009,"Shooter, Platform, Adventure",76.38636224496933,"Infamous is a single player open-world action/adventure game that places you in the role of Cole McGrath, a once regular guy who in the aftermath of a horrific catastrophe finds himself not only alive, but developing a fantastic array of superpowers. Going from ordinary to extraordinary overnight isn't something to take lightly. With these powers does one exact revenge? Protect the innocent? Or perhaps, dabble in a little of both? The choice is yours in Infamous.",https://www.igdb.com/games/infamous
183,God of War,Hack and Slash,Santa Monica Studios,PlayStation 3,07/08/2016,9,2005,-,,19560,God of War,https://images.igdb.com/igdb/image/upload/t_cover_big/cobkt6.jpg,SIE Santa Monica Studio,2018,"Role-playing (RPG), Hack and slash/Beat 'em up, Adventure",92.02600281929519,"God of War is the sequel to God of War III as well as a continuation of the canon God of War chronology. Unlike previous installments, this game focuses on Norse mythology and follows an older and more seasoned Kratos and his son Atreus in the years since the third game. It is in this harsh, unforgiving world that he must fight to survive… and teach his son to do the same.",https://www.igdb.com/games/god-of-war--1
184,God of War II,Hack and Slash,Santa Monica Studios,PlayStation 3,25/08/2016,12,2007,-,,117882,God of War II,https://images.igdb.com/igdb/image/upload/t_cover_big/co3dim.jpg,Sanzaru Games,2009,"Hack and slash/Beat 'em up, Adventure",79.78833733894737,"A remaster of God of War II, an action-adventure hack-and-slash video game developed by Santa Monica Studio and published by Sony Computer Entertainment (SCE). The game is rooted in Greek mythology and unfolds in ancient Greece, revolving around the theme of vengeance. The protagonist, Kratos, is the new God of War, having defeated the former, Ares. However, Kratos is betrayed by Zeus, the King of the Olympian gods, who not only strips him of his godhood but also kills him. Dragged slowly to the Underworld, Kratos is rescued by the Titan Gaia, who guides him to seek out the Sisters of Fate. These entities have the power to enable time travel, allowing Kratos to prevent his betrayal, and ultimately seek revenge on Zeus. The remaster features full HD resolution complete with 2X anti-aliased graphics running at 60 frames per second.",https://www.igdb.com/games/god-of-war-ii--1
185,Metal Gear Solid V: Ground Zeroes,Tiro em Terceira Pessoa,Kojima Productions/KONAMI,PlayStation 3,01/12/2016,2,2015,-,,5328,Metal Gear Solid V: Ground Zeroes,https://images.igdb.com/igdb/image/upload/t_cover_big/co1v88.jpg,Kojima Productions,2014,"Shooter, Tactical, Adventure",74.84323118818833,"Metal Gear Solid V: Ground Zeroes is a prologue to Metal Gear Solid V: The Phantom Pain. It offers players new sneaking and traversal methods compared to its predecessors, as well as the choice in what order the story events take place by selecting missions by advance. The most important change for this title is the shift to an open world design with a real-time day and night cycle doing away with the linear mission approach of previous games. The game was originally developed as a mission for The Phantom Pain, but an extended development time resulted in director Hideo Kojima splitting the specific portion of the game as a stand-alone product so that players could get early access to Metal Gear Solid V.",https://www.igdb.com/games/metal-gear-solid-v-ground-zeroes
186,Grand Theft Auto V,Ação,Rockstar Games,PlayStation 3,05/12/2016,35,2013,-,,1020,Grand Theft Auto V,https://images.igdb.com/igdb/image/upload/t_cover_big/co2lbd.jpg,Rockstar North,2013,"Shooter, Racing, Adventure",89.64775253103846,"Grand Theft Auto V is a vast open world game set in Los Santos, a sprawling sun-soaked metropolis struggling to stay afloat in an era of economic uncertainty and cheap reality TV. The game blends storytelling and gameplay in new ways as players repeatedly jump in and out of the lives of the game’s three lead characters, playing all sides of the game’s interwoven story.",https://www.igdb.com/games/grand-theft-auto-v
187,Ratchet & Clank: Full Frontal Assault,Tiro em Terceira Pessoa,Insomniac Games,PlayStation 3,12/12/2016,5,2012,-,,1797,Ratchet & Clank: Full Frontal Assault,https://images.igdb.com/igdb/image/upload/t_cover_big/co230o.jpg,Insomniac Games,2012,"Shooter, Platform, Strategy, Adventure",63.49164524281568,"Explore action-packed battlefields and wipe out waves of enemies with outrageous weapons. Classic Ratchet & Clank gameplay returns with a base-defense twist, including competitive and co-op cross-play for the PS3 and PS Vita.",https://www.igdb.com/games/ratchet-clank-full-frontal-assault
188,Kingdom: Classic,Aventura,Raw Fury Games,PC,07/01/2018,10,2015,-,,13686,Kingdom: Classic,https://images.igdb.com/igdb/image/upload/t_cover_big/co28fs.jpg,Licorice,2015,"Simulator, Strategy, Adventure, Indie",69.90756227148148,"Kingdom is a 2D side-scrolling strategy/resource management hybrid with a minimalist feel wrapped in a beautiful, modern pixel art aesthetic.",https://www.igdb.com/games/kingdom-classic--1
189,UFC Undisputed 2010,Luta,THQ Nordic,PlayStation 3,01/06/2018,24,2010,-,,7228,UFC Undisputed 2010,https://images.igdb.com/igdb/image/upload/t_cover_big/co3g9i.jpg,Yuke's,2010,"Fighting, Simulator, Sport",74.3931846665767,"So … you want to be a fighter? UFC Undisputed 2010 is the only mixed martial arts (MMA) videogame that delivers the action, intensity and prestige of the Ultimate Fighting Championship (UFC). Step into the Octagon to experience the most advanced and commanding virtual MMA action with more than 100 of the best UFC fighters in the world. Experience intelligent and intuitive combat, increased fighter customization, robust career progression, challenging new gameplay modes and explosive online offerings. UFC Undisputed 2010 embodies the ultimate essence and supremacy of a UFC fighter. Ready to be one?",https://www.igdb.com/games/ufc-undisputed-2010
190,PlayStation All-Stars Battle Royale,Luta,SuperBot Entertainment/ SCE Santa Monica,PlayStation 3,26/08/2018,3.5,2012,-,,7390,PlayStation All-Stars Battle Royale,https://images.igdb.com/igdb/image/upload/t_cover_big/co2ssv.jpg,SuperBot Entertainment,2012,"Fighting, Platform",64.53950593713783,Playstation All-Stars Battle Royal is a cross over fighting game featuring (mostly exclusive) iconic characters from various Playstation franchises. Each stage also feature prominent setting from other franchises. Playable characters are: Big Daddy (Bioshock) Cole MacGrath (Infamous) Colonel Radec (Killzone) Dante (DMC) Emmett Graves (Starhawk) (DLC content) Evil Cole McGrath (Infamous) Fate Princess (Fat Princess) Heihachi Mishima (Tekken) Isaac Clarke (Dead Space) (DLC content) Jak and Daxter (Jak and Daxter) Kat (Gravity Rush) (DLC content) Kratos (God of War) Nariko (Heavenly Sword) Nathan Drake (Uncharted) Parappa (Parappa the rapper) Raiden (Metal Gear Revengeance) Ratchet and Clank (Ratchet and Clank) Sackboy (Little Big Planet) Sir Daniel Fortesque (MediEvil) Sly Cooper (Sly Cooper) Spike (Ape Escape) Sweet Tooth (Twisted Metal) Toro Inoue (Doku Demo Issyo) Zeus (God of War) (DLC content),https://www.igdb.com/games/playstation-all-stars-battle-royale
191,inFamous: Festival of Blood,Aventura,Sucker Punch Productions,PlayStation 3,26/09/2018,3,2011,-,,7850,Infamous: Festival of Blood,https://images.igdb.com/igdb/image/upload/t_cover_big/co1yh0.jpg,Sucker Punch Productions,2011,"Platform, Hack and slash/Beat 'em up, Adventure",71.81740991284916,"Infamous: Festival of Blood is an action-adventure video game developed by Sucker Punch Productions for the PlayStation 3 video game console. Festival of Blood is a standalone expansion in the Infamous series based on the Infamous 2 engine and map but does not require a copy of Infamous 2 in order to play. The story is set aside from the canon aspect of the Infamous series, being a spoof told by the main protagonist's friend Zeke Dunbar. The game features new characters, powers and comes with a new comic cutscene creation for the main game Infamous 2 '​s user-generated content, as well as support for the PlayStation Move controller. Unlike previous games, the game does not feature karmic choices on missions due to Cole's vampire state.",https://www.igdb.com/games/infamous-festival-of-blood
192,Max Payne 3,Tiro em Terceira Pessoa,Rockstar Games,PlayStation 3,02/12/2018,10,2012,-,,960,Max Payne 3,https://images.igdb.com/igdb/image/upload/t_cover_big/co2mjo.jpg,Rockstar New England,2012,Shooter,81.99130301904259,"Max Payne 3 is a third-person shooter in which the player assumes the role of its titular character, Max Payne. A new feature to the series, introduced in Max Payne 3, is the cover system, which allows players to gain a tactical advantage, and avoid taking damage from enemies. To progress through the linear story, players take on enemies throughout levels. The game features interactive cutscenes which transition seamlessly into continuing gameplay; there are no loading screens across gameplay and cutscenes.",https://www.igdb.com/games/max-payne-3
193,God of War: Chains of Olympus,Hack and Slash,Ready at Dawn/Santa Monica Studios,PlayStation 3,12/12/2018,5.5,2008,-,,224439,God of War: Chains of Olympus,https://images.igdb.com/igdb/image/upload/t_cover_big/co5qi2.jpg,Ready At Dawn,2011,"Hack and slash/Beat 'em up, Adventure",73.14233035036273,"An HD remaster of God of War: Chains of Olympus included in ""God of War: Origins Collection."" It features high-definition resolution, stereoscopic 3D, anti-aliased graphics locked in at 60 frames per second, DualShock 3 vibration function, and Trophies. Chains of Olympus serves as a prequel, unfolding its narrative a decade before the events in the original God of War. While retaining the familiar gameplay dynamics of its predecessors, subtle modifications enhance the overall experience. Kratos embarks on a journey through various levels, engaging in relentless combat against foes and formidable bosses, deciphering puzzles based on manipulating boxes, and participating in quick-time events. Throughout his odyssey, he amasses red orbs to fortify his weapons and abilities, secures Gorgon eyeballs to augment his health, and acquires Phoenix feathers to amplify his magical prowess. The iconic Blades of Chaos, synonymous with the God of War series, make a return, accompanied by an array of new weapons and magical spells such as the Sun Shield, Efreet spell, and Light of Dawn. The narrative unfolds as the Gods dispatch Kratos to the city of Attica, charging him with the defence against an encroaching Persian army. However, as Morpheus unleashes chaos, Kratos finds himself compelled to harness his formidable powers to once again rescue the world from impending doom.",https://www.igdb.com/games/god-of-war-chains-of-olympus--1
194,God of War: Ghost of Sparta,Hack and Slash,Ready at Dawn/Santa Monica Studios,PlayStation 3,25/12/2018,6.5,2010,-,,224438,God of War: Ghost of Sparta,https://images.igdb.com/igdb/image/upload/t_cover_big/co5qi1.jpg,Ready At Dawn,2011,"Hack and slash/Beat 'em up, Adventure",71.47903768107741,"An HD remaster of God of War: Ghost of Sparta included in ""God of War: Origins Collection."" It features high-definition resolution, stereoscopic 3D, anti-aliased graphics locked in at 60 frames per second, DualShock 3 vibration function, and Trophies. God of War: Ghost of Sparta stands as a spin-off nestled between the events of God of War and God of War II. Despite ascending to the title of the god of war, Kratos remains haunted by nightmarish visions. One such vision compels him to embark on a new journey when he witnesses his mother, Callisto, imprisoned in Atlantis under the dominion of the sea god Poseidon. Against Athena's counsel to ignore the vision, Kratos sets forth to unravel his past and, in the process, rescue his long-lost brother, Deimos, from the clutches of the god of death, Thanatos.",https://www.igdb.com/games/god-of-war-ghost-of-sparta--1
195,Soul Calibur V,Luta,Namco Bandai Games,PlayStation 3,02/01/2019,3,2012,-,,1013,SoulCalibur V,https://images.igdb.com/igdb/image/upload/t_cover_big/co1ta1.jpg,Project Soul,2012,"Fighting, Simulator, Strategy, Arcade",68.86570566532299,"SOULCALIBUR V, the latest entry in the premier weapons-based head-to-head fighting series continues the epic struggle of warriors in search for the legendary Soul Swords. SCV takes place 17 years after the events of SOULCALIBUR IV and continues the epic story of warriors in search of the legendary Soul Swords in 17th century Europe. The heroic battles transpire in a beautiful and fluid world with eye-popping graphics and visual appeal. SOULCALIBUR V tunes the battle, movement, and visual systems so players can pull off cool dynamic attacks with ease and battle with complete freedom. A new dawn rises in the eternal struggle between the mighty Soul Swords!.",https://www.igdb.com/games/soulcalibur-v
196,Battlefield 4,Tiro em Primeira Pessoa,DICE/ EA Games,PlayStation 3,03/01/2019,6,2013,-,,1979,Battlefield 4,https://images.igdb.com/igdb/image/upload/t_cover_big/co1nmf.jpg,EA Digital Illusions CE,2013,"Shooter, Simulator, Strategy",75.80473868609384,"Battlefield 4 is the genre-defining action blockbuster created by Dice, and made from moments that blur the line between game and glory, moments found only in Battlefield. Go to Boot Camp to learn the basics of Battlefield 4's engaging single player and intense multiplayer mode. Here you'll also find intel on Levolution, Commander Mode, Naval Warfare and many more exciting game features.",https://www.igdb.com/games/battlefield-4
197,Assassin's Creed III: Liberation HD,Ação,Ubisoft,PlayStation 3,07/01/2019,8,2012,-,,20864,Assassin's Creed: Liberation HD,https://images.igdb.com/igdb/image/upload/t_cover_big/co1xin.jpg,Ubisoft Sofia,2014,Adventure,62.46399000554773,"Assassin’s Creed: Liberation HD is an action‑adventure stealth game set in 18th‑century New Orleans and surrounding territories, starring Aveline de Grandpré as she navigates colonial politics, slavery, and hidden conspiracies. Play through single‑player missions that blend stealth, parkour, and assassinations while upgrading gear and abilities. This HD re-release updates visuals, audio, AI, and facial animations to align with Assassin’s Creed III, adds extra single‑player missions, and removes Vita‑specific touch episodes and multiplayer features. On July 11, 2022, Assassin's Creed: Liberation HD was removed from purchase on Steam. Furthermore, it was announced that all DLC and online features would subsequently be inaccessible to players after September 1, 2022.",https://www.igdb.com/games/assassins-creed-liberation-hd
198,EA Sports MMA,Luta,EA Sports,PlayStation 3,09/01/2019,14,2010,-,,6984,EA Sports MMA,https://images.igdb.com/igdb/image/upload/t_cover_big/co60jx.jpg,EA Orlando,2010,"Fighting, Sport",78.30769766588023,"EA SPORTS MMA brings the authenticity of the world’s most intense combat sport home like never before. Choose from the world’s top fighters or climb the ranks of the worldwide circuit with your created prodigy to become the ultimate MMA champion. Travel the globe and learn a multitude of fighting techniques and skills from masters in each discipline. Select from various weight classes, rule sets, and take on all challengers in multiple cage types or a ring. The challenge continues online with the most robust offering for any MMA videogame, including the ability to create and share custom fighters, prize fights, and more. Are you ready? Let’s get it on!",https://www.igdb.com/games/ea-sports-mma
199,Killer Instinct: Definitive Edition,Luta,RARE,PC,07/03/2020,3.5,2013,-,,25662,Killer Instinct: Definitive Edition,https://images.igdb.com/igdb/image/upload/t_cover_big/co2x5b.jpg,Code Mystics,2016,Fighting,,"FIGHT ON! Discover your Killer Instinct! Play the legendary fighting game with stunning 60FPS visuals, over-the-top action, a wild cast of combatants, rocking reactive music, and C-C-C-COMBO BREAKERS! Features: • Includes all 26 characters from Seasons 1-3, including Shadow Jago, Rash from Battletoads, Arbiter from Halo and General RAAM from Gears of War • 20 stages with intense stage destruction • Killer Instinct Classic 1 & 2 for Xbox One • Explore the lore, characters and history of Killer Instinct with all-new behind-the-scenes videos, trailers and art • All the music of Killer Instinct, including Killer Cuts • Competitive online multiplayer matches with state-of-the-art fighting game netcode • Test your skill online in Monthly Ranked Leagues • Cinematic story modes • Extensive Dojo tutorial teaches all the core mechanics for Killer Instinct • Train an AI combatant and challenges your friends to asynchronous matches in Shadow Lab Xbox Live Features: • Play Anywhere with online multiplayer Cross Play with Windows 10 and Cloud Save between Xbox One and Windows 10 • Killer Instinct includes rich Xbox Live features like Achievements, Game DVR, Leaderboards and more",https://www.igdb.com/games/killer-instinct-definitive-edition
200,Ryse: Son of Rome,Aventura,Microsoft Studios,PC,22/03/2020,7,2013,-,,3812,Ryse: Son of Rome,https://images.igdb.com/igdb/image/upload/t_cover_big/co2r7y.jpg,Crytek Frankfurt,2013,"Hack and slash/Beat 'em up, Adventure",70.59987590854337,"Ryse: Son of Rome is a stunning action-adventure that follows Marius Titus on a heroic quest to avenge the death of his family, and preserve the honor of Rome, at all costs.",https://www.igdb.com/games/ryse-son-of-rome
201,Homefront,Tiro em Primeira Pessoa,KAOS Studio,PC,03/05/2020,4.33,2011,-,,1885,Homefront,https://images.igdb.com/igdb/image/upload/t_cover_big/co2j9b.jpg,Digital Extremes,2011,Shooter,68.39211199494054,"Featuring a compelling single player story crafted by John Milius (Apocalypse Now, Red Dawn), Homefront immerses gamers in an interactive and cinematic FPS experience where they will assume an infantry role or take command of a wide variety of aerial and ground vehicles. In addition to the single-player experience, Homefront will deliver a robust multiplayer experience. In a land stripped of freedom, the brave will fight for their home.",https://www.igdb.com/games/homefront
202,Life Is Strange,Aventura,DONTNOD/Square Enix,PC,18/05/2020,12,2015,-,,7599,Life Is Strange,https://images.igdb.com/igdb/image/upload/t_cover_big/co1r8e.jpg,DON'T NOD,2015,"Puzzle, Adventure, Indie",83.08768163150648,"Life Is Strange is a five part episodic game that sets out to revolutionize story based choice and consequence games by allowing the player to rewind time and affect the past, present and future.",https://www.igdb.com/games/life-is-strange
203,Minecraft Dungeons,Dungeon Crawler,MOJANG Studios,PC,31/05/2020,5.5,2020,-,,110474,Minecraft Dungeons,https://images.igdb.com/igdb/image/upload/t_cover_big/co233r.jpg,Mojang Studios,2020,"Role-playing (RPG), Hack and slash/Beat 'em up, Adventure",68.16700910801592,"""Brave the dungeons alone, or team up with friends! Up to four players can battle together through action-packed, treasure-stuffed, wildly varied levels, all in an epic quest to save the villagers and take down the evil Arch-Illager! Discover new weapons and items that will help you defeat a ruthless swarm of new-and-nasty mobs. Fight or flee through canyons, swamps and – of course – mines! Any adventurer brave or foolish enough (or a bit-of-both!) to explore this blocky and beautiful world will need to come prepared. So quickly, gear up!""",https://www.igdb.com/games/minecraft-dungeons
204,Marvel Vs. Capcom: Infinite,Luta,Capcom,PC,11/06/2020,5,2017,-,,26197,Marvel vs. Capcom: Infinite,https://images.igdb.com/igdb/image/upload/t_cover_big/co1wqa.jpg,Capcom,2017,Fighting,72.91409917096067,"Marvel vs. Capcom: Infinite will feature a variety of exciting and accessible single player modes and rich multi-player content for new players and longtime fans alike. In addition to single player Arcade, Training and Mission modes, a visually stunning and immersive cinematic Story Mode will put players at the center of both universes as they battle for survival against a sinister new threat. Marvel vs. Capcom: Infinite is being built to highlight a combination of iconic locations and fan favorite characters from both universes, including Captain Marvel and Iron Man from the Marvel side, and Ryu and Mega Man X from Capcom.",https://www.igdb.com/games/marvel-vs-capcom-infinite
205,The Awesome Adventures of Captain Spirit,Point and Click,DONTNOD/Square Enix,PC,12/06/2020,2,2018,-,,103283,The Awesome Adventures of Captain Spirit,https://images.igdb.com/igdb/image/upload/t_cover_big/cobugo.jpg,DON'T NOD,2018,Adventure,75.68244457842322,"Have you ever dreamt of being a superhero? Meet Chris, a creative and imaginative 9 year old boy who escapes reality with fantastical adventures as his alter ego, the Awesome Captain Spirit! Captain Spirit is a free demo set in the Life is Strange universe.",https://www.igdb.com/games/the-awesome-adventures-of-captain-spirit
206,Dead Rising 4,Survival Horror,Capcom,PC,12/06/2020,14,2016,-,,19521,Dead Rising 4,https://images.igdb.com/igdb/image/upload/t_cover_big/co2gzo.jpg,"Capcom Game Studio Vancouver, Inc.",2016,"Shooter, Hack and slash/Beat 'em up, Adventure",70.29727919064376,"It’s the holiday season in Willamette, Colorado and a mysterious outbreak has overrun the Willamette Memorial Megaplex Mall and surrounding town with dangerous and deadly predators. Join Frank West as you explore a vast, open world sandbox filled with dangerous new zombies and a million ways to kill them as you seek to uncover the truth behind the outbreak – or die trying.",https://www.igdb.com/games/dead-rising-4
207,Sunset Overdrive,Aventura,Insomniac Games,PC,12/07/2020,12,2014,-,,3247,Sunset Overdrive,https://images.igdb.com/igdb/image/upload/t_cover_big/co20td.jpg,Insomniac Games,2014,"Shooter, Platform, Adventure",79.18209241597778,"The city’s overrun with mutants. Problem? Not for you. Sunset Overdrive is an open-world playground of post-apocalyptic possibilities. Vault, grind & wall-run while using a deadly & unconventional arsenal. With hyper-agility, unique weapons, & customizable abilities, it rewrites the rules of shooters while delivering an irreverent adventure.",https://www.igdb.com/games/sunset-overdrive
208,Assassin's Creed: Unity,Ação,Ubisoft,PC,17/07/2020,17,2014,-,,136262,Assassin's Creed: Unity - Limited Edition,https://images.igdb.com/igdb/image/upload/t_cover_big/co2fot.jpg,Ubisoft Montreal,2014,Adventure,70.05888562395585,"The Limited Edition release of Assassin's Creed: Unity includes the base game and a code to download the Chemical Revolution mission, which isn't available as standalone DLC. Paris, 1789. The French Revolution turns a once-magnificent city into a place of terror and chaos. Its cobblestone streets run red with the blood of commoners who dared to rise up against the oppressive aristocracy. As the nation tears itself apart, a young man named Arno will embark on an extraordinary journey to expose the true powers behind the Revolution. His pursuit will throw him into the middle of a ruthless struggle for the fate of a nation, and transform him into a true Master Assassin. Introducing Assassin’s Creed Unity, the next-gen evolution of the blockbuster franchise powered by an all-new game engine. From the storming of the Bastille to the execution of King Louis XVI, experience the French Revolution as never before, and help the people of France carve an entirely new destiny.",https://www.igdb.com/games/assassins-creed-unity-limited-edition
209,Assassin's Creed: Syndicate,Ação,Ubisoft,PC,18/07/2020,23,2015,-,,52626,Assassin's Creed: Syndicate - Gold Edition,https://images.igdb.com/igdb/image/upload/t_cover_big/co4lgq.jpg,Ubisoft Québec,2015,Adventure,,"London, 1868. The Industrial Revolution unleashes an age of invention, transforming the lives of millions with technologies once thought impossible. But industrialization only fattens the purses of a privileged few, while workers struggle to survive in the factories that make London the beating heart of the global economy— until an Assassin rallies to their defense, sparking an epic conflict that will echo throughout history. Create the world’s first organized crime family. Conquer the streets of London. Bring the ruling class to their knees. And rise to lead the London underworld in a visceral adventure unlike anything you've played before. Gold Edition includes game and Season Pass- featuring a major expansion plus digital content and exclusives. Season Pass included: 10 hours of extra gameplay: Jack the Ripper campaign, the Last Maharaja mission pack, ""A Long Night"" exclusive mission, the Streets of London gameplay pack, new gears, weapons, a permanent xp boost and 500 Helix Credits.",https://www.igdb.com/games/assassins-creed-syndicate-gold-edition
210,Assassin's Creed: Origins,Ação,Ubisoft,PC,03/08/2020,32,2017,-,,39044,Assassin's Creed: Origins - Gold Edition,https://images.igdb.com/igdb/image/upload/t_cover_big/co23ob.jpg,Ubisoft Montreal,2017,"Role-playing (RPG), Adventure",82.8627583712686,Assassin’s Creed: Origins is a new beginning. Take on epic enemies with a whole new combat system. Explore the Great Pyramids and hidden tombs across the country of Ancient Egypt. Experience visceral quests that contribute to your overall progression and discover the origin story of the Assassin’s Brotherhood. Gold Edition includes game + Deluxe Edition content + Season Pass.,https://www.igdb.com/games/assassins-creed-origins-gold-edition
211,Lara Croft GO,Puzzle,Square Enix,PC,15/08/2020,4.5,2015,-,,11592,Lara Croft Go,https://images.igdb.com/igdb/image/upload/t_cover_big/co1xo1.jpg,Square Enix Montréal,2015,"Puzzle, Strategy, Turn-based strategy (TBS), Adventure",77.93053946052832,"Lara Croft GO expands the turn-based puzzle gameplay and takes you on an adventure set in a long-forgotten world. Explore the ruins of an ancient civilization, discover hidden secrets and face deadly challenges as you uncover the myth of the Queen of Venom. A never-before-seen take on the iconic franchise featuring challenging gameplay, gorgeous visuals and a mesmerizing soundtrack, all at your fingertips.",https://www.igdb.com/games/lara-croft-go
212,Resident Evil 3: Remake,Survival Horror,Capcom,PC,26/09/2020,5.58,2020,-,,,,,,,,,,
213,Mortal Kombat 11,Luta,Netherrealm Games,PC,15/10/2020,6,2020,-,,112916,Mortal Kombat 11,https://images.igdb.com/igdb/image/upload/t_cover_big/co20mh.jpg,NetherRealm Studios,2019,Fighting,82.56400549346239,"Mortal Kombat is back and better than ever in the next evolution of the iconic franchise. The all new Custom Character Variations give you unprecedented control of your fighters to make them your own. The new graphics engine showcases every skull-shattering, eye-popping moment, bringing you so close to the fight you can feel it. Featuring a roster of new and returning Klassic Fighters, Mortal Kombat's best-in-class cinematic story mode continues the epic saga over 25 years in the making.",https://www.igdb.com/games/mortal-kombat-11
214,Sonic Mania,Plataforma,SEGA,PC,31/10/2020,10,2017,-,,21062,Sonic Mania,https://images.igdb.com/igdb/image/upload/t_cover_big/cob1t0.jpg,Headcannon,2017,"Platform, Adventure",83.36506609148437,"Sonic Mania is a side-scrolling platformer that pays homage to the original Sega Genesis Sonic the Hedgehog games. Players choose from Sonic, Tails, or Knuckles, each with unique abilities, and speed through 13 zones that include redesigned stages from past games alongside original levels. The game features special stages for collecting Chaos Emeralds, time attack with online leaderboards, and split-screen competitive multiplayer.",https://www.igdb.com/games/sonic-mania
215,New Super Mario Bros. U,Plataforma,Nintendo,Nintendo Wii U,10/11/2020,9,2012,-,,2171,New Super Mario Bros. U,https://images.igdb.com/igdb/image/upload/t_cover_big/co21ts.jpg,Nintendo Entertainment Analysis & Development,2012,"Platform, Adventure",78.36606255562427,"New Super Mario Bros. U is a side-scrolling 2.5D platform game, and the fourth and latest installment in the New Super Mario Bros. series. As the sequel to New Super Mario Bros. Wii, the game is a follow-up game of New Super Mario Bros. 2. It uses new, more detailed background styles and models and introduces the Flying Squirrel power-up, acquired by Mario and his friends from an item called the Super Acorn, as well as utilizing the Wii U GamePad in Boost Mode. In addition to the core campaign, there are also challenge modes.",https://www.igdb.com/games/new-super-mario-bros-u
216,Hyrule Warriors,Hack and Slash,Koei Tecmo,Nintendo Wii U,20/11/2020,13,2014,-,,5314,Hyrule Warriors,https://images.igdb.com/igdb/image/upload/t_cover_big/co3p0r.jpg,Team NINJA,2014,"Strategy, Hack and slash/Beat 'em up",73.31201411029367,"A Legendary Pairing: Cut down entire legions of enemies as Link, Zelda, Midna and other characters from The Legend of Zelda franchise using over-the-top powerful Dynasty Warriors-style moves. This tour de force through the beloved locales of Hyrule will have players battling some of the fiercest enemies in The Legend of Zelda history. Two players can play local co-op, with one player joining with the Wii U GamePad controller and another with the Wii U Pro Controller or Wii Remote and Nunchuk controllers.",https://www.igdb.com/games/hyrule-warriors
217,Hard Reset Redux,Tiro em Primeira Pessoa,Flying Wild Hog,PC,21/12/2020,8.33,2011,-,,17994,Hard Reset: Redux,https://images.igdb.com/igdb/image/upload/t_cover_big/co283a.jpg,Flying Wild Hog,2016,"Shooter, Adventure, Indie",60.339114149476,"The acclaimed First-Person Shooter returns fully upgraded, and more beautifully challenging than ever. Hard Reset: Redux is a brand new version of the cyberpunk classic that includes all the content of previous editions, and adds new improved gameplay, enhanced visuals and additional content to make this the Definitive Edition of Hard Reset. Hard Reset: Redux is an action-packed and hardcore single-player shooter which embraces the best qualities that the genre has it offer. It includes over-the-top destruction, loads of enemies, great weapon variety, a challenging campaign and a beautifully realized cyberpunk setting. Having been originally developed to shake-up the shooter scene on PC, Hard Reset now returns to do it again on a new generation of hardware.",https://www.igdb.com/games/hard-reset-redux
218,Borderlands GOTY Enhanced,Tiro em Primeira Pessoa,2K Games,PC,29/12/2020,19,2007,-,,,,,,,,,,
219,Streets of Rage 4,Beat 'em Up,Dotemu,PC,14/01/2021,10,2020,-,,107262,Streets of Rage 4,https://images.igdb.com/igdb/image/upload/t_cover_big/co2dru.jpg,DotEmu,2020,"Fighting, Hack and slash/Beat 'em up, Adventure, Indie, Arcade",80.15144179099435,"Streets of Rage 4 is a side-scrolling beat 'em up that continues the series following the original trilogy. Players fight through Wood Oak City using a mix of returning and new characters, each with their own combat styles and special moves. The game builds on the classic formula with new mechanics while maintaining the responsive, straightforward action the series is known for. Featuring hand-drawn visuals from the team behind Wonder Boy: The Dragon's Trap, it supports both solo and cooperative play locally or online across multiple difficulty levels.",https://www.igdb.com/games/streets-of-rage-4
220,The Legend of Zelda: Breath of the Wild,RPG de Ação,Nintendo,Nintendo Switch,24/04/2026,85,2017,-,"Já tinha zerado antes, entretanto sem data. Data atual é da última zerada.",7346,The Legend of Zelda: Breath of the Wild,https://images.igdb.com/igdb/image/upload/t_cover_big/co3p2d.jpg,Nintendo EPD Production Group No. 3,2017,"Puzzle, Adventure",92.49745665613112,"The Legend of Zelda: Breath of the Wild is the first 3D open-world game in the Zelda series. Link can travel anywhere and be equipped with weapons and armor found throughout the world to grant him various bonuses. Unlike many games in the series, Breath of the Wild does not impose a specific order in which quests or dungeons must be completed. While the game still has environmental obstacles such as weather effects, inhospitable lands, or powerful enemies, many of them can be overcome using the right method. A lot of critics ranked Breath of the Wild as one of the best video games of all time.",https://www.igdb.com/games/the-legend-of-zelda-breath-of-the-wild
221,Doom Eternal,Tiro em Primeira Pessoa,ID Software,PC,10/02/2021,21,2020,-,,103298,Doom Eternal,https://images.igdb.com/igdb/image/upload/t_cover_big/co3p5n.jpg,id Software,2020,Shooter,84.71209485381891,"Doom Eternal is a first-person shooter developed by id Software and the sequel to Doom (2016). Players control the Doom Slayer as he fights to end a demonic invasion of Earth. Combat is built around aggressive resource management, where health, armor, and ammo are gained by executing, igniting, or chainsawing enemies. The game introduces platforming segments, destructible enemy weak points, an expanded weapon arsenal, and a multiplayer mode called Battlemode, where one player-controlled Slayer fights two player-controlled demons.",https://www.igdb.com/games/doom-eternal
222,Alan Wake,Survival Horror,Remedy Interactive,PC,11/02/2021,18,2012,-,,1062,Alan Wake,https://images.igdb.com/igdb/image/upload/t_cover_big/co2dft.jpg,Remedy Entertainment,2010,"Shooter, Adventure",81.25605155405242,"Alan Wake is a psychological horror action-adventure game developed by Remedy Entertainment. The narrative centres on Alan Wake, a bestselling thriller novelist experiencing writer's block. He travels to the small town of Bright Falls with his wife, Alice, seeking a change of environment. Shortly after their arrival, Alice vanishes under mysterious circumstances. As Alan searches for her, he discovers pages of a thriller novel he does not recall writing. The events described in these pages begin to manifest in reality, and Alan encounters hostile supernatural entities known as the ""Taken,"" who are controlled by darkness. The gameplay involves navigating Bright Falls and using light to combat these dark forces. The storyline explores themes of reality and fiction, along with the influence of the written word.",https://www.igdb.com/games/alan-wake
223,Dead Rising 3,Survival Horror,Capcom,PC,20/04/2021,28.75,2013,-,,3199,Dead Rising 3,https://images.igdb.com/igdb/image/upload/t_cover_big/co2pvc.jpg,"Capcom Game Studio Vancouver, Inc.",2013,"Role-playing (RPG), Adventure",68.02296587580585,"Available exclusively for Xbox One and Windows, Dead Rising 3 marks the return of one of the most popular zombie video game franchises. Set 10 years after the events of Fortune City in Dead Rising 2, players are introduced to Nick Ramos, a young mechanic with a strange tattoo and a mysterious past, who must find a way to escape a city full of zombies before an impending military strike wipes the city of Los Perdidos, California, and everyone in it, off the map. Nick can’t do it alone – he must join up with other survivors to stay alive. They must fight their way out before it’s too late.",https://www.igdb.com/games/dead-rising-3
224,Kirby Star Allies,Plataforma,Nintendo,Nintendo Switch,01/05/2021,5.5,2018,-,,37137,Kirby Star Allies,https://images.igdb.com/igdb/image/upload/t_cover_big/co8ezz.jpg,HAL Laboratory,2018,"Platform, Hack and slash/Beat 'em up, Adventure",70.88812669268088,"Kirby is back in this new title coming to the Nintendo Switch console in HD. Recruit enemies as helpers, use Kirby copy abilities such as Sword, Fire and Water, and join forces with up to three friends for a different kind of team-up action.",https://www.igdb.com/games/kirby-star-allies
225,A Plague Tale: Innocence,Survival Horror,ASOBO Studios,PC,05/06/2021,13.67,2019,-,,27316,A Plague Tale: Innocence,https://images.igdb.com/igdb/image/upload/t_cover_big/co1lat.jpg,Asobo Studio,2019,Adventure,80.61230541050008,"A Plague Tale: Innocence is a third-person action-adventure game set in 14th-century France during the Black Death. Players control Amicia, a young girl protecting her little brother Hugo as they flee the Inquisition and navigate environments overrun by swarms of plague rats. Gameplay combines stealth, puzzle-solving, and light combat, with an emphasis on using fire and light to manage the rat hordes.",https://www.igdb.com/games/a-plague-tale-innocence
226,Spyro The Dragon (Reignited Trilogy),Plataforma,Activision,PC,28/06/2021,8,2018,-,,142213,Spyro the Dragon,https://images.igdb.com/igdb/image/upload/t_cover_big/cob92j.jpg,Toys for Bob,2018,"Platform, Adventure",85.06644626769422,"The first game in the Spyro series has been completely remade from the ground up. It stars the title character, a young purple dragon named Spyro, and his dragonfly friend, Sparx, who must journey across the Dragon Kingdom to defeat Gnasty Gnorc, who has overtaken the 5 dragon Homeworlds by trapping the other dragons in crystal and turning their hoard of gems into an army of minions.",https://www.igdb.com/games/spyro-the-dragon--1
227,Call of Duty: World War II,Tiro em Primeira Pessoa,Activision,PC,15/07/2021,7,2017,-,,28204,Call of Duty: WWII,https://images.igdb.com/igdb/image/upload/t_cover_big/co1rdj.jpg,Sledgehammer Games,2017,Shooter,74.21850921479862,"Call of Duty: WWII creates the definitive World War II next generation experience across three different game modes: Campaign, Multiplayer, and Co-Operative. Featuring stunning visuals, the Campaign transports players to the European theater as they engage in an all-new Call of Duty story set in iconic World War II battles. Multiplayer marks a return to original, boots-on-the ground Call of Duty gameplay. Authentic weapons and traditional run-and-gun action immerse you in a vast array of World War II-themed locations. The Co-Operative mode unleashes a new and original story in a standalone game experience full of unexpected, adrenaline-pumping moments.",https://www.igdb.com/games/call-of-duty-wwii
228,The Legend of Zelda: Link's Awakening,RPG de Ação,Nintendo,Nintendo Switch,26/10/2021,22.54,2019,-,,115284,The Legend of Zelda: Link's Awakening,https://images.igdb.com/igdb/image/upload/t_cover_big/co1qve.jpg,Grezzo,2019,"Puzzle, Adventure",82.50255071311142,"As Link, you awaken in a strange land away from Hyrule, where animals talk and monsters roam. To uncover the truth behind your whereabouts and rouse the legendary Wind Fish, explore Koholint Island and all its trap-ridden dungeons, reimagined in stunning detail for this new release of one of the most beloved The Legend of Zelda games. Along the way, you'll meet a hilarious assortment of charming characters to which you'll never want to say goodbye. In this new version of the game, the classic soundtrack has been reborn with new arrangements, and now you can equip more items at once, review key conversations, and navigate the map in new ways. Try your hand at the renovated mini-games to earn dolls based on the Super Mario series...or Chamber Stones, which you can use to arrange your own Chamber Dungeons. Each one is a puzzle in and of itself!",https://www.igdb.com/games/the-legend-of-zelda-links-awakening--1
229,Dishonored,Tiro em Primeira Pessoa,Arkane Studios,PC,22/08/2021,10.029999999999999,2012,-,,533,Dishonored,https://images.igdb.com/igdb/image/upload/t_cover_big/coabgu.jpg,Arkane Studios,2012,"Puzzle, Role-playing (RPG), Adventure",84.85117867766922,"Dishonored is an immersive first-person action game that casts you as a supernatural assassin driven by revenge. With Dishonored’s flexible combat system, creatively eliminate your targets as you combine the supernatural abilities, weapons and unusual gadgets at your disposal. Pursue your enemies under the cover of darkness or ruthlessly attack them head on with weapons drawn. The outcome of each mission plays out based on the choices you make.",https://www.igdb.com/games/dishonored
230,Dishonored 2,Tiro em Primeira Pessoa,Arkane Studios,PC,14/09/2021,15.75,2016,-,,11118,Dishonored 2,https://images.igdb.com/igdb/image/upload/t_cover_big/co9e29.jpg,Arkane Studios,2016,"Shooter, Role-playing (RPG), Adventure",84.8945905864982,"Dishonored 2 is a first-person action video game and the sequel to Dishonored. It borrows many of the gameplay elements from the first opus: players define their own play style by blending action, assassination, stealth, mobility and combat. Combining tools at their disposal, players are allowed options to eliminate enemies, whether they choose to pursue them unseen or ruthlessly attack head on. Dishonored 2 features the same campaign style as its predecessor in which the protagonist must advance through a series of missions.",https://www.igdb.com/games/dishonored-2
231,Super Mario Odyssey,Plataforma,Nintendo,Nintendo Switch,01/11/2021,28,2017,-,,26758,Super Mario Odyssey,https://images.igdb.com/igdb/image/upload/t_cover_big/co1mxf.jpg,Nintendo EPD Production Group No. 8,2017,"Platform, Adventure",88.827887974568,"Explore incredible places far from the Mushroom Kingdom as you join Mario and his new ally Cappy on a massive, globe-trotting 3D adventure. Use amazing new abilities, like the power to capture and control objects, animals, and enemies to collect Power Moons so you can power up the Odyssey airship and save Princess Peach from Bowser’s wedding plans!",https://www.igdb.com/games/super-mario-odyssey
232,Resident Evil: Village,Survival Horror,Capcom,PC,10/12/2021,10.029999999999999,2021,-,,55163,Resident Evil Village,https://images.igdb.com/igdb/image/upload/t_cover_big/coab9q.jpg,Capcom Development Division 1,2021,"Shooter, Adventure",84.01785744266778,"Resident Evil Village is a first-person survival horror game and the sequel to Resident Evil 7: Biohazard. The game maintains elements from previous Resident Evil games, with players having to scavenge environments for items and manage their resources. However, it adds more action-oriented gameplay, with higher enemy counts and a greater emphasis on combat.",https://www.igdb.com/games/resident-evil-village
233,Call of Juarez: Gunslinger,Tiro em Primeira Pessoa,Techland,PC,14/12/2021,4.8,2013,-,,1976,Call of Juarez: Gunslinger,https://images.igdb.com/igdb/image/upload/t_cover_big/coag64.jpg,Techland,2013,"Shooter, Adventure, Arcade",77.56627331218274,"From the dust of a gold mine to the dirt of a saloon, Call of Juarez: Gunslinger is a real homage to the Wild West tales. Live the epic and violent journey of a ruthless bounty hunter on the trail of the West’s most notorious outlaws. Blurring the lines between man and myth, this adventure made of memorable encounters unveils the untold truth behind some of the greatest legends of the Old West.",https://www.igdb.com/games/call-of-juarez-gunslinger
234,Final Fantasy VII Remake,RPG de Ação,Square Enix,PC,14/01/2022,37.33,2020,-,,11169,Final Fantasy VII Remake,https://images.igdb.com/igdb/image/upload/t_cover_big/cobcwt.jpg,Square Enix Creative Business Unit I,2020,"Role-playing (RPG), Adventure",87.88971497242919,"A modern reimagining of one of the most iconic games of all time, Final Fantasy VII Remake harnesses the very latest technology to recreate and expand Square Enix's legendary RPG adventure for the current generation. Set in a post-industrial fantasy world that has fallen under the control of the shadowy Shinra Electric Power Company, take on the role of Cloud Strife - a mercenary and former member of Shinra's elite Soldier unit - and team up with anti-Shinra organization Avalanche as they step-up their resistance.",https://www.igdb.com/games/final-fantasy-vii-remake
235,God of War (2018),RPG de Ação,Santa Monica Studios,PC,29/01/2022,28.75,2018,-,,19560,God of War,https://images.igdb.com/igdb/image/upload/t_cover_big/cobkt6.jpg,SIE Santa Monica Studio,2018,"Role-playing (RPG), Hack and slash/Beat 'em up, Adventure",92.02600281929519,"God of War is the sequel to God of War III as well as a continuation of the canon God of War chronology. Unlike previous installments, this game focuses on Norse mythology and follows an older and more seasoned Kratos and his son Atreus in the years since the third game. It is in this harsh, unforgiving world that he must fight to survive… and teach his son to do the same.",https://www.igdb.com/games/god-of-war--1
236,Mafia: Definitive Edition,Ação,Hangar 13,PC,01/02/2022,13.2,2020,-,,134070,Mafia: Definitive Edition,https://images.igdb.com/igdb/image/upload/t_cover_big/co26vl.jpg,Hangar 13,2020,"Shooter, Adventure",78.81631754314738,"Re-made from the ground up, rise through the ranks of the Mafia during the Prohibition era of organized crime. After a run-in with the mob, cab driver Tommy Angelo is thrust into a deadly underworld. Initially uneasy about falling in with the Salieri crime family, Tommy soon finds that the rewards are too big to ignore.",https://www.igdb.com/games/mafia-definitive-edition
237,Mega Man (Legacy Collection),Plataforma,Capcom,Nintendo 8-bits,11/02/2022,5,1987,-,,236703,Mega Man,https://images.igdb.com/igdb/image/upload/t_cover_big/co64rs.jpg,Minakuchi Engineering,1994,"Shooter, Platform",,A remaster of Mega Man released in Mega Man: The Wily Wars.,https://www.igdb.com/games/mega-man--5
238,Mega Man 2 (Legacy Collection),Plataforma,Capcom,Nintendo 8-bits,14/02/2022,4.5,1988,-,,1715,Mega Man 2,https://images.igdb.com/igdb/image/upload/t_cover_big/co5x42.jpg,Capcom,1989,"Platform, Adventure",85.17375684426915,"In the year 200X, a super robot named Mega Man was created. Dr. Light created Mega Man to stop the evil desires of Dr. Wily. However, after his defeat, Dr. Wily created eight of his own robots to counter Mega Man.",https://www.igdb.com/games/mega-man-2
239,Mega Man 3 (Legacy Collection),Plataforma,Capcom,Nintendo 8-bits,15/02/2022,3,1990,-,,1716,Mega Man 3,https://images.igdb.com/igdb/image/upload/t_cover_big/co55ce.jpg,Capcom,1990,"Shooter, Platform",78.70505126778482,"It's robot rebellion, and nobody's safe! Least of all, Mega Man! This time the superpowerful cyborg takes on a horde of metal maniacs who've had it with being obedient! And they use every android-annihilator ever invented to make you believe it! Mega Man goes berserk, blasting through a galaxy of mining stations in search of energy crystals. But it takes more than guts to battle the phenomenal robot masters who control these worlds. It's a wrenching job, the worst - and the best - that Mega Man's faced so far!",https://www.igdb.com/games/mega-man-3
240,Mega Man 4 (Legacy Collection),Plataforma,Capcom,Nintendo 8-bits,16/02/2022,2.5,1991,-,,1717,Mega Man 4,https://images.igdb.com/igdb/image/upload/t_cover_big/co5ssy.jpg,Capcom,1991,"Shooter, Platform",76.85354092430595,"For a year the city has been quiet, but a new robotic terror has gripped the city! That scheming scientist, Dr. Cossack has arrived in town with eight new metal maniacs who are bigger and badder than anything Dr. Wily dreamed of. It's going to be a cybernetic showdown as the streets of the city erupt with the sizzling sounds of molten metal! Armed with the new Mega Buster, Mega Man runs, jumps and dodges his way through mazes of metallic munchkins on his way to the Siberian citadel of Dr. Cossack for the final cataclysmic clash!",https://www.igdb.com/games/mega-man-4
241,Mega Man 5 (Legacy Collection),Plataforma,Capcom,Nintendo 8-bits,18/02/2022,3,1992,-,,1718,Mega Man 5,https://images.igdb.com/igdb/image/upload/t_cover_big/co5x45.jpg,Capcom,1992,"Shooter, Platform",76.99262919133182,"In the fifth chapter of the original Mega Man series, the battle is closer to home as Mega Man fights to save the world from further destruction. Gain the advantage by picking up items and successfully defeating bosses to gain their weapons as your own. Get ready for intense action-platforming in 13 stages before taking up battle against Protoman!",https://www.igdb.com/games/mega-man-5
242,Mega Man 6 (Legacy Collection),Plataforma,Capcom,Nintendo 8-bits,18/02/2022,2.83,1993,-,,1719,Mega Man 6,https://images.igdb.com/igdb/image/upload/t_cover_big/co55cf.jpg,Capcom,1993,"Shooter, Platform",78.52766062372262,"From the United States, Canada and Japan they came. The world's premier designers and their finest robotic warriors traveled to do battle in the First Annual Robot Tournament. But what began as a game suddenly took a terrifying twist! On the eve of the Grand Championship, the sponsor of the event announced that the entire tournament was just an elaborate scheme to get his hands on the world's most powerful robots! Now faced with an army of metallic mercenaries, Mega Man must fight a ferocious new foe - The Mysterious Mr. X!",https://www.igdb.com/games/mega-man-6
243,Mega Man 7 (Legacy Collection),Plataforma,Capcom,Super Nintendo,24/02/2022,5,1995,-,,1720,Mega Man 7,https://images.igdb.com/igdb/image/upload/t_cover_big/co6o8y.jpg,Capcom,1995,"Shooter, Platform",76.00712902429878,"Mega Man 7 is an action platform video game developed and published by Capcom for the Super Nintendo Entertainment System. It is the seventh game in the original Mega Man series. The game was released in Japan on March 24, 1995 and was localized later in the year in North America and Europe.",https://www.igdb.com/games/mega-man-7
244,Crysis 2,Tiro em Primeira Pessoa,EA Games,PC,08/05/2022,7.47,2011,-,,471,Crysis 2,https://images.igdb.com/igdb/image/upload/t_cover_big/co2on2.jpg,Crytek Frankfurt,2011,"Shooter, Adventure",77.19978782393235,"Sequel to one of the greatest PC shooters ever, Crysis 2 offers console players their first taste of Crytek's unique shooter gameplay. Featuring futuristic war, gorgeous destruction and the chance to kick alien butt on the grandest stage of all, New York City, Crysis 2 is destined at the least to equal its predecessor, if not surpass it. Additional features include: challenging AI enemies in the single player campaign, 12-player support online, new and improved upgradable Nanosuit 2 technology and more.",https://www.igdb.com/games/crysis-2
245,Destroy All Humans!,Plataforma,THQ Nordic,PC,08/05/2022,10,2020,-,,119257,Destroy All Humans!,https://images.igdb.com/igdb/image/upload/t_cover_big/co2g6j.jpg,Black Forest Games,2020,"Shooter, Adventure",68.35117819674794,"A remake of Destroy All Humans!, an action-adventure video game that stands as the inaugural entry in the Destroy All Humans! franchise. It unfolds in 1959 in the United States. The game satirises the lifestyles, pop culture, and political attitudes of that era. Players take on the role of Cryptosporidium 137, a member of the fictional alien race known as ""Furons."" Functioning as a Furon spy hitman, Cryptosporidium 137 invades Earth with the mission of harvesting human DNA to sustain the cloning process for his species. The remake features new missions, control schemes, upgrades, skins, abilities, and graphical enhancements.",https://www.igdb.com/games/destroy-all-humans--1
246,Battlefield V,Tiro em Primeira Pessoa,EA Games,PC,23/05/2022,7,2018,-,,83728,Battlefield V,https://images.igdb.com/igdb/image/upload/t_cover_big/co1xbv.jpg,EA Digital Illusions CE,2018,Shooter,70.6773687170166,"Battlefield V is a first-person shooter set during World War II. Its multiplayer features large-scale battles with infantry, vehicles, and aircraft across various theaters of the war, with modes including Grand Operations (multi-stage campaigns simulating wartime offensives) and Firestorm (a battle royale mode). The single-player component consists of episodic ""War Stories"" that follow different characters across lesser-known fronts of the conflict. The game emphasizes squad-based teamwork, player customization through a Company system, and resource scarcity. It is the successor to the World War I-themed Battlefield 1.",https://www.igdb.com/games/battlefield-v
247,Sonic The Hedgehog 4 Episode 1,Plataforma,SEGA,PC,15/06/2022,4,2010,-,,9473,Sonic the Hedgehog 4: Episode I,https://images.igdb.com/igdb/image/upload/t_cover_big/co1zvr.jpg,Dimps,2010,"Platform, Adventure, Arcade",59.65686839784322,"The sequel fans have waited 16 years for is finally here - Sonic the Hedgehog 4 Episode I! Featuring enhanced gameplay elements, including the classic Sonic Spin Dash, and the versatile Homing Attack, Sonic the Hedgehog 4 Episode I picks up right where Sonic and Knuckles left off. Dr. Eggman’s back, and in an effort to finally rid himself of Sonic, he revisits – and improves – the very best of his creations. Get ready for the next chapter in an all new epic 2D saga built for old and new fans alike.",https://www.igdb.com/games/sonic-the-hedgehog-4-episode-i
248,Teenage Mutant Ninja Turtles: Shredder's Revenge,Beat 'em Up,Dotemu,PC,09/07/2022,4,2022,-,,144465,Teenage Mutant Ninja Turtles: Shredder's Revenge,https://images.igdb.com/igdb/image/upload/t_cover_big/co4w87.jpg,Tribute Games,2022,"Hack and slash/Beat 'em up, Indie, Arcade",78.07319917778852,"Teenage Mutant Ninja Turtles: Shredder's Revenge is a side-scrolling beat 'em up developed by Tribute Games and published by DotEmu. Inspired by the 1987 Teenage Mutant Ninja Turtles animated series, the game pays homage to classic TMNT titles like Turtles in Time, featuring retro-inspired pixel art and dynamic combat. Players control Leonardo, Michelangelo, Donatello, Raphael, or other allies, each with unique abilities, as they battle through various levels to thwart Shredder and Krang's plans to conquer New York City. The game supports solo play or co-op for up to six players, blending nostalgic design with modern gameplay mechanics.",https://www.igdb.com/games/teenage-mutant-ninja-turtles-shredders-revenge
249,Reventure,Plataforma,Pixelatto,PC,12/07/2022,17,2019,-,,118922,Reventure,https://images.igdb.com/igdb/image/upload/t_cover_big/co2e1x.jpg,Pixelatto,2019,"Platform, Strategy, Adventure, Indie",71.78294198753237,"Reventure could be described as a ""choose your own adventure"" book in the shape of a 2D platformer. It starts out from the classic monomyth premise: ""You are a hero, the princess is in danger, go rescue her!"" but it quickly gets more complicated than that - until it completely diverges into something completely non-standard.",https://www.igdb.com/games/reventure
250,Call of Duty: Black Ops III,Tiro em Primeira Pessoa,Activision,PC,06/08/2022,12,2015,-,,9509,Call of Duty: Black Ops III,https://images.igdb.com/igdb/image/upload/t_cover_big/co20yw.jpg,Treyarch,2015,"Shooter, Adventure",67.64663989060804,"Call of Duty: Black Ops III deploys players into a dark, twisted future where a new breed of Black Ops soldier emerges and the lines are blurred between our own humanity and the technology we created to stay ahead, in a world where cutting-edge military robotics define warfare. With three unique game modes: Campaign, Multiplayer and Zombies, providing fans with the deepest and most ambitious Call of Duty ever.",https://www.igdb.com/games/call-of-duty-black-ops-iii
251,NieR: Automata,RPG de Ação,Square Enix,PC,10/08/2022,11.05,2017,-,,11208,NieR: Automata,https://images.igdb.com/igdb/image/upload/t_cover_big/co5pcj.jpg,PlatinumGames,2017,"Role-playing (RPG), Hack and slash/Beat 'em up",89.77914868100993,"NieR: Automata tells the story of androids 2B, 9S and A2 and their battle to reclaim the machine-driven dystopia overrun by powerful machines.",https://www.igdb.com/games/nier-automata
252,State of Decay 2 GOTY,Survival Horror,Undead Labs,PC,08/09/2022,37,2018,-,,,,,,,,,,
253,Slime Rancher,Aventura,Monomi Park,PC,12/09/2022,22,2016,-,,16287,Slime Rancher,https://images.igdb.com/igdb/image/upload/t_cover_big/co73i2.jpg,Monomi Park,2017,"Shooter, Simulator, Strategy, Adventure, Indie",74.96095383421965,"Slime Rancher is a charming, first-person, sandbox experience. Play as Beatrix LeBeau: a plucky, young rancher who sets out for a life a thousand light years away from Earth on the 'Far, Far Range.' Each day will present new challenges and risky opportunities as you attempt to amass a great fortune in the business of slime ranching. Collect colorful slimes, grow crops, harvest resources, and explore the untamed wilds through the mastery of your all-purpose vacpack.",https://www.igdb.com/games/slime-rancher
254,Crash Bandicoot: The Wrath of Cortex,Plataforma,Traveller's Tales,PlayStation 2,27/09/2022,8,2001,-,,1188,Crash Bandicoot: The Wrath of Cortex,https://images.igdb.com/igdb/image/upload/t_cover_big/co55ex.jpg,Traveller's Tales,2001,Platform,68.2038074784139,"Crash Bandicoot: The Wrath of Cortex is the fourth mainline series game and the first to feature Crash Bandicoot on the PlayStation 2. It was later ported to the GameCube and Xbox, making it his first multiplatform appearance. The player controls Crash and his younger sister Coco who must gather 25 crystals and defeat the main antagonists of the story, Doctor Neo Cortex and his new super weapon Crunch Bandicoot. Much of the game takes place in a Virtual Reality Hub System created by Coco to help Crash gather the crystals. The gameplay is similar to the older games of the series.",https://www.igdb.com/games/crash-bandicoot-the-wrath-of-cortex
255,Marvel's Spider Man Remastered,Aventura,Insomniac Games,PC,07/10/2022,18,2018,-,,138949,Marvel's Spider-Man Remastered,https://images.igdb.com/igdb/image/upload/t_cover_big/cobg1l.jpg,Insomniac Games,2020,"Hack and slash/Beat 'em up, Adventure",85.21492820330279,"Marvel's Spider-Man Remastered is a PlayStation 5 and PC version of the open-world action-adventure game originally released for PlayStation 4 in 2018. Players control an experienced Peter Parker as he swings through a detailed recreation of Manhattan, fights crime using acrobatic combat, stealth, and web-based abilities, and navigates a story that intertwines his personal life with his responsibilities as Spider-Man. The remaster includes the base game and all three chapters of ""The City That Never Sleeps"" DLC, with updated character models, ray-traced reflections, improved lighting, performance mode options, and three additional suits.",https://www.igdb.com/games/marvels-spider-man-remastered
256,Marvel's Spider Man Miles Morales,Aventura,Insomniac Games,PC,15/10/2022,8,2020,-,,134581,Marvel's Spider-Man: Miles Morales,https://images.igdb.com/igdb/image/upload/t_cover_big/cobg1j.jpg,Insomniac Games,2020,"Hack and slash/Beat 'em up, Adventure",79.65011391041796,"Marvel's Spider-Man: Miles Morales is a third-person action-adventure game and a standalone continuation of Marvel's Spider-Man (2018). Set in an open-world version of New York City during winter, the game follows Miles Morales as he takes on the role of Spider-Man while Peter Parker is abroad. Gameplay focuses on traversal, combat, and completing missions across the city. Miles has unique abilities distinct from Peter, including bio-electric ""Venom"" attacks and temporary invisibility. The game features unlockable suits, gadgets, and a skill tree progression system.",https://www.igdb.com/games/marvels-spider-man-miles-morales
257,A Lenda do Herói,Plataforma,Dumativa Studios,PC,17/10/2022,7,2016,-,,,,,,,,,,
258,Streets of Kamurocho,Beat 'em Up,SEGA,PC,26/10/2022,0.17,2020,-,,140046,Streets of Kamurocho,https://images.igdb.com/igdb/image/upload/t_cover_big/co2j8d.jpg,Empty Clip Studios,2020,"Hack and slash/Beat 'em up, Arcade",40.61283063272455,"Streets of Kamurocho is a retro-style beat 'em up game developed by Empty Clip Studios and published by SEGA. It was released as part of SEGA’s 60th anniversary celebration. The game combines the gameplay mechanics of Streets of Rage 2 with characters and themes from the Yakuza series, featuring pixel art versions of Kazuma Kiryu and Goro Majima fighting through the streets of Kamurocho.",https://www.igdb.com/games/streets-of-kamurocho
259,Disney's The Little Mermaid,Plataforma,Capcom,Nintendo 8-bits,26/10/2022,0.53,1991,-,,198804,Disney's The Little Mermaid,https://images.igdb.com/igdb/image/upload/t_cover_big/co4wu5.jpg,Tiger Electronics,1991,,,,https://www.igdb.com/games/disneys-the-little-mermaid--4
260,Chiki Chiki Boys,Plataforma,Capcom,Sega MegaDrive,01/11/2022,1,1990,-,,,,,,,,,,
261,Katana ZERO,Plataforma,Askiisoft,PC,09/11/2022,4.33,2019,-,,20150,Katana Zero,https://images.igdb.com/igdb/image/upload/t_cover_big/co1isp.jpg,Askiisoft,2019,"Platform, Strategy, Adventure, Indie, Arcade",79.67941330309658,"Katana Zero is a fast paced neo-noir action platformer, focusing on tight, instant-death acrobatic combat, and a dark 80's neon aesthetic. Aided with your trusty katana, the time manipulation drug Chronos and the rest of your assassin's arsenal, fight your way through a fractured city, and take back what's rightfully yours.",https://www.igdb.com/games/katana-zero
262,Naruto: Ninja Council,Plataforma,TOMY,Gameboy Advance,11/11/2022,1.5,2010,-,,24066,Naruto: Ninja Council,https://images.igdb.com/igdb/image/upload/t_cover_big/co1uhq.jpg,Aspect,2003,"Strategy, Hack and slash/Beat 'em up",64.64144686322733,"Naruto: Ninja Council, known as Naruto: Saikyou Ninja Daikesshuu in the Japanese version, is the first instalment in the Ninja Council series. There are scrolls that the playable character can obtain to perform abilities at the cost of chakra, which can be used to break down walls or create whirlwinds. The story mode very loosely follows the Prologue — Land of Waves arc to the Chuunin Exams arc. Players will have to protect, defend or defeat as they train hard to perfect their skills in order to progress through the ranks in over 40 missions. Players can activate special attacks using the Nintendo DS stylus on the touch screen or by blowing into the microphone, and can choose from 20 of their favourite characters. The game also features four game modes, dual screen and touch pen support, a new interchangeable attack system, and wireless play with up to four players.",https://www.igdb.com/games/naruto-ninja-council
263,The Outfoxies,Luta,Namco Bandai,Arcade,12/11/2022,1.33,1995,-,,39381,The Outfoxies,https://images.igdb.com/igdb/image/upload/t_cover_big/coa0vj.jpg,Namco,1995,"Fighting, Platform",,"The gameplay has you thrown into a particular hitman's home turf and you must use every weapon imaginable as well as anything you can find in the environment (including the environment itself) to try to kill your competitor. Weapons can be typical like a rocket launcher or machine gun or absurd like a clown cannon or a bowl of hot soup. Despite dealing with a competition about murder, the game has a levity to it in all aspects. The levels are also a star part of this game as they are varied and, in many cases, will begin to collapse as time goes on. This means that if the player doesn't kill his competition in a set amount of time the level will literally start crumbling around you. The levels take place in various interactive locations, involving inside a plane, a moving train, an office building or even at the circus.",https://www.igdb.com/games/the-outfoxies
264,Dungeons & Dragons: Shadow Over Mystara,Beat 'em Up,Capcom,Arcade,16/11/2022,1,1996,-,,10253,Dungeons & Dragons: Shadow over Mystara,https://images.igdb.com/igdb/image/upload/t_cover_big/coc7nb.jpg,Capcom,1996,"Role-playing (RPG), Hack and slash/Beat 'em up, Arcade",80.80062923594127,"Shadow over Mystara is a side-scrolling beat-'em-up with role-play elements that make it stand out from other similar games released at the time. In addition to the original four heroes found in its predecessor, Dungeons & Dragons: Tower of Doom (Cleric, Dwarf, Elf and Fighter), Shadow of Mystara adds a Thief and a Magic-User to the selection. Furthermore, with the inclusion of two separate versions of each character's sprite set, the game allows up to two players to select the same character (in Tower of Doom each of the characters could only be selected once), effectively giving the game 12 ""different"" characters to choose from. The two Clerics and two Magic Users also have subtle differences within their spell books. The controls are using four buttons: Attack, Jump, Select (brings up a small inventory ring around the character allowing the player to choose what item is set in the Use slot) and Use. The Cleric, Elf and Magic-User also have two extra rings for their spells, with the Jump button used to switch from ring to ring. While the game uses the same kick harness as the previous game, the Select and Use buttons are reversed. Shadow over Mystara also introduced a selection of special moves which are executed by moving the joystick and tapping the buttons in certain combinations, in a way similar to the Street Fighter series. The characters (except for the Magic-User) have a Dashing Attack as well as a Rising Attack which can be used to combo monsters or even juggle them in the air. Most characters (again, with the exception of the Magic-User and also Cleric) also have a Megacrush, a move common to nearly all of Capcom side-scrollers, which damages all enemies standing close enough to the character but in turn also damaging the player themselves.",https://www.igdb.com/games/dungeons-and-dragons-shadow-over-mystara
265,Dungeons & Dragons: Tower of Doom,Beat 'em Up,Capcom,Arcade,16/11/2022,1,1994,-,,39328,Dungeons & Dragons: Tower of Doom,https://images.igdb.com/igdb/image/upload/t_cover_big/co26ez.jpg,Capcom,1994,"Role-playing (RPG), Hack and slash/Beat 'em up",78.37391347247383,"Tower of Doom is a side-scrolling arcade game featuring four different characters (cleric, dwarf, elf, fighter) fighting iconic Dungeons & Dragons monsters. Bosses include a troll that regenerates unless burned, a large black dragon, the dreaded Shadow Elf (Mystara's equivalent of the drow), a beholder, the optional superboss Flamewing (a great wyrm red dragon) and the final boss Deimos (an archlich). At points in the game the players are presented with a choice of paths to take to continue progress. Each path goes to a different area, and it is impossible to visit every area in a single play. The gameplay is more technical than the average on beat'em up games. In addition to the usual basic attacks and jumping it includes blocking, strong attacks, turning attacks, dashing attacks, crouching and evading. It also requires the use of careful tactics, as most enemies have the same abilities as the heroes and can out-range them, too. Daggers, hammers, arrows and burning oils can be used as throwing weapons, and many enemies have similar weapons. Spells can be used by means of magical rings or by the two playable spellcasters (a cleric and an elf).",https://www.igdb.com/games/dungeons-and-dragons-tower-of-doom
266,Warrior Blade: Rastan Saga Episode III,Beat 'em Up,Taito,Arcade,17/11/2022,0.83,1991,-,,69102,Warrior Blade: Rastan Saga Episode III,https://images.igdb.com/igdb/image/upload/t_cover_big/co4pz6.jpg,Taito,1991,Hack and slash/Beat 'em up,,"Warrior Blade in the final game in the Rastan series by Taito. Unlike the Previous two games, Rastan III is a beat-em-up.",https://www.igdb.com/games/warrior-blade-rastan-saga-episode-iii
267,Golden Axe: The Revenge of Death-Adder,Beat 'em Up,SEGA,Arcade,17/11/2022,1,1992,-,,,,,,,,,,
268,Alien Vs. Predator,Beat 'em Up,Capcom,Arcade,17/11/2022,1,1994,-,,13679,Alien vs. Predator,https://images.igdb.com/igdb/image/upload/t_cover_big/co2krk.jpg,Capcom,1994,"Shooter, Hack and slash/Beat 'em up, Arcade",83.87022005794836,"Alien vs. Predator is a 1994 beat 'em up video game developed and released by Capcom for the CPS-2 arcade game system. It is based on the science fiction franchise of the same name. Introducing an original fighter to the game: Lt. Kurosawa, the players take control of up to three from the selection of four cyborgs and Predator characters in a battle against the Xenomorph hordes and rogue human soldiers.",https://www.igdb.com/games/alien-vs-predator--1
269,Days Gone,Survival Horror,Bend Studios,PC,22/11/2022,38.42,2019,-,,19561,Days Gone,https://images.igdb.com/igdb/image/upload/t_cover_big/co94bn.jpg,Bend Studio,2019,"Shooter, Adventure",79.59712048604337,"Days Gone is an open-world action-adventure game developed by Bend Studio and published by Sony Interactive Entertainment. Released in April 2019 for PlayStation 4 and later for PC in May 2021, the game is set in a post-apocalyptic world where players control Deacon St. John, a drifter and bounty hunter navigating a landscape overrun by ""Freakers,"" zombie-like creatures created by a global pandemic. The gameplay focuses on exploration, combat, and survival elements, with players able to use various weapons, craft supplies, and upgrade Deacon’s motorcycle, essential for travelling across the vast and hostile environment. Days Gone combines narrative-driven missions with an open world filled with dynamic events, enemy camps, and environmental challenges.",https://www.igdb.com/games/days-gone
270,Street Fighter II - The World Warriors (Capcom Arcade Stadium),Luta,Capcom,Arcade,30/11/2022,1,1991,-,,3186,Street Fighter II,https://images.igdb.com/igdb/image/upload/t_cover_big/co55et.jpg,Capcom,1991,"Fighting, Arcade",82.57133806746663,"A sequel to Street Fighter, Street Fighter II improved upon the many concepts introduced in the first game, including the use of command-based special moves and a six-button configuration, while offering players a selection of multiple playable characters, each with their own unique fighting style and special moves. Street Fighter II is credited with starting the fighting game boom during the 1990s. Its success led to the production of several updated versions, each offering additional features and characters over previous versions, as well as many home versions. Some home versions of the Street Fighter II games have sold millions of copies, with the SNES port of the first Street Fighter II being Capcom's best-selling consumer game of all time as of 2008. Street Fighter II follows several of the conventions and rules already established by its original 1987 predecessor. The player engages opponents in one-on-one, close-quarters combat in a series of best-of-two-out-of-three matches. The objective of each round is to deplete the opponent's vitality before the timer runs out. If both opponents knock each other out at the same time or the timer runs out with both fighters having an equal amount of vitality left, a ""double KO"" or ""draw game"" is declared. Additional rounds will be played until sudden death. In the first Street Fighter II, a match could last up to 10 rounds if there was no clear winner; this was reduced to 4 rounds in the Champion Edition and onward. If there is no clear winner by the end of the final round, then either the computer-controlled opponent will win by default in a single-player match, or both fighters will lose in a 2-player match. After every third match in single-player mode, the player will participate in a ""bonus game"" for additional points. The bonus games include (in order) a car-breaking event; a barrel-breaking bonus game where the barrels are dropped off from a conveyor belt above the player; and a drum-breaking bonus game where drums are flammable and piled over each other. The bonus games were removed from the arcade version of Super Street Fighter II Turbo. As in the original, the game's controls use an eight-directional joystick and six attack buttons. The player uses the joystick to jump, crouch, move the character towards or away from the opponent, and guard against the opponent's attacks. There are three punch buttons and three kick buttons, each with varying strength and speed (Light, Medium, and Heavy). The player can perform a variety of basic moves in any position, including grabbing/throwing attacks, which were not featured in the original Street Fighter. Like in the original, the player can perform special moves by inputting a combination of directional and button-based commands. Street Fighter II differs from the original in that it features multiple playable characters, each with distinct fighting styles and special moves. Additionally, the player can ""cancel"" an animation by performing another move, enabling combinations of basic and special moves. Both of these features would be expanded upon in subsequent installments.",https://www.igdb.com/games/street-fighter-ii
271,1943: The Battle of Midway (Capcom Arcade Stadium),Shmup,Capcom,Arcade,30/11/2022,1.33,1987,-,,6076,1943: The Battle of Midway,https://images.igdb.com/igdb/image/upload/t_cover_big/co2oz6.jpg,Capcom,1987,"Shooter, Arcade",79.24274775325517,"The game is set in the Pacific theater of World War II, off the coast of the Midway Atoll. The goal is to attack the Japanese Air Fleet that bombed the players' American Aircraft Carrier, pursue all Japanese Air and Sea forces, fly through the 16 levels of play, make their way to the Japanese battleship Yamato and destroy her. 11 Levels consist of an Air-to-Sea battle (with a huge battleship or an aircraft carrier as an End-Level Boss), while 5 levels consist of an all-aerial battle against a squadron of Japanese Bombers and a Mother Bomber that needs to be destroyed. As in 1942, players pilot a P-38. Two buttons are used: one for regular attacks (with several weapons) and one for special actions that executes either a loop like in 1942 or one of three special attacks that damage the plane. Unlike 1942, the player only has one life, with one refillable energy meter. Destroying a complete formation of red enemy planes will result in a power-up, such as a health boost or a temporary special weapons which replaces the default twin gun.",https://www.igdb.com/games/1943-the-battle-of-midway
272,Ghost'n Goblins (Capcom Arcade Stadium),Plataforma,Capcom,Arcade,01/12/2022,1.25,1985,-,,6807,Ghosts 'n Goblins,https://images.igdb.com/igdb/image/upload/t_cover_big/co20fk.jpg,Capcom,1985,"Shooter, Platform, Adventure, Arcade",73.43505961038767,"Ghosts 'n Goblins is a platform game where the player controls a knight, named Sir Arthur, who must defeat zombies, ogres, demons, cyclops, dragons and other monsters in order to rescue Princess Prin Prin, who has been kidnapped by Satan, king of Demon World. Along the way the player can pick up new weapons, bonuses and extra suits of armor that can help in this task. The game is often considered very difficult by arcade standards and is commonly regarded as one of the most difficult games ever released. The game is considered by Gametrailers.com to be the world's second most difficult game ever made. The player can only be hit twice before losing a life (the first hit takes away Arthur's armor, and the player must continue on in his underwear until completing the level, or finding replacement armor). If the player loses a life, he is returned to the start of the level, or the halfway point if he has managed to get that far. Furthermore, each life can only last a certain length of time (generally around three minutes), the clock being reset at the start of a level. If the clock does run out, the player instantly loses that life. After defeating the final boss, but only with the cross weapon (if the player does not have the cross weapon, they will be prompted that it is needed to defeat the boss and restart at the beginning of level 5 and must repeat round 5 and 6 again regardless if the weapon is obtained immediately or not) for the first time the player is informed that the battle was ""a trap devised by Satan"". The player must then replay the entire game on a higher difficulty level to reach the genuine final battle.",https://www.igdb.com/games/ghosts-n-goblins
273,Hanna Barbera Turbo Toons,Corrida,Empire Software,Super Nintendo,02/12/2022,0.17,1994,-,,42619,Hanna Barbera's Turbo Toons,https://images.igdb.com/igdb/image/upload/t_cover_big/co5z1g.jpg,Empire Software,1994,Racing,,"Hanna Barbera's Turbo Toons is a Party game, developed and published by Empire Interactive, which was released in Europe in 1994.",https://www.igdb.com/games/hanna-barberas-turbo-toons
274,Tekken,Luta,Namco Bandai,PlayStation,02/12/2022,0.38,1994,-,,304400,Tekken,https://images.igdb.com/igdb/image/upload/t_cover_big/co8aww.jpg,Namco,1995,"Fighting, Arcade",71.36237499826193,The console version of Tekken adds more content to the original arcade game such as new characters and additional game modes.,https://www.igdb.com/games/tekken--1
275,Virtua Fighter 2,Luta,SEGA,Sega MegaDrive,02/12/2022,0.53,1993,-,,1547,Virtua Fighter 2,https://images.igdb.com/igdb/image/upload/t_cover_big/coavy0.jpg,Sega AM2,1994,"Fighting, Simulator, Arcade",76.76361782209702,Virtua Fighter 2 is a fighting video game developed by Sega. It is the sequel to Virtua Fighter (1993) and the second game in the Virtua Fighter series. It was created by Sega's Yu Suzuki-headed AM2 and was released for arcades in 1994. Ports were later released for various platforms.,https://www.igdb.com/games/virtua-fighter-2
276,Dead or Alive,Luta,Tecmo,PlayStation,03/12/2022,0.38,1996,-,,317067,Dead or Alive,https://images.igdb.com/igdb/image/upload/t_cover_big/co8tws.jpg,Tecmo,1998,"Fighting, Arcade",69.94012340117375,Exclusive to the PlayStation version of the game is two additional characters.,https://www.igdb.com/games/dead-or-alive--2
277,Bushido Blade,Luta,Square Enix,PlayStation,03/12/2022,0.25,1997,-,,1418,Bushido Blade,https://images.igdb.com/igdb/image/upload/t_cover_big/co1y80.jpg,Light Weight,1997,"Fighting, Hack and slash/Beat 'em up",79.37099369620267,"""Bushido"" is the soul of Japan - an ancient honor code deeply followed by samurai warriors for centuries. Plunge into real world battles across vast 3D environments that you can run, slice and tear through. Sword matches become unbelievably real where one critical blow is the mean difference between death and victory.",https://www.igdb.com/games/bushido-blade
278,Soul Edge (Blade),Luta,Namco Bandai,PlayStation,03/12/2022,0.3,1995,-,,1563,Soul Edge,https://images.igdb.com/igdb/image/upload/t_cover_big/co8c9s.jpg,Project Soul,1996,"Fighting, Hack and slash/Beat 'em up, Arcade",81.31733635417652,"Soul Edge is a 3D arcade fighting game and the first in the Soul series, it is one of the first 3D fighting game in history that place a particular emphasis on the story of the fighters. Each character have their own weapon, allowing for a wide range of play styles. The slower, longer ranged characters try to deliver their heavy blows from a distance whereas the quicker, faster characters try to get in as close as possible and deliver quick-hitting attacks.",https://www.igdb.com/games/soul-edge
279,Mortal Kombat 4,Luta,Midway,PlayStation,04/12/2022,0.33,1997,-,,1622,Mortal Kombat 4,https://images.igdb.com/igdb/image/upload/t_cover_big/co53gp.jpg,Midway Games,1997,Fighting,69.1324237217343,"Mortal Kombat 4 is 1 vs 1 fighting game, similar to the other Mortal Kombat games, but this is first game in series with 3D characters models. The player can choose from 15 different fighters at the start (and several unlockables later on). Many fighters from earlier games in the series make a comeback (like Scorpion, Sub Zero, Liu Kang, Sonya Blade, Johnny Cage etc.) while other new fighters join in, like Shinook (who is the main evil character in this game), Fujin, Jarek, and Kai. Goro returns as a boss.",https://www.igdb.com/games/mortal-kombat-4
280,Golden Axed: A Cancelled Prototype,Beat 'em Up,SEGA,PC,04/12/2022,0.1,2020,-,,140044,Golden Axed: A Cancelled Prototype,https://images.igdb.com/igdb/image/upload/t_cover_big/co2p37.jpg,Sega Studios Australia,2020,"Hack and slash/Beat 'em up, Arcade",,"A one-level vertical slice created as proof of concept for a reboot of the Golden Axe series, released eight years after its creation by the now-defunct SEGA Studios Australia.",https://www.igdb.com/games/golden-axed-a-cancelled-prototype
281,Alex Kidd in the Enchanted Castle (SEGA Classics),Plataforma,SEGA,Sega MegaDrive,05/12/2022,1,1989,-,,3217,Alex Kidd in the Enchanted Castle,https://images.igdb.com/igdb/image/upload/t_cover_big/co288y.jpg,"Sega Enterprises, Ltd.",1989,"Platform, Adventure",69.05974176439351,"The whole Kidd family is upset! Alex’s father, King Thor, is missing, and they suspect he has been kidnapped by Ashra, the mean ruler of the planet Paperock. Alex speeds to Paperock to investigate, but the creatures of Paperock decide to hinder his efforts and try to keep him away from Sky Castle, Ashra’s hideaway. Luckily Alex knows how to jump, punch and kick his way through the most stubborn of enemies.",https://www.igdb.com/games/alex-kidd-in-the-enchanted-castle
282,Alien Storm (SEGA Classics),Beat 'em Up,Treasure,Sega MegaDrive,07/12/2022,1,1990,-,,9969,Alien Storm,https://images.igdb.com/igdb/image/upload/t_cover_big/co2er6.jpg,Team Shinobi,1990,"Shooter, Hack and slash/Beat 'em up, Arcade",68.365397200047,"Alien Storm is a side-scrolling beat 'em up. The game resembles Golden Axe, with a similar artistic style, three playable characters (a man, a woman, and a novelty character) and pick-up or power-up special attacks. The player (one player only on the Master System version, up to two players on the Mega Drive version, three on the arcade version) selects from the three different characters to embark upon a quest to save the Earth from an alien invasion. All of the Busters are playable from the beginning of the game. There are 6 missions to complete (8 in the Mega Drive version) with several stages, and each mission has the player blasting aliens, from the streets to the mother ship, where the mother of all aliens can be found. This task becomes increasingly difficult with each new mission, and the aliens are capable of hiding inside objects such as plants, postboxes, trashcans, drums, and other items. Each mission has an objective such as rescuing people or destroying an UFO. When dealing with a few aliens, flying heads will appear, which can be shot to collect life or energy. Energy is used specifically to power the energy based attacks of the player's weapon (such as flames or electricity) and to use the much more powerful special weapons. In a similar format as other early Sega arcade games, each character has unlimited usage of various short-range attacks, i.e. punches, kicks. Along with these standard attacks, each character has their own individual weapon (Garth's weapon that shoots lightning is replaced with a flame weapon in the Master System version). Special attacks are also included, and vary depending on the character chosen at the start of the game. For instance, Garth summons an U.S. Air Force starship that drops bombs across the street (in the Master System version he has Karen's special, a ballistic missile strike). Scooter will teleport out of his present location and leave a series of bombs that will blow up on the appearance of aliens, after which he will re-appear (in the Mega Drive version he just explodes, leaving his head, which his new body returns to retrieve). Karen calls down a nuclear missile, which incinerates every foe on the screen. However, a large amount of energy is depleted by using each character's special attack, and cannot be used if the energy of the player's character is too low. There are few bosses in the game. The arcade original only features a single boss that has three distinct forms. The Mega Drive port has two of these forms as two separate bosses. At the end of each mission, the side-scrolling gameplay shifts to either a shooting gallery perspective where the player must take out the aliens that pop out of various locations, similar to the bonus stages of Shinobi and Shadow Dancer, both also by Sega, or a running section that is similar to the side scrolling mode but plays like a horizontal shooter instead with projectile weapons.",https://www.igdb.com/games/alien-storm
283,Streets of Rage (SEGA Classics),Beat 'em Up,SEGA,Sega MegaDrive,08/12/2022,1,1991,-,,1652,Streets of Rage,https://images.igdb.com/igdb/image/upload/t_cover_big/co49sf.jpg,"Sega Enterprises, Ltd.",1991,Hack and slash/Beat 'em up,76.29743985209004,Streets of Rage is a side-scrolling beat 'em up video game developed and published by Sega in 1991 for Mega Drive/Genesis. It is the first installment of the Bare Knuckle/Streets of Rage series which was followed by Streets of Rage 2 and Streets of Rage 3.,https://www.igdb.com/games/streets-of-rage
284,Streets of Rage 2 (SEGA Classics),Beat 'em Up,SEGA,Sega MegaDrive,09/12/2022,1,1992,-,,1653,Streets of Rage 2,https://images.igdb.com/igdb/image/upload/t_cover_big/co49sn.jpg,Ancient,1992,"Hack and slash/Beat 'em up, Arcade",83.96979603219476,"Mr. X and the Syndicate are back, this time taking Adam hostage! Take on the role of Axel, Blaze, Skate, or Max to rescue Adam, and destroy Mr. X once and for all.",https://www.igdb.com/games/streets-of-rage-2
285,Streets of Rage 3 (SEGA Classics),Beat 'em Up,SEGA,Sega MegaDrive,09/12/2022,1.1000000000000001,1994,-,,1654,Streets of Rage 3,https://images.igdb.com/igdb/image/upload/t_cover_big/co49sd.jpg,Ancient,1994,Hack and slash/Beat 'em up,78.23116254198665,"The mysterious crime boss Mr. X has enlisted the help of Dr. Dahm in creating lifelike robots to replace key city officials, and soon will be able to run the entire city by remote control. Strategically placed bombs are being used to distract the city police while Mr. X deals with the city leaders one by one.",https://www.igdb.com/games/streets-of-rage-3
286,Altered Beast (SEGA Classics),Plataforma,SEGA,Sega MegaDrive,10/12/2022,0.33,1988,-,,2604,Altered Beast,https://images.igdb.com/igdb/image/upload/t_cover_big/cobuxa.jpg,Team Shinobi,1988,"Platform, Hack and slash/Beat 'em up",63.47074952614715,"Altered Beast is a 1988 beat 'em up video game developed by Team Shinobi and published by Sega for arcades. Set in Ancient Greece, the game follows a Roman centurion who is resurrected by the Olympian god Zeus to rescue his daughter Athena from Neff, the demonic ruler of the underworld. By collecting three power-ups in a level, the player character can transform into one of five mythical beasts. In the original arcade, the end credits are interspersed with images of actors in costumes for the different characters and monsters of the game, implying the whole game was a film production.",https://www.igdb.com/games/altered-beast
287,Final Fight (Capcom Arcade Stadium),Beat 'em Up,Capcom,Arcade,10/12/2022,1,1989,-,,1655,Final Fight,https://images.igdb.com/igdb/image/upload/t_cover_big/co4a0q.jpg,Capcom,1989,"Hack and slash/Beat 'em up, Arcade",79.17610143449158,"Final Fight is a side-scrolling beat-'em-up produced by Capcom. Final Fight can be played by up to two players simultaneously. Before the game begins, the player chooses between the three main characters: Haggar, Cody, and Guy. Each has his own fighting style and attributes. Health gauges are displayed for both player and enemy characters. The controls for Final Fight consist of an eight-way joystick and two buttons for attacking and jumping respectively. Pressing the attack button repeatedly when attacking an enemy or multiple enemies will cause the player character to perform a combo. The final blow of the combo can be changed to a throw if the player moves the joystick in the opposite direction just before landing it. The player can also perform a jump attack. Pressing the attack and jump buttons simultaneously allows the player to perform a special attack that strikes all surrounding enemies, but will drain a small portion of the player's health. Enemies can be grabbed simply by walking into one of them. When an enemy is grabbed, the player can perform a grab attack by pressing the attack button or perform a throw by tilting the joystick left or right. A thrown enemy can be tossed at another for additional damage. Items such as weapons, health recovery items, and items awarding extra points can be picked up by standing over one and pressing the attack button. Weapons have limited uses and will disappear if the player is disarmed by an enemy too much or when the player moves to a new area. Final Fight consists of six stages or ""rounds"", as well as two bonus rounds. Each round takes place in a different section of Metro City such as the Slums and the Subway, with most rounds featuring more than one level. At the end of each round the player will face a boss character unique to that round.",https://www.igdb.com/games/final-fight
288,Ultimate Marvel Vs. Capcom 3,Luta,Capcom,PC,10/12/2022,0.83,2011,-,,2066,Ultimate Marvel vs. Capcom 3,https://images.igdb.com/igdb/image/upload/t_cover_big/co1yej.jpg,Capcom,2011,Fighting,76.5208209503303,"Ultimate Marvel vs. Capcom 3 is a crossover fighting game developed by Capcom in collaboration with Eighting. It is an updated version of Marvel vs. Capcom 3: Fate of Two Worlds. The game features characters from both Capcom's video game franchises and comic book series published by Marvel Comics. The game was released in November 2011 for the PlayStation 3 and Xbox 360, and was featured as a launch title for the PlayStation Vita in 2012. In Ultimate Marvel vs. Capcom 3, players select a team of three characters to engage in combat and attempt to knock out their opponents. As an update, the game utilizes largely identical gameplay mechanics to the original. However, both the aerial combat and X-Factor systems, introduced in Fate of Two Worlds, have received adjustments. In addition to gameplay modifications and new playable characters, the game features several aesthetic changes. After the events of the 2011 Tōhoku earthquake and tsunami disrupted the development schedule for downloadable content for Fate of Two Worlds, the additional content was created into a standalone title, Ultimate Marvel vs. Capcom 3, for a discounted retail price. The game received generally positive reviews upon release; critics praised the expanded character roster and improved online experience, but criticized the lack of new features and game modes.",https://www.igdb.com/games/ultimate-marvel-vs-capcom-3
289,Vectorman (SEGA Classics),Plataforma,SEGA,Sega MegaDrive,11/12/2022,1,1995,-,,16033,VectorMan,https://images.igdb.com/igdb/image/upload/t_cover_big/co3s8c.jpg,BlueSky Software,1995,"Platform, Adventure, Arcade",79.77937479142369,"By the year 2049, Earth has been turned into a toxic waste dump. Humankind has fled into space leaving behind an army of mechanized “Orbots” to clean up the mess. But when the Orbot leader “WarHead” goes haywire and starts a global revolt against the humans, it falls on the shoulders of the last Orbot loyal to its human masters to save the planet.",https://www.igdb.com/games/vectorman
290,Vectorman 2 (SEGA Classics),Plataforma,SEGA,Sega MegaDrive,12/12/2022,1,1996,-,,4391,VectorMan 2,https://images.igdb.com/igdb/image/upload/t_cover_big/co4t7m.jpg,BlueSky Software,1996,"Shooter, Platform, Adventure",78.96391953278173,"A routine sludge barge excursion is cut short when a mysterious missile critically damages VectorMan’s ship. Vectorman escapes destruction and freefalls back to earth, landing on the outskirts of a seemingly abandoned research facility.",https://www.igdb.com/games/vectorman-2
291,Ikari Warriors (SNK 40th Anniversary Collection),Shmup,SNK Games,Arcade,16/12/2022,0.75,1986,-,,12153,Ikari Warriors,https://images.igdb.com/igdb/image/upload/t_cover_big/co7n50.jpg,SNK,1986,"Shooter, Arcade",46.51441952183568,"Ikari Warriors is a vertically scrolling action game. One or two players fight their way through a variety of terrain, such as jungles, rivers, and ruins. Along the way different weapons can be found, including machine guns, grenades, and rocket launchers.",https://www.igdb.com/games/ikari-warriors
292,Golden Axe (SEGA Classics),Beat 'em Up,SEGA,Sega MegaDrive,17/12/2022,1,1989,-,,5565,Golden Axe,https://images.igdb.com/igdb/image/upload/t_cover_big/co25qt.jpg,Team Shinobi,1989,"Hack and slash/Beat 'em up, Arcade",75.15671478148981,"Progress is made through the game by fighting through Death Adder's henchmen, including men armed with clubs and maces, skeleton warriors, and knights. Players are able to attack using their weapon, jump and cast spells that hurt all enemies on the screen. The force of this magic depends on the number of ""bars"" of magic power currently available. The bars are filled by collecting blue 'magic potions' attained by kicking little sprites who then drop the potions. These sprites appear during regular levels and during bonus stages in between levels. The male warrior Ax is able to cast earth spells. The dwarf Gilius, casts lightning spells and the female warrior Tyris casts fire magic. Each character has a different number of maximum magic bars and varying ranges of attack. Various steeds known as bizarrians are found in the game. These can be ridden when the enemy rider is knocked off, or if one is found dormant. The least powerful steed is known as the Cockatrice, which can be used to knock down enemies with a swipe of its tail. The more powerful dragon, which can either shoot fireballs or breathe fire, is found later in the game.",https://www.igdb.com/games/golden-axe
293,Golden Axe 2 (SEGA Classics),Beat 'em Up,SEGA,Sega MegaDrive,17/12/2022,1,1991,-,,16214,Golden Axe II,https://images.igdb.com/igdb/image/upload/t_cover_big/co2qgu.jpg,"Sega Enterprises, Ltd.",1991,"Fighting, Hack and slash/Beat 'em up",77.07719415374522,"The Lord of Darkness, Dark Guld, has arisen again. Wielding the famous Golden Axe, he has destroyed entire countries with his evil clan, forcing the world into chaos. Once again, three brave warriors stand up to face the oppressors, and won’t rest until the Golden Axe is returned to its rightful place.",https://www.igdb.com/games/golden-axe-ii
294,Golden Axe 3 (SEGA Classics),Beat 'em Up,SEGA,Sega MegaDrive,17/12/2022,1,1993,-,,16369,Golden Axe III,https://images.igdb.com/igdb/image/upload/t_cover_big/co28b8.jpg,"Sega Enterprises, Ltd.",1993,Hack and slash/Beat 'em up,76.95540814128331,"Chaos is spreading across the land once again as the Prince of Darkness arises to conquer the world. To stop him and retrieve the legendary Golden Axe, four heroes step forward to accept the challenge.",https://www.igdb.com/games/golden-axe-iii
295,Ristar (SEGA Classics),Plataforma,SEGA,Sega MegaDrive,18/12/2022,1,1995,-,,7431,Ristar,https://images.igdb.com/igdb/image/upload/t_cover_big/co9p00.jpg,"Sega Enterprises, Ltd.",1995,"Platform, Adventure",70.62961127473257,"Ristar is a platform game developed and published by Sega for the Sega Genesis in 1995. A Sega Game Gear game, of the same name and genre, Ristar, was also released, which shared similar themes while possessing different level design and gameplay mechanics. The game stars an anthropomorphic cartoon star who uses his hands and long, stretchable arms to both move and combat enemies. Reception for the game has been generally positive, but the game's initial release was overshadowed due to the imminent ending of the Genesis's lifecycle and the succession of the Sega Saturn and other fifth generation video game consoles. While never receiving any sequels, Sega has re-released the game a number of times digitally and on Sega-themed compilations, and has occasionally given Ristar himself cameos in other Sega properties.",https://www.igdb.com/games/ristar
296,Super Bomberman 3,Ação,Hudson Soft,Super Nintendo,21/12/2022,1.5,1995,-,,18618,Super Bomberman 3,https://images.igdb.com/igdb/image/upload/t_cover_big/co63go.jpg,Hudson Soft,1995,"Strategy, Tactical, Arcade",78.42516975335278,"Super Bomberman 3 is a game released for the Super Nintendo Entertainment System in 1995. It is the third game in the Bomberman series for the system. The game was released in Japan and the PAL region, but not in North America.",https://www.igdb.com/games/super-bomberman-3
297,Carrier Air Wing (Capcom Arcade Stadium),Shmup,Capcom,Arcade,23/12/2022,1,1990,-,,38534,Carrier Air Wing,https://images.igdb.com/igdb/image/upload/t_cover_big/co31fd.jpg,Capcom,1990,Shooter,69.97514447275213,"The 1990s was a decade of great change marked by growing friendships between old enemies and never before seen levels of co-operation between powerful nations of the world. However, in 1997, using new weapons designed in secrecy, the Middle Eastern country of Rabu threatened to destroy this fragile peace. Rabu's proported goal is to purge the world of sin and force a new morality, with her allies. Rabu quickly claimed the Middle East, then spread into both southern Asia and parts of Europe. Their weaponery is terrifyingly eeficient at manufacturing death. They seemed unstoppable. When they gassed Tokyo in 1999, U.S. intervention became unavoidable. If Rabu is allowed to use Japan's manufacturing facilities, there will be no end to the nightmare. Hoping to protect world peace, the USS Carl Vinson (CVN-70) heads out to the sea.",https://www.igdb.com/games/carrier-air-wing
298,The Legend of Zelda,RPG de Ação,Nintendo,Nintendo 8-bits,24/12/2022,8.2799999999999994,1986,-,,1022,The Legend of Zelda,https://images.igdb.com/igdb/image/upload/t_cover_big/co1uii.jpg,Nintendo R&D4,1986,Adventure,80.51910061776223,"The Legend of Zelda is the first title in the Zelda series, it has marked the history of video games particularly for it's game mechanics and universe. The player controls Link and must make his way through the forests, graveyards, plains and deserts of the Otherworld to find the secret entrances to the eight dungeons and try to restore the broken Triforce. Among the game's mechanics, it was the first time we saw a continuous world that could be freely explored, power-ups that permanently enhanced the main character's abilities and a battery save feature that allowed players to keep their progress instead of having to start over. The gameplay balanced action sequences with discovery, secrets and exploration.",https://www.igdb.com/games/the-legend-of-zelda
299,19XX: The War Against Destiny (Capcom Arcade Stadium),Shmup,Capcom,Arcade,24/12/2022,1,1996,-,,6078,19XX: The War Against Destiny,https://images.igdb.com/igdb/image/upload/t_cover_big/cob4cm.jpg,Capcom,1996,"Shooter, Arcade",70.21982557258879,"19XX: The War Against Destiny is a vertical scrolling shooter arcade game made by Capcom in 1995 (copyrighted in 1996). The game is the 4th of a series of World War II vertical shooters made by Capcom. The story takes place before a fictional war (Hence, the 19XX) as a lone pilot tries to defeat an entire army/evil organization from starting another World War, which soon escalates to a nuclear apocalypse.",https://www.igdb.com/games/19xx-the-war-against-destiny
300,1944: The Loop Master (Capcom Arcade Stadium),Shmup,Capcom,Arcade,25/12/2022,1.5,2000,-,,6079,1944: The Loop Master,https://images.igdb.com/igdb/image/upload/t_cover_big/co2kqq.jpg,8ing,2000,"Shooter, Arcade",60.17256468835318,"The game takes place in the heated battles of 1944 during the Second World War as a super ace pilot attempts to defeat an entire army. The game operates and plays like most standard shooters. The objective of every level is to shoot enemy planes, tanks, trains, turrets, battleships, and defeat the boss after each level. Unlike its predecessor, 19XX: The War Against Destiny, the game plays more like the early games in the series.",https://www.igdb.com/games/1944-the-loop-master
301,Teenage Mutant Ninja Turtles (The Cowabunga Collection),Beat 'em Up,KONAMI,Arcade,26/12/2022,1,1989,-,,3815,Teenage Mutant Ninja Turtles,https://images.igdb.com/igdb/image/upload/t_cover_big/co4iax.jpg,Konami,1989,"Fighting, Hack and slash/Beat 'em up, Adventure, Arcade",80.00346996475456,"NOTE: This is the original 4-Player Arcade release, not the NES Title. The player chooses from one of the four Ninja Turtles: Leonardo, Michelangelo, Donatello, and Raphael. After Shredder kidnaps the Turtles' friend April O'Neil and their mentor Splinter, they must give chase, save their comrades, and defeat the evil Shredder. The player chooses from one of the four Ninja Turtles: Leonardo, Michelangelo, Donatello, and Raphael. Depending on the version of the game, the characters are either, chosen at the start of the game or assigned by control panel. After Shredder kidnaps the Turtles' friend April O'Neil and their mentor Splinter, they must give chase, save their comrades, and defeat the evil Shredder. Up to four players (two in some versions) can take control of any of the Turtles. Donatello has slower attacks but a longer range, Michelangelo and Raphael have faster attacks but a shorter range, and Leonardo is a well-rounded Turtle with average range and speed. The eight-way joystick controls the movements of the Turtle, the jump button makes them jump and the attack button makes them hit in front of them using their weapon. In addition to this, some combinations are possible. The Turtles can throw Foot soldiers overhead, and by pressing the jump and attack buttons, a special attack is performed. Raphael rolls along the ground and finishes with a kick, while the other Turtles do a sweeping jump attack with their weapons. Turtles can also spring off the wall in certain areas. Enemies can be defeated more quickly by slamming them into walls or solid objects. Many objects such as traffic cones, parking meters, fire hydrants and exploding oil drums can be hit or damaged with attacks in order to help defeat nearby enemies. In the attract mode, the game showed the first part of the cartoon opening, along with a portion of the Teenage Mutant Ninja Turtles theme song. Most of the enemies the Turtles face are the Foot Soldiers, all color-coded to indicate their attack patterns and weapon of choices. Some enemies, such as the standard purple-clad Foot Soldiers and Roadkill Rodney robots, have the ability to restrain the Turtles' mobility and drain their health, leaving the player open to attack for other enemies. The bosses in the game include Rocksteady and Bebop (individually at first in that order, and later the two of them together), Baxter Stockman, Granitor, General Traag, Krang, and Shredder himself.",https://www.igdb.com/games/teenage-mutant-ninja-turtles
302,1941: Counter Attack (Capcom Arcade Stadium),Shmup,Capcom,Arcade,26/12/2022,1,1990,-,,6077,1941: Counter Attack,https://images.igdb.com/igdb/image/upload/t_cover_big/co2kqr.jpg,Capcom,1990,"Shooter, Arcade",64.39566444517598,"The year: 1941. The place: 20,000 feet in the air over the North Atlantic. Lightning flashes across the skies of war-torn Europe. Your mission: beat back the imperial forces before they can use their new weapon! In 1941: Counter Attack, the goal is to shoot down enemy airplanes and collect weapon power-ups. It is the prequel to 1942, and the third game in the 19XX series.",https://www.igdb.com/games/1941-counter-attack
303,1942 (Capcom Arcade Stadium),Shmup,Capcom,Arcade,26/12/2022,1.5,1984,-,,6075,1942,https://images.igdb.com/igdb/image/upload/t_cover_big/cobtro.jpg,Capcom,1984,"Shooter, Arcade",65.9135921477146,"1942 is a vertically scrolling shoot 'em up made by Capcom that was released for the arcade in 1984. The goal is to reach Tokyo and destroy the entire Japanese air fleet. The player pilots a plane dubbed the ""Super Ace"" . The player has to shoot down enemy planes; to avoid enemy fire, the player can perform a roll or ""loop-the-loop"". During the game the player may collect a series of power-ups, one of them allowing the plane to be escorted by two other smaller fighters in a Tip Tow formation.",https://www.igdb.com/games/1942
304,Senjo no Okami (Capcom Arcade Stadium),Shmup,Capcom,Arcade,26/12/2022,1,1985,-,,148744,Capcom Arcade Stadium: Senjo no Okami II,https://images.igdb.com/igdb/image/upload/t_cover_big/co62oy.jpg,Capcom,2021,Shooter,,"Capcom Arcade Stadium: Senjo no Okami II is a 1-3 player co-op game for Capcom Arcade Stadium. In the year 19XX, a group of revolutionaries launch a coup against the government of the R country. The former U.S. president, in R for disarmament talks, is caught in the crossfire and kidnapped by the rebels.",https://www.igdb.com/games/capcom-arcade-stadium-senjo-no-okami-ii
305,Progear (Capcom Arcade Stadium),Shmup,Capcom,Arcade,29/12/2022,0.8,2001,-,,39394,Progear,https://images.igdb.com/igdb/image/upload/t_cover_big/co2oj8.jpg,CAVE Interactive,2001,Shooter,,"Progear is an arcade video game developed by CAVE and published by Capcom on the CPS-2 arcade system board in 2001. This was Cave's only horizontal scrolling shooter until Deathsmiles in 2007. The game features a steampunk-like style and art design. This game is the second of two CAVE shoot 'em ups to be released in America with the third CAVE NTSC-U/C release being Princess Debut, and in limited print; and as a result, the US version is somewhat rare. Sometime in the past, the people of the country of Parts had found a way to become immortal, but only with elderly nobles. Five of these elders—Ballossum Pench, Gabriel Hammer, Jimchuck Spanner, Olsorro Slasher, and Leonard Drill—obtained immortality, and became known as the Motoruin sages. Eventually, they attempted to take over the Parts kingdom and start a new world order, collapsing the government and destroying parts of the country in the process. As their plans unfold, five children of one of these villages decide to battle the Motoruin using another new invention: the semi-automatic propelling engine, known as ""Progear"". At the start of the game, the player is given a choice between two pilots/planes and three gunners, which determines the effectiveness of their respective modes. Each character's costume can be changed by holding the start button at the selection screen.",https://www.igdb.com/games/progear
306,Giga Wing (Capcom Arcade Stadium),Shmup,Capcom,Arcade,01/01/2023,0.9,1999,-,,9162,Giga Wing,https://images.igdb.com/igdb/image/upload/t_cover_big/co40i0.jpg,Takumi Corporation,1999,"Shooter, Arcade",62.23198092464089,Vertically scrolling shooter arcade game developed by Takumi Corporation and published by Capcom on their CPS-2 arcade system board and ported later that year to the Dreamcast console.,https://www.igdb.com/games/giga-wing
307,Forgotten Worlds (Capcom Arcade Stadium),Shmup,Capcom,Arcade,01/01/2023,1,1988,-,,6794,Forgotten Worlds,https://images.igdb.com/igdb/image/upload/t_cover_big/co26j3.jpg,Capcom,1988,"Shooter, Arcade",69.76626027635469,"Forgotten Worlds can be played by up to two players simultaneously. The player controls a flying muscle-bound soldier armed with a rifle with unlimited ammo. The Player 1 character is equipped with a long-range automatic rifle, while Player 2 has a short-range wide shot. The controls in the original coin-op version consists of an eight-way joystick for moving the character in the air while flying and a unique rotatable button known as the ""roll switch"".Rotating the switch left or right allows the player to adjust their character's aim in one of sixteen directions, while pressing it causes the player character to shoot his gun. This allows for the player to move their character anywhere while keeping their aim in one direction. Pressing the switch rapidly will cause the character to perform a ""megacrush"" attack will destroy all on-screen enemies, but at the expense of a portion of their vitality gauge. The player character is accompanied by a satellite module orbiting near him that will provide backup firepower every time the player fires their gun. Like the main character, the satellite can also be rotated with the roll switch. Rotating the character while firing will only rotate the aim of the satellite, while rotating the character without firing will not only rotate the satellite's aim, it will also move its relative position around the player. The player can obtain blue-colored coins known as ""zennies"" from defeating enemies throughout the game. The zennies are used as currency to obtain new power-up items from shops located at certain points in each stage. When the player enters an item shop, they are given a choice of the items available and a limited time to make any purchase they wish. These items consists primarily of new weapons for the satellite module, but also includes a health kit to restore lost vitality, an armor that allows the player to sustain additional damage, and even tips on how to defeat the boss awaiting at the end of the current stage. Forgotten Worlds consists of five stages with a total of eight bosses. The player will lose if their vitality gauge runs out, but will be given a chance to continue.",https://www.igdb.com/games/forgotten-worlds
308,Cyberbots: Fullmetal Madness (Capcom Arcade Stadium),Luta,Capcom,Arcade,03/01/2023,1,1995,-,,43820,Cyberbots: Fullmetal Madness,https://images.igdb.com/igdb/image/upload/t_cover_big/coa6hu.jpg,Capcom,1995,Fighting,66.55466233865037,"The premise in Cyberbots is similar to Armored Warriors, albeit it features only a maximum of two playable characters on screen as opposed to three. It features a range of selectable options, parts, and mecha that allow the player to tailor their play style to their preferences. Similar to the Armored Core series, different legs (which affect movement abilities), arms (which affect reach and melee capabilities), and weapons can be mixed and matched between the selectable robots available to the player. Gameplay in Cyberbots is similar to other Capcom-created fighting games, with a medium-sized command list of attacks available to each robot. Battles are a duel-format affair, with players and the computer fighting one another to advance to the next battle.",https://www.igdb.com/games/cyberbots-fullmetal-madness
309,Battle Circuit (Capcom Arcade Stadium),Beat 'em Up,Capcom,Arcade,03/01/2023,1.3,1997,-,,38545,Battle Circuit,https://images.igdb.com/igdb/image/upload/t_cover_big/coblwk.jpg,Capcom,1997,"Hack and slash/Beat 'em up, Arcade",69.02982148573984,"Battle Circuit is a 2D side scrolling beat'em up drawn in a comic (manga) style in a futuristic science fiction setting. A group of bounty hunters must capture the mad scientist Dr. Saturn with a giant head. The roster of heroes has 5 characters for the player to choose from: Cyber Blue, a human bounty hunter with cybernetic attachments to his body; Captain Silver, a humanoid shape-shifting hunter who has ability to project ice particles from his body; Pink Ostrich, a large, sentient, pink ostrich, who is always accompanied by its owner, a young girl named Pola Abdul; Yellow Iris, a part-time fashion model with claws and Alien Green, a space creature looking like a giant, moving plant. Gameplay is quite typical for the genre, like in Final Fight, Streets of Rage, or Cadillacs and Dinosaurs - players go right, beat the enemies (player has access to various attacks), collect bonuses and money, and fight against bosses, for example Dr. Saturn and his robots. Players' abilities can be expanded by purchasing special ""upgrade discs"" after the completion of levels using coins obtained from dead enemies.",https://www.igdb.com/games/battle-circuit
310,Captain Commando (Capcom Arcade Stadium),Beat 'em Up,Capcom,Arcade,04/01/2023,1,1991,-,,19821,Captain Commando,https://images.igdb.com/igdb/image/upload/t_cover_big/co8sq7.jpg,Capcom,1991,"Platform, Hack and slash/Beat 'em up, Arcade",73.2007787954807,Captain Commando is a futuristic side-scrolling beat 'em up video game. The game stars the titular superhero who was originally conceived as a fictional spokesman used by Capcom USA in the company's console games during the late 1980s. Among its unique features are the option for 4 simultaneous co-op play and the ability to control mecha suits scattered on the stages.,https://www.igdb.com/games/captain-commando
311,Dynasty Wars (Capcom Arcade Stadium),Beat 'em Up,Capcom,Arcade,06/01/2023,1,1989,-,,12060,Dynasty Wars,https://images.igdb.com/igdb/image/upload/t_cover_big/co9ct9.jpg,Capcom,1989,"Fighting, Hack and slash/Beat 'em up, Arcade",70.19365150488153,"Originating in the arcades, Dynasty Wars is a beat-em-up set during the Three Kingdoms Era of the Chinese history, and is, more specifically, based on the Tenchi o Kurau manga adaptation of the story. The player adopts the identity of an ancient Chinese warrior, and riding on horseback has to eliminate all his opponents, mostly infantry and archers.",https://www.igdb.com/games/dynasty-wars
312,Warriors of Fate (Capcom Arcade Stadium),Beat 'em Up,Capcom,Arcade,07/01/2023,1,1992,-,,39414,Warriors of Fate,https://images.igdb.com/igdb/image/upload/t_cover_big/co2gh5.jpg,Capcom,1992,"Hack and slash/Beat 'em up, Arcade",75.57226598428448,"Warriors of Fate is a beat'em up with nine stages. Each contains large mobs including spearman, archers, strongmen, bomb-wielding opponents, and at least one boss. Using two buttons, Attack and Jump, the characters all have standard moves typical of Capcom side-scrollers of the day. There is also a variety of weapons in the game which can be picked up. As with most side-scrollers, food is used to replenish health and can be found in various breakable containers in the game level. One notable feature of the game is the ability to summon a warhorse which adds more attacks to the characters, generally involving pole-arms. Most characters are given a special wrestling throw of their own, like in Final Fight and The Punisher. In the Japanese version, the game follows Liu Bei's plight in Jingzhou from the Romance of the Three Kingdoms, a history-based novel from China, set in the Three Kingdoms period as Cao Cao sets to invade his lands. In the English adaptation, however, the Three Kingdoms theme was lost, and most names have been changed to names of Mongolian origin.",https://www.igdb.com/games/warriors-of-fate
313,Varth: Operation Thunderstorm (Capcom Arcade Stadium),Shmup,Capcom,Arcade,07/01/2023,1.5,1992,-,,39312,Varth: Operation Thunderstorm,https://images.igdb.com/igdb/image/upload/t_cover_big/co3rkt.jpg,Capcom,1992,"Shooter, Arcade",,"Operation Thunderstorm, engage! Varth: Operation Thunderstorm is a shoot 'em up game released by Capcom in 1992 for it's CPS-1 Arcade board. The game is about two brave pilots take flight to save humanity from the evil DUO (Dimension Unbody Offender).",https://www.igdb.com/games/varth-operation-thunderstorm
314,Super Mario 3D Land,Plataforma,Nintendo,Nintendo 3DS,08/01/2023,4.45,2011,-,,1079,Super Mario 3D Land,https://images.igdb.com/igdb/image/upload/t_cover_big/cobab1.jpg,Nintendo Entertainment Analysis & Development,2011,"Platform, Adventure",80.94328610938425,"Super Mario 3D Land is the second 3D Super Mario platformer for a handheld device, and the successor to Super Mario Galaxy 2. The game is closely based on side-scrolling Mario games, as it combine elements from both traditional 2D Mario games and modern free-roaming 3D Mario games. It also introduces elements into the series, including power-ups and gameplay mechanics.",https://www.igdb.com/games/super-mario-3d-land
315,New Super Mario Bros. 2,Plataforma,Nintendo,Nintendo 3DS,08/01/2023,3.65,2012,-,,1080,New Super Mario Bros. 2,https://images.igdb.com/igdb/image/upload/t_cover_big/cobaah.jpg,Nintendo Entertainment Analysis & Development,2012,"Platform, Adventure",72.97407112336664,"New Super Mario Bros. 2 is a side-scrolling 2.5D action-adventure platform game for the Nintendo 3DS. As the direct sequel to New Super Mario Bros., it is an indirect follow-up to New Super Mario Bros. Wii. The game's main focus is on coins, with the primary goal being to collect one million. To reach the goal, the game includes many new items to aid the player, such as the Gold Flower, which turns Mario into Gold Mario.",https://www.igdb.com/games/new-super-mario-bros-2
316,Vulgus (Capcom Arcade Stadium),Shmup,Capcom,Arcade,10/01/2023,0.78,1984,-,,25886,Vulgus,https://images.igdb.com/igdb/image/upload/t_cover_big/co7lma.jpg,Capcom,1984,"Shooter, Arcade",,"This was Capcom's first arcade game. The player controls a spaceship with a single objective: destroy incoming enemies. The vessel has two different weapons: a primary weapon with infinite ammunition and a limited supply of bombs. By picking up the ""Pow"" icons, which sporadically appear throughout the levels, the player can replenish supplies. [wikipedia]",https://www.igdb.com/games/vulgus
317,Mighty Final Fight,Beat 'em Up,Capcom,Nintendo 8-bits,11/01/2023,1.2,1993,-,,1658,Mighty Final Fight,https://images.igdb.com/igdb/image/upload/t_cover_big/co3c4b.jpg,Capcom,1993,"Hack and slash/Beat 'em up, Arcade",78.74246808329174,"The Mad Gear Gang has spread crime and violence throughout the streets of Metro City. Only one man has enough guts to take the streets back from them, Mayor Mike Haggar. Now the Mad Gear Gang has kidnapped his daughter Jessica to bring him under their control. But they've made one mistake: Haggar's furious and he wants someone's head! Guy and Jessica's boyfriend, Cody, are joining Haggar to clean up the slime-filled streets and rescue Jessica. Along the way you'll find food to replenish your health, or better yet, search for weapons to knock the living daylights out of your enemies. So join Haggar and his friends as they try to free the city from the evil clutches of the Mad Gear Gang!",https://www.igdb.com/games/mighty-final-fight
318,Senjo no Okami II (Capcom Arcade Stadium),Shmup,Capcom,Arcade,11/01/2023,1.1000000000000001,1990,-,,148744,Capcom Arcade Stadium: Senjo no Okami II,https://images.igdb.com/igdb/image/upload/t_cover_big/co62oy.jpg,Capcom,2021,Shooter,,"Capcom Arcade Stadium: Senjo no Okami II is a 1-3 player co-op game for Capcom Arcade Stadium. In the year 19XX, a group of revolutionaries launch a coup against the government of the R country. The former U.S. president, in R for disarmament talks, is caught in the crossfire and kidnapped by the rebels.",https://www.igdb.com/games/capcom-arcade-stadium-senjo-no-okami-ii
319,Legendary Wings (Capcom Arcade Stadium),Shmup,Capcom,Arcade,11/01/2023,1.6,1986,-,,39705,Legendary Wings,https://images.igdb.com/igdb/image/upload/t_cover_big/co4qvi.jpg,Capcom,1986,"Shooter, Platform, Arcade",50.70036830285416,"Legendary Wings is a fantasy-themed shoot-'em-up game released by Capcom as a coin-operated video game in 1986. The player takes control of a young soldier equipped with magical wings who must save the world from a malfunctioning supercomputer. Legendary Wings is set in a distant future where an alien supercomputer named ""Dark"", which has been helping human civilization achieve a new state of enlightenment since ancient times, has suddenly rebelled against mankind. Two young warriors are given the Wings of Love and Courage by the God of War Ares in order to destroy Dark and ensure mankind's survival. The coin-op version of Legendary Wings can be played by up to two players simultaneously, with a second player being allowed to join the game at any time or even continue after a game over. The game's controls consists of an eight-way joystick and two buttons which changes depending on the context. The game consists of five areas with two different playing styles: the first segment in each stage is a top-view vertical scrolling segment in which the player flies across the sky, shooting at airborne enemies with their gun while dropping bombs at ground enemies, in order to reach the palace at the end of segment. When the player defeats the guardian and gains entrance to the palace, the game switches to a side-scrolling perspective, in which the player moves towards their goal on foot (by walking, crouching, and climbing ladders, as well jumping) until reaching the boss at the end, in which the player character will begin to fly with their wings again. In addition to the regular levels there are two optional levels that are accessible from the vertical-scrolling segment: a trap level in which the player is forced to escape from if they're sucked by the giant mechanical face on each area; and a hidden bonus level where the player can obtain various treasure chests to increase their score.",https://www.igdb.com/games/legendary-wings
320,Super Smash Bros. For Wii U,Luta,Nintendo HAL,Nintendo Wii U,12/01/2023,0.25,2014,-,,9602,Super Smash Bros. for Wii U,https://images.igdb.com/igdb/image/upload/t_cover_big/co213x.jpg,Sora,2014,"Fighting, Platform",83.43801645273842,"Super Smash Bros. for Wii U is the fourth console-based entry in the popular Super Smash Bros. series of fighting games. With an even larger roster of fighters than its predecessors and the introduction eight player battles, Smash for Wii U continues to add to the formula that gamers have loved since 1999.",https://www.igdb.com/games/super-smash-bros-for-wii-u
321,Super Bomberman 4,Plataforma,Hudson Soft,Super Nintendo,14/01/2023,1.08,1996,-,,80539,Super Bomberman 4,https://images.igdb.com/igdb/image/upload/t_cover_big/co2rh0.jpg,Hudson Soft,1996,Arcade,81.27924408854638,The fourth SNES game in Hudson's explosive multiplayer series sends White Bomber and Black Bomber hurtling through time.,https://www.igdb.com/games/super-bomberman-4
322,Super Bomberman 5,Plataforma,Hudson Soft,Super Nintendo,16/01/2023,1.4,1997,-,,38387,Super Bomberman 5,https://images.igdb.com/igdb/image/upload/t_cover_big/co2w8i.jpg,Hudson Soft,1997,"Puzzle, Strategy, Tactical, Arcade",92.95067701922535,"An evil Bomber named Emperor Terrorin who has the power of Time itself has freed various criminal Bombers from their prison cells in orbit around Planet Bomber. Setting them up in a warped time and space, Shirobon, Kurobon, and their Louie (Rui) companions must travel through stages and defeat them before going up against Emperor Terrorin himself. Super Bomberman 5, released by Hudson Soft in early 1997, was the final Bomberman game released on the Super Family Computer - the Japanese version of the SNES. The game was released in two variations: a standard cartridge and a gold cartridge, which was sold exclusively through CoroCoro Comic. The gold cartridge included extra maps in battle mode.",https://www.igdb.com/games/super-bomberman-5
323,SectionZ,Shmup,Capcom,Arcade,17/01/2023,0.21,1985,-,,,,,,,,,,
324,The Legend of Zelda: Ocarina of Time 3D,RPG de Ação,Nintendo,Nintendo 3DS,20/01/2023,22.6,2011,-,,1039,The Legend of Zelda: Ocarina of Time 3D,https://images.igdb.com/igdb/image/upload/t_cover_big/co600u.jpg,Grezzo,2011,"Puzzle, Adventure",90.13136295693626,"The Legend of Zelda: Ocarina of Time 3D is a remake of Ocarina of Time with more up-to-date graphics, streamlined UI and different additional game modes. Most textures are significantly more detailed, and many models are more faithful to the game's concept and promotional art. In addition, the frame rate has been increased to 30 FPS compared to the original's 20 FPS.",https://www.igdb.com/games/the-legend-of-zelda-ocarina-of-time-3d
325,Teenage Mutant Ninja Turtles: Turtles in Time (The Cowabunga Collection),Beat 'em Up,KONAMI,Arcade,21/01/2023,0.85,1991,-,,205211,Teenage Mutant Ninja Turtles: Turtles in Time,https://images.igdb.com/igdb/image/upload/t_cover_big/co987w.jpg,Konami,1991,"Hack and slash/Beat 'em up, Arcade",76.76229635242744,"The original arcade version of Teenage Mutant Ninja Turtles: Turtles in Time, which is shorter than the latter console version.",https://www.igdb.com/games/teenage-mutant-ninja-turtles-turtles-in-time--1
326,Teenage Mutant Ninja Turtles IV: Turtles in Time (The Cowabunga Collection),Beat 'em Up,KONAMI,Super Nintendo,21/01/2023,0.55000000000000004,1992,-,,14697,Teenage Mutant Ninja Turtles IV: Turtles in Time,https://images.igdb.com/igdb/image/upload/t_cover_big/co7ruz.jpg,Konami,1992,"Hack and slash/Beat 'em up, Arcade",85.22761939816101,"Teenage Mutant Ninja Turtles IV: Turtles in Time, developed by Konami, is a side-scrolling beat ’em up for up to two players. It is the fourth game in the series, following Teenage Mutant Ninja Turtles III: The Manhattan Project on the Nintendo Entertainment System. Originally released as an arcade game, it was later ported to the Super Nintendo Entertainment System in 1992.",https://www.igdb.com/games/teenage-mutant-ninja-turtles-iv-turtles-in-time
327,Pirate Ship Higemaru (Capcom Arcade Stadium),Plataforma,Capcom,Arcade,24/01/2023,0.8,1984,-,,40092,Pirate Ship Higemaru,https://images.igdb.com/igdb/image/upload/t_cover_big/co3pos.jpg,Capcom,1984,Arcade,,"The player controls a Norwegian sailor by the name of Momotaro, who must use barrels to defeat the titular pirate crew. Momotaro has no attacks of his own. However, he has the ability to grab barrels, drums, large bags, and various other items which he can throw (either horizontally or vertically) across the screen. Any pirate who stands in the way of a barrel or other object will be hurled off the screen. Barrels that impact the walls of a stage or other barrels or objects will shatter and produce points, while other objects are invulnerable (but do not produce points). Each successive enemy that is hit by a barrel will yield additional points once the barrel is destroyed. In addition, there are also various items hidden beneath barrels in each level which will give Momotaro bonus points. Every floor of the ship has a set number of pirates to be destroyed, as well as a single ""Bow"", a special pirate that regenerates each time it is defeated. Every fourth level in the game yields a bonus level in which the barrels are worth an increased number of points, and a group of enemies entirely made up of Bows (which do not regenerate in this case). With each successive floor, the speed and intelligence of the pirates increases. For every sixteen barrels Momotaro destroys, he will be rewarded with an item that grants invincibility for a limited amount of time, allowing him to defeat enemies by simply touching them. Momotaro's enemies do not have attacks, but a single touch from an enemy will cause him to die and be revived, costing the player one of his/her extra lives; the game will be over when he or she has no more lives. The game has no ending, but following the sixteenth level, the enemy patterns will reset to level one. The layout of the barrels on the stages will continue to change, however, and the enemy count per level will not reset to level one counts. Following level 16, the game may Kill screen at the start of a level or after losing a life.",https://www.igdb.com/games/pirate-ship-higemaru
328,Powered Gear - Strategic Variant Armor Equipment (Capcom Arcade Stadium),Beat 'em Up,Capcom,Arcade,24/01/2023,1,1994,-,,234309,Capcom Arcade Stadium: Powered Gear - Strategic Variant Armor Equipment,https://images.igdb.com/igdb/image/upload/t_cover_big/co636p.jpg,Capcom,2021,,,Add Powered Gear - Strategic Variant Armor Equipment - to your Capcom Arcade Stadium game line-up!,https://www.igdb.com/games/capcom-arcade-stadium-powered-gear-strategic-variant-armor-equipment
329,Strider (Capcom Arcade Stadium),Plataforma,Capcom,Arcade,24/01/2023,0.9,1989,-,,6969,Strider,https://images.igdb.com/igdb/image/upload/t_cover_big/co9ijs.jpg,Capcom,1989,"Platform, Arcade",67.15641814869814,"The controls of Strider consist of an eight-way joystick and two action buttons for attacking and jumping. The player controls Hiryu himself, whose main weapon is a tonfa-like plasma sword known as ""Cypher"". He can perform numerous acrobatic feats depending on the joystick/button combination used. Pressing the jump button while Hiryu is standing still will cause him to do a regular vertical jump, while pressing the jump button while pushing the joystick left or right will enable him to do a cartwheel jump. Hiryu can also slide under or through certain obstacles and enemies by first crouching down and then pressing the jump button. As well as his sliding move, both jumps can also be used to destroy weaker opponents. Hiryu is able to latch onto certain platforms, and climb across walls and ceilings using a metallic hook. While running down a sloped surface, Hiryu can gain enough momentum to allow him to do a longer cartwheel jump than usual. Numerous power-ups can be obtained from item boxes carried by certain enemies. These includes an extension to Hiryu's attack range that lasts for one hundred slashes, two types of health aids (represented by the kanji used to write Hiryu's name: 飛 and 飛竜), a max health extension (represented by the kanji 竜, the second character in Hiryu's name), an extra life, and a power-up that not only makes Hiryu invulnerable to attack but also increases his own attack abilities via shadow images of himself for 15 seconds.[3] Hiryu can also summon robotic companions known collectively as ""options"" that help him fight enemies. These consist of up to two mushroom-like droids, a saber-toothed tiger and a hawk, known individually as Option A, B and C respectively. The game has five stages: the Kazakh Soviet Socialist Republic (called ""St. Petersburg"" during the arcade game's attract sequence), the Siberian Wilderness, the Aerial Battleship Balrog (געלראב), the Amazonian Jungle, and the Grandmaster's lair itself, the Third Moon. Each of the stages is divided into a number of smaller sections, each with their own time limit and checkpoint location. The player has a three-point health gauge (which can be increased to five points with the health extensions. Hiryu will lose a life when either his health gauge is fully depleted, by moving him off the screen entirely (like falling into a bottomless pit) or when the game's timer reaches zero. It's Game Over when all of Hiryu's lives are lost, but the player can be given the opportunity to continue.",https://www.igdb.com/games/strider--3
330,Tatakai no Banka (Capcom Arcade Stadium),Plataforma,Capcom,Arcade,24/01/2023,1,1986,-,,39993,Trojan,https://images.igdb.com/igdb/image/upload/t_cover_big/co3xyq.jpg,Capcom,1986,"Fighting, Hack and slash/Beat 'em up",60.15228391254496,"The arcade version can be played by up to two players alternating. The game's controls consists of an eight-way joystick and two action buttons. Similarly to Kung-Fu Master or Rush'n Attack, the player jumps by holding the joystick upwards instead of having a dedicated jump button like other side-scrolling action games. Instead, one button is used to swing the sword at enemies and the other button is used to hold the shield to block enemy attacks, including projectiles such as throwing knives and arrows. The shield can be held towards the player while standing or crouching, as well as upwards vertically and diagonally. Some enemies will throw magic balls which will cause the player to lose their sword and shield if they block. During these instances, the player will fight barehanded, with the sword and shield buttons used to punch and kick respectively. The sword and shield will appear on-screen after some point, allowing the player to recover their weapon. Other power-ups includes floating hearts that will restore the player's health and jumping spots where the player can jump higher than usual. The game consist of six stages, where the player will face the usual series of small fry enemies, as well as a sub-boss at the middle of each stage and a boss at the end. The player is allowed to start the game at any of the six stages. However, the player must play through the entire game again after defeating the final boss, Achilles, in order to see the true ending (similarly to Ghosts'n Goblins). The player can continue after a game over depending on the dip switch settings.",https://www.igdb.com/games/trojan
331,Hi-Fi Rush,Plataforma,Tango Gameworks,PC,28/01/2023,9.2799999999999994,2023,-,,233585,Hi-Fi Rush,https://images.igdb.com/igdb/image/upload/t_cover_big/co6219.jpg,Tango Gameworks,2023,"Music, Platform, Hack and slash/Beat 'em up, Adventure",85.16658000863487,"As wannabe rockstar Chai, you’ll fight back against a sinister robotics enhancement conglomerate using rhythm-amplified combat where everything – from the motion in the environment to the blows of combat – is synced to the music.",https://www.igdb.com/games/hi-fi-rush
332,Ghouls'n Ghosts (Capcom Arcade Stadium),Plataforma,Capcom,Arcade,29/01/2023,1,1988,-,,6817,Ghouls 'n Ghosts,https://images.igdb.com/igdb/image/upload/t_cover_big/co25sq.jpg,Capcom,1988,"Platform, Arcade",80.71237246296702,"The gameplay for Ghouls 'n Ghosts is similar to that of Ghosts 'n Goblins. The player controls the knight Arthur, who must advance through a series of eerie levels and defeat a number of undead and demonic creatures in his quest to restore the souls stolen by Lucifer (Loki in the English-language Mega Drive and Sega Master System versions), including the soul of his lover, Princess Prin Prin. Along the way, Arthur can pick up a variety of weapons and armor to help him in his quest. While the core gameplay remains the same as its predecessor, the game now allows Arthur to fire directly upward and directly downward while in mid air. By jumping in certain spots, players can cause a treasure chest to erupt from the ground. By firing his weapon at the chest, players may uncover new weapons, gold armor or an evil magician that changes Arthur into an elderly man or a helpless duck. The gold armor allows players to charge up the weapon to release a powerful magical attack. Each weapon has its own special attack. There are five levels and Lucifer's chamber at the end, considered a sixth level in itself. To defeat the game, Arthur must complete level 1 to 5 twice. Upon completing level's 1 to 5 the first time, Arthur is taken back to level 1 again but this time a special weapon appears during the game. To enter Lucifer's chamber the player must have this special weapon equipped and defeat the penultimate boss.",https://www.igdb.com/games/ghouls-n-ghosts
333,Teenage Mutant Ninja Turtles: The Hyperstone Heist (The Cowabunga Collection),Beat 'em Up,KONAMI,Sega MegaDrive,29/01/2023,1,1992,-,,4404,Teenage Mutant Ninja Turtles: The HyperStone Heist,https://images.igdb.com/igdb/image/upload/t_cover_big/co3zbs.jpg,Konami,1992,Hack and slash/Beat 'em up,77.39697072629187,"Teenage Mutant Ninja Turtles: The Hyperstone Heist, released in Europe as Teenage Mutant Hero Turtles: The Hyperstone Heist and in Japan as Teenage Mutant Ninja Turtles: Return of the Shredder is a side-scrolling beat 'em up based on the comic book characters the Teenage Mutant Ninja Turtles for the Sega Genesis.",https://www.igdb.com/games/teenage-mutant-ninja-turtles-the-hyperstone-heist
334,Teenage Mutant Ninja Turtles II: The Arcade Game,Beat 'em Up,KONAMI,Nintendo 8-bits,30/01/2023,1.5,1990,-,,3816,Teenage Mutant Ninja Turtles II: The Arcade Game,https://images.igdb.com/igdb/image/upload/t_cover_big/co9kln.jpg,Konami,1990,"Platform, Hack and slash/Beat 'em up",79.65280474958308,"This version includes two new levels (the first part of Scene 3 and all of Scene 6), which feature new enemy characters, including two new bosses: Tora (a dog-like ""blizzard beast"") and Shogun (a robotic samurai), both characters created for the game. Most of the original stages from the arcade version were extended as well and the second half of Scene 3, the parking garage stage, replaces the arcade version's end battle with Bebop and Rocksteady with a battle against the mutated fly form of Baxter Stockman.",https://www.igdb.com/games/teenage-mutant-ninja-turtles-ii-the-arcade-game
335,Teenage Mutant Ninja Turtles: Fall of the Foot Clan,Plataforma,KONAMI,Gameboy,31/01/2023,0.6,1990,-,,48928,Teenage Mutant Ninja Turtles: Fall of the Foot Clan,https://images.igdb.com/igdb/image/upload/t_cover_big/co2dox.jpg,Konami,1990,Adventure,59.52655346567074,"In cahoots with exiled alien zap master Krang, the evil Shredder has once again kidnapped the dashing damsel of the news desk, April O'Neil. To rescue this ravishing reporter, you must return to the sewers and dredge forth those reptiles with a penchant for pizza and all the nifty knifework of a chop suey chef. You'll control every move of Leonardo, Michaelangelo, Donatello and Raphael as they arm themselves with head-rattling Nunchakus, back-stabbing Sai Swords, and liver-lashing Katana Blades. Of course, this once in a light year adventure will really start rumbling the nanosecond you bust into 5 never-before-seen levels of Manhattan mayhem, including the Traffic Jam, Waste Dump Ravine and Technodrome Tower. Here you'll perfect the ancient art of icing, dicing and shuriken-slicing. And you'll get the chance to wipe the smirks off the faces of all-new creepshow freaks like Roadkill Rodney, Shell Shocker and that nasty villain Filet O'Filth. So get back into your shell and start snapping away, before April goes from delivering the news to singing the blues in some new cement shoes.",https://www.igdb.com/games/teenage-mutant-ninja-turtles-fall-of-the-foot-clan
336,Teenage Mutant Ninja Turtles II: Back from the Sewers,Plataforma,KONAMI,Gameboy,31/01/2023,0.8,1991,-,,18639,Teenage Mutant Ninja Turtles II: Back from the Sewers,https://images.igdb.com/igdb/image/upload/t_cover_big/co5gu7.jpg,Konami,1991,Hack and slash/Beat 'em up,69.93542647337598,"Teenage Mutant Ninja Turtles II: Back from the Sewers, released as Teenage Mutant Hero Turtles II: Back from the Sewers in Europe, and simply Teenage Mutant Ninja Turtles 2 in Japan, is a 1991 Game Boy game by Konami. It is the sequel to Teenage Mutant Ninja Turtles: Fall of the Foot Clan.",https://www.igdb.com/games/teenage-mutant-ninja-turtles-ii-back-from-the-sewers
337,High on Life,Tiro em Primeira Pessoa,Squanch Games,PC,05/02/2023,11.52,2022,-,,204618,High on Life,https://images.igdb.com/igdb/image/upload/t_cover_big/co67qo.jpg,Squanch Games,2022,"Shooter, Adventure",71.91075953042099,"From the mind of Justin Roiland (Rick and Morty, Solar Opposites) comes High On Life. Humanity is being threatened by an alien cartel who wants to use them as drugs. It’s up to you to rescue and partner with charismatic, talking guns, take down Garmantuous and his gang, and save the world!",https://www.igdb.com/games/high-on-life
338,Ori and the Blind Forest,Metroidvania,Microsoft Studios,PC,11/02/2023,6.03,2015,-,,7344,Ori and the Blind Forest,https://images.igdb.com/igdb/image/upload/t_cover_big/co1y41.jpg,Moon Studios,2015,"Platform, Puzzle, Adventure",86.67147596409592,"The forest of Nibel is dying. After a powerful storm sets a series of devastating events in motion, an unlikely hero must journey to find his courage and confront a dark nemesis to save his home. Ori and the Blind Forest tells the tale of a young orphan destined for heroics, through a visually stunning action-platformer crafted by Moon Studios for Xbox One and PC. Featuring hand-painted artwork, meticulously animated character performance, and a fully orchestrated score, Ori and the Blind Forest explores a deeply emotional story about love and sacrifice, and the hope that exists in us all.",https://www.igdb.com/games/ori-and-the-blind-forest
339,Atomic Heart,Tiro em Primeira Pessoa,Mundfish,PC,04/03/2023,21,2023,-,,76747,Atomic Heart,https://images.igdb.com/igdb/image/upload/t_cover_big/co68ag.jpg,Mundfish,2023,"Shooter, Role-playing (RPG), Adventure",69.11997987234695,"Atomic Heart is an adventure first-person shooter, events of which unfolds in an alternate universe during the high noon of the Soviet Union. The principal character of the game is a special agent P-3, who after an unsuccessful landing on enterprise ""3826"" is trying to figure out what went wrong.",https://www.igdb.com/games/atomic-heart
340,Kirby and the Forgotten Land,Plataforma,Nintendo HAL,Nintendo Switch,18/03/2023,10,2022,-,,172427,Kirby and the Forgotten Land,https://images.igdb.com/igdb/image/upload/t_cover_big/co3vlw.jpg,HAL Laboratory,2022,"Platform, Adventure",82.47467904910292,"Join Kirby in an unforgettable journey through a mysterious world in a delightful 3D platforming adventure. Take control of the powerful pink puffball, Kirby, and move around freely in 3D stages as you discover a mysterious world with abandoned structures from a past civilization - like a shopping mall?! Copy enemies’ abilities like Sword and Ice and use them to attack and explore your surroundings! What journey awaits Kirby? Take a deep breath and get ready for an unforgettable adventure!",https://www.igdb.com/games/kirby-and-the-forgotten-land
341,Game Dev Story,Gerenciamento,Kairosoft,PC,23/03/2023,9.6,2010,-,,19815,Game Dev Story,https://images.igdb.com/igdb/image/upload/t_cover_big/co4mcq.jpg,Kairosoft,1997,"Role-playing (RPG), Simulator, Strategy, Adventure, Indie, Card & Board Game",70.42116447023794,"In Game Dev Story starting from a small office and a few thousand dollars in the wallet, you will need to hire the necessary personnel to develop the first game of the newborn company. This is how the list of candidates runs: there is a good programmer, an artist a bit scarce and a designer not bad; each of them, thanks to their skills, can give a more or less relevant hand in the realization of the project. Once everything is ready you must finally choose the kind and type of game to be realized, keeping in mind that some combinations will get married much better than others. In Game Dev Story player can choose the platform on which to develop the project, and here things start to get very interesting. Game Dev Story in fact traces the last twenty years of the history of the video game industry, reproposing it in the form of an exhilarating parody: we start from the first computers, and then see almost all the major portable and home consoles announced. The names of companies, games and platforms have been revised, but are entirely traceable back to the originals; the Game Boy becomes the Game Kid and Microsoft is now Microx. However, in addition to the order in which the consoles are launched, the developers have chosen to keep even the success they have had at market level, which, on the one hand makes it even more pleasant to relive these twenty years from the inside , on the other hand, the player can easily predict big business and flop: nobody will be so crazy to develop a game for Virtual Boy (pardòn, Virtual Kid), while immediately supporting the fees of PlayStation and PlayStation 2 could lead to big boxing. There are also annual awards, in which a jury rewards the best games of the year in the various categories. In the course of developing a project, however, the player will never remain with his hands: he will have to instruct his employees in order to cultivate their skills, buy the development kits of the various consoles, send announcements and look for new staff. It is essential to keep the interest of the fans high, create hype and see the players line up days before the game, while sales can increase thanks to good reviews in specialized magazines. And yet, making a sequel to a successful game means starting the odds with good odds that the game sells, while the player can decide whether to invest everything in an ambitious project or make small titles in a very short time, until a budget has been reached. high enough to be able to make and place your console on the market.",https://www.igdb.com/games/game-dev-story
342,Super Smash Bros. Ultimate,Luta,Nintendo HAL,Nintendo Switch,25/03/2023,26.5,2018,-,,90101,Super Smash Bros. Ultimate,https://images.igdb.com/igdb/image/upload/t_cover_big/co2255.jpg,Sora,2018,"Fighting, Platform",86.61523925498783,"Super Smash Bros. Ultimate is a crossover fighting game for the Nintendo Switch and the fifth main entry in the series. It features every playable fighter from previous installments alongside new additions such as Inkling and Ridley. The game includes faster combat, new items, and expanded defensive mechanics. Modes include local and online multiplayer, a single-player adventure mode called World of Light, and various casual and competitive rulesets.",https://www.igdb.com/games/super-smash-bros-ultimate
343,Call of Duty: Infinite Warfare,Tiro em Primeira Pessoa,Activision,PC,28/03/2023,11.2,2016,-,,18968,Call of Duty: Infinite Warfare,https://images.igdb.com/igdb/image/upload/t_cover_big/co1wkp.jpg,Infinity Ward,2016,"Shooter, Adventure",70.70497607138505,"Call of Duty: Infinite Warfare delivers three unique game modes: Campaign, Multiplayer, and Zombies. Campaign is a return to the gritty, military roots of the franchise, while boldly looking ahead, delivering a rich and engaging narrative that is unlike anything to date in a Call of Duty game. The player will embark on a classically-styled story about grand scale warfare, set in a future where human conflict has spread throughout our solar system. Multiplayer combines popular mechanics such as the chained-based movement system, with a load of gameplay innovations to deliver one of the deepest and most engaging online experiences in gaming. The new Zombies mode will thrill co-op players with an original, distinctive approach and an uproarious narrative sure to excite fans. The title introduces stunning, multi-planetary environments, new weaponry, and all-new player abilities.",https://www.igdb.com/games/call-of-duty-infinite-warfare
344,Bright Memory,Tiro em Primeira Pessoa,FYQD Studio,PC,28/03/2023,0.6,2020,-,,134072,Bright Memory,https://images.igdb.com/igdb/image/upload/t_cover_big/co26z5.jpg,FYQD-Studio,2020,"Shooter, Adventure, Indie",63.17329690454049,"Bright Memory is a lightning-fast fusion of the FPS and action genres, created by one-man development studio FYQD using Unreal Engine. Combine a wide variety of skills and abilities to unleash dazzling combo attacks. SRO (Supernatural Science Research Organization) agent Shelia's adventure is about to begin.",https://www.igdb.com/games/bright-memory
345,Mario Kart 8,Corrida,Nintendo,Nintendo Wii U,15/04/2023,5.3,2017,-,,2350,Mario Kart 8,https://images.igdb.com/igdb/image/upload/t_cover_big/co213q.jpg,Nintendo Entertainment Analysis & Development,2014,"Racing, Arcade",86.5635026360616,"Mario Kart 8 is a kart racing game in which players control characters from the Mario universe and other Nintendo franchises. Racers compete on themed tracks using power-ups found in item boxes to gain advantages or hinder opponents. The game introduces anti-gravity sections where players drive on walls and ceilings, gaining speed boosts from collisions. It supports up to twelve players online, four locally on one system, and features modes including Grand Prix racing and arena-based battles. Vehicle customization allows players to mix kart bodies, wheels, and gliders. The Nintendo Switch version, Mario Kart 8 Deluxe, includes all previous downloadable content, a revamped battle mode with dedicated arenas, and accessibility features for newer players.",https://www.igdb.com/games/mario-kart-8
346,Bayonetta,Hack and Slash,SEGA,Nintendo Wii U,20/04/2023,13.66,2009,-,,279337,Bayonetta,https://images.igdb.com/igdb/image/upload/t_cover_big/co8ngp.jpg,PlatinumGames,2014,"Shooter, Hack and slash/Beat 'em up, Adventure",82.52039021335983,"The port to Nintendo consoles adds Nintendo themed costumes and touch controls. Wreak havoc as the foxy witch Bayonetta. Bayonetta is a butt-kicking, havoc-wreaking witch, and she’ll shoot, whip, slice, and burn angels as she uncovers the truth about her own past. Her weapons and moves are all stylishly over-the-top, but she can also dodge attacks to slow down time, and inflict Torture Attacks on her enemies. This is the prequel to the Bayonetta 2 game, and it’s every bit as sassy, destructive, and epic as you’d expect. Bayonetta is the fashionable and foxy unholy offspring of an Umbra Witch and a Lumen Sage, and she’s lost her memory after being asleep at the bottom of a lake for 500 years. Use Wicked Weaves to summon Infernal Demons, dodge enemies’ dangerous attacks to slow down time, and punish angels with deadly devices. You can even dress Bayonetta up in four Nintendo-themed costumes—Princess Peach, Princess Daisy, Link, and Samus Aran.",https://www.igdb.com/games/bayonetta--2
347,Bayonetta 2,Hack and Slash,SEGA,Nintendo Wii U,21/04/2023,7.65,2014,-,,2135,Bayonetta 2,https://images.igdb.com/igdb/image/upload/t_cover_big/cob9e9.jpg,PlatinumGames,2014,"Shooter, Hack and slash/Beat 'em up, Adventure",87.45009384960527,"The witching hour strikes again. Brimming with intricate battles that take place in, on and all over epic set pieces, Bayonetta 2 finds our sassy heroine battling angels and demons in unearthly beautiful HD. You’re bound to love how it feels to string together combos with unimaginable weapons and to summon demons using Bayonetta’s Umbran Weave in this frantic stylized action game.",https://www.igdb.com/games/bayonetta-2
348,Marvel's Avengers,Aventura,Crystal Dynamics,PC,03/05/2023,14.32,2020,-,,138034,LEGO Marvel's Avengers: Marvel's Ant-Man Pack,https://images.igdb.com/igdb/image/upload/t_cover_big/co2fkb.jpg,Traveller's Tales,2016,"Puzzle, Hack and slash/Beat 'em up, Adventure",,"Based on the Marvel Cinematic Universe film Marvel's Ant-Man, this DLC adds a brand-new level and eleven characters to LEGO Marvel's Avengers journey.",https://www.igdb.com/games/lego-marvels-avengers-marvels-ant-man-pack
349,Mega Man - The Power Battle,Luta,Capcom,Arcade,08/05/2023,0.5,1995,-,,1724,Mega Man: The Power Battle,https://images.igdb.com/igdb/image/upload/t_cover_big/co5wue.jpg,Capcom,1995,"Fighting, Arcade",65.4803106309631,"Mega Man: The Power Battle, known in Japan as Rockman: The Power Battle, is an arcade video game and a spin-off title for the Mega Man series. It was released in Japan in 1995 and was followed by a sequel, Mega Man 2: The Power Fighters, the following year.",https://www.igdb.com/games/mega-man-the-power-battle
350,Mega Man 2 - The Power Fighters,Luta,Capcom,Arcade,08/05/2023,0.2,1996,-,,1725,Mega Man 2: The Power Fighters,https://images.igdb.com/igdb/image/upload/t_cover_big/co6k7w.jpg,Capcom,1996,"Fighting, Shooter, Arcade",61.22756873760127,"It's a disaster: Doctor Light's lab has been attacked by Doctor Wily, and stolen some crucial parts for robots. And, if it weren't bad enough already, he has taken Roll as a hostage! Mega Man and Proto Man go to stop Wily and stumble upon Duo, the big alien robot, who is willing to help. And Bass, still angry that Wily has revived more Robot Masters, again teams up with the good side to destroy the enemies...",https://www.igdb.com/games/mega-man-2-the-power-fighters
351,Batman,Plataforma,Data East,Arcade,10/05/2023,0.5,1990,-,,26041,Batman: Arkham Knight - 2008 Movie Batman Skin,https://images.igdb.com/igdb/image/upload/t_cover_big/co2fx3.jpg,Rocksteady Studios,2015,"Hack and slash/Beat 'em up, Adventure",,This addon inlcudes a Batman costume inspired by the 2008 movie ‘The Dark Knight’.,https://www.igdb.com/games/batman-arkham-knight-2008-movie-batman-skin
352,The Punisher,Beat 'em Up,Capcom,Arcade,10/05/2023,1,1993,-,,19768,The Punisher,https://images.igdb.com/igdb/image/upload/t_cover_big/cobubo.jpg,Capcom,1993,"Hack and slash/Beat 'em up, Arcade",78.66056079368568,"The Punisher is a 1993 beat 'em up arcade game. It stars the Marvel Comics' anti-hero the Punisher and co-stars S.H.I.E.L.D. agent Nick Fury as the second player's character as they embark on a mission to kill the crime lord the Kingpin and bring down his organization. Whilst following the same general formula as Capcom's previous beat 'em ups, the game has a range of usable weapons and a comics-style presentation.",https://www.igdb.com/games/the-punisher--2
353,Battle Toads (1992),Beat 'em Up,RARE,Arcade,20/05/2023,1,1992,-,,,,,,,,,,
354,Resident Evil 4 Remake,Survival Horror,Capcom,PC,27/05/2023,16.5,2023,-,,,,,,,,,,
355,Cadillac and Dinossaurs,Beat 'em Up,Capcom,Arcade,30/05/2023,1.25,1993,-,,,,,,,,,,
356,Samurai Shodown (2019),Luta,SNK,PC,18/06/2023,0.25,2019,-,,109277,Samurai Shodown,https://images.igdb.com/igdb/image/upload/t_cover_big/co1m9a.jpg,SNK,2019,Fighting,73.23557765213371,"""A brand new title from SNK! A new Samurai Shodown is on the horizon! Since its birth in 1993, the Samurai Shodown series has been known as the premier weapon based versus fighting games, and was essential in cultivating the weapon based fighting game genre. As the first new release in the series in more than 10 years, Samurai Shodown is aiming to yet again push boundaries and deliver some serious samurai action! Developed using Unreal Engine 4 and utilizing a unique brushstroke graphical style to match the Japanese roots of the series, Haohmaru, Nakoruru, Galford and a whole cast of other popular characters will battle once again for victory!""",https://www.igdb.com/games/samurai-shodown--2
357,Forza Horizon 4,Corrida,Playground Games,PC,23/06/2023,48.2,2018,-,"Finalizar a última corrida ""Marathon""",82090,Forza Horizon 4,https://images.igdb.com/igdb/image/upload/t_cover_big/co2e1a.jpg,Playground Games,2018,"Racing, Sport, Adventure",81.9137726145796,"Forza Horizon 4 is an open world racing game set in a fictionalized representation of Great Britain, featuring regions inspired by Edinburgh, the Scottish Highlands, the Lake District, and the Cotswolds. The game introduces a dynamic seasonal system where the shared game world cycles through spring, summer, autumn, and winter each week, altering road conditions, opening new routes, and changing the landscape. Players collect and drive over 750 licensed cars across a variety of races, stunts, and challenges in servers supporting up to 72 players.",https://www.igdb.com/games/forza-horizon-4
358,Garou - Mark of the Wolves,Luta,SNK,Arcade,25/06/2023,0.75,1999,-,,10605,Garou: Mark of the Wolves,https://images.igdb.com/igdb/image/upload/t_cover_big/co2eya.jpg,SNK,1999,"Fighting, Arcade",78.57613643058879,"If you thought you'd seen the last of the incredible Garou: Mark of The Wolves series, you were sorely mistaken. Join classic brawlers and fresh finds (there are 11 new additions in all) for the fighting experience of the decade. The game's three unique modes of play include Offensive, Defensive, and Tactical, and there are plenty of Super Moves and Hidden Abilities to unlock. The realm of 2D fighting has rarely been this exciting, and it gets even more addicting when you play against a friend.",https://www.igdb.com/games/garou-mark-of-the-wolves
359,Akai Katana,Shmup,Cave,Arcade,25/06/2023,0.8,2010,-,,5479,Akai Katana,https://images.igdb.com/igdb/image/upload/t_cover_big/co2kqx.jpg,CAVE Interactive,2010,"Shooter, Arcade",69.8114723960761,"""Akai Katana"" is a horizontally scrolling shooter bullet hell developed by Cave and released in Japan on August 20, 2010 for arcades. A port to the Xbox 360 with additional game modes, ""Akai Katana Shin"", followed on May 26, 2011 in Japan. Rising Star Games published the console release in North America and Europe on May 15, 2012 simply as"" Akai Katana"".",https://www.igdb.com/games/akai-katana
360,Sunset Riders,Plataforma,KONAMI,Arcade,25/06/2023,0.75,1991,-,,4370,Sunset Riders,https://images.igdb.com/igdb/image/upload/t_cover_big/co2p0v.jpg,Konami,1991,"Shooter, Arcade",78.8743027096225,"Sunset Riders is a side-scrolling run and gun video game developed and released by Konami in 1991. It is set in the American Old West, where the players take control of bounty hunters who are seeking the rewards offered for various criminals. Each bad guy has a big reward on his head, and they're helped by hordes of bandits, gunslingers, and horse thieves, so pack loads of lead.",https://www.igdb.com/games/sunset-riders
361,Wild West C.O.W. Boys of Moo Mesa,Plataforma,KONAMI,Arcade,26/06/2023,1,1992,-,,39383,Wild West C.O.W.-Boys of Moo Mesa,https://images.igdb.com/igdb/image/upload/t_cover_big/cobv0a.jpg,Konami,1992,"Shooter, Platform",70.01946377556136,"In the 1800's, a mysterious comet hits the U.S. southwest, transforming the local cattle and animals into their own version of the old west called Moo Mesa, complete with several lawmen dealing with bizarre outlaws.",https://www.igdb.com/games/wild-west-c-dot-o-w-dot-boys-of-moo-mesa
362,Vasara,Shmup,Visco Corporation,Arcade,26/06/2023,0.8,2000,-,,40293,Vasara,https://images.igdb.com/igdb/image/upload/t_cover_big/co4hxz.jpg,Visco,2000,Shooter,,"Vasara is an arcade scroll shooter game released by Visco in 2000. All six stages. The motif is the Battle of Sekigahara and the Jin of Osaka, but all the cavalry has been replaced with air bikes, and battleships and tanks have appeared, creating a worldview that could be described as the sci-fi Warring States period.",https://www.igdb.com/games/vasara
363,Vasara 2,Shmup,Visco Corporation,Arcade,26/06/2023,0.9,2001,-,,40294,Vasara 2,https://images.igdb.com/igdb/image/upload/t_cover_big/co4hy0.jpg,Visco,2001,Shooter,,"A bullet hell shoot-em-up, and the sequel to Vasara",https://www.igdb.com/games/vasara-2
364,V Rising,RPG,Stunlock Studios,PC,14/07/2023,27.6,2022,-,,148228,V Rising,https://images.igdb.com/igdb/image/upload/t_cover_big/coby9v.jpg,Stunlock Studios,2024,"Role-playing (RPG), Adventure",72.21283299399501,Awaken as a vampire. Hunt for blood in nearby settlements to regain your strength and evade the scorching sun to survive. Raise your castle and thrive in an ever-changing open world full of mystery. Gain allies online and conquer the land of the living.,https://www.igdb.com/games/v-rising
365,Final Fantasy XII: The Zodiac Age,RPG,Square Enix,PC,29/07/2023,42,2017,-,,19455,Final Fantasy XII: The Zodiac Age,https://images.igdb.com/igdb/image/upload/t_cover_big/co2g6o.jpg,Virtuos,2017,"Role-playing (RPG), Adventure",83.80938851002468,"""FINAL FANTASY XII THE ZODIAC AGE improves upon the 2006 classic FINAL FANTASY XII, now more beautiful and easier to play than ever. The high-definition remaster introduces several modern advancements, including reconstructed battle design and a revamped job system. With newly implemented trophies and share functions, as well as stark visual and sound improvements in true HD for the first time, players both returning and new to the game will experience a grand adventure that spans the world of Ivalice in an entirely fresh and improved way. Includes several all-new enhanced gameplay features: – The Zodiac Job System – Improved character leveling system that now caters to the player’s preference – Trial Mode – Take on monsters and enemies in up to 100 consecutive battles – Speed Mode – Latest-generation HD graphical capabilities, including characters and movie scenes fully remastered in high definition. – True 7.1 surround sound, including high definition voicing and newly recorded background music utilizing the current generation of sound production. – Modern advancements including PlayStation4 trophy support and share functionalities, auto-save and shortened loading times – An endless amount of gameplay and adventure including Hunts, Battles, and mini-games""",https://www.igdb.com/games/final-fantasy-xii-the-zodiac-age
366,Crash Bandicoot 4: It's About Time,Plataforma,Activision,PC,02/08/2023,8.83,2020,-,,135254,Crash Bandicoot 4: It's About Time,https://images.igdb.com/igdb/image/upload/t_cover_big/co2hp4.jpg,Toys for Bob,2020,Platform,81.90782585263314,"Crash Bandicoot 4: It's About Time is the eighth Crash Bandicoot series game, though the fourth chronologically. The game retains the series' core platforming gameplay and adds new elements through the use of the Quantum Masks, who can alter levels and provide means to traverse or overcome obstacles. It also includes additional game modes for replaying levels, and the ability to control five characters, three of whom – Cortex, Dingodile, and Tawna – have their own unique gameplay and levels.",https://www.igdb.com/games/crash-bandicoot-4-its-about-time
367,UFC Sudden Impact,Luta,Global Star,PlayStation 2,13/08/2023,2,2004,-,,92763,UFC: Sudden Impact,https://images.igdb.com/igdb/image/upload/t_cover_big/co5yeg.jpg,,2004,,,,https://www.igdb.com/games/ufc-sudden-impact
368,Tekken: Tag Tournament,Luta,Namco Bandai,PlayStation 2,13/08/2023,0.22,2000,-,,289037,Tekken Tag Tournament,https://images.igdb.com/igdb/image/upload/t_cover_big/co84rb.jpg,Namco,2000,Fighting,61.75557307404343,"Has a huge upgrade to the graphics, and even adds in stages and music that weren’t in the original.",https://www.igdb.com/games/tekken-tag-tournament--1
369,Dead or Alive 2,Luta,Tecmo,PlayStation 2,14/08/2023,0.25,2000,-,,1388,Dead or Alive 2,https://images.igdb.com/igdb/image/upload/t_cover_big/co6t3o.jpg,Team NINJA,1999,"Fighting, Arcade",74.80620385385195,"Dead or Alive 2 is a fighting game in the Dead or Alive series. The gameplay of DOA2, and all subsequent Dead or Alive games, borrows heavily from the Virtua Fighter series, but makes some key changes that drastically changes the way Dead or Alive is played in comparison to Virtua Fighter. In DOA2, the basis of the entire fighting system is the circular relationship between three types of moves: blows, throws, and holds.The other defining feature of DOA2, aside from blows/throws/holds, is its stun system. In DOA2 many attacks upon hitting will inflict a stun on the opponent. While stunned, the opponent cannot attack, and cannot guard, but they can hold. If the attacker lands a non-knockdown, non-launching attack while the opponent is stunned, the opponent will be re-stunned in a new way, depending on what attack was landed. A major difference between DOA2 and other fighters was in the safety and non-punishability of attacks, both upon hitting and upon being blocked. Most blows in DOA2 can be punished on hit and block by each character's faster throws, making blow-based offense very risky. In addition to the normal rules of juggling, each character also fits into a specific weight category, which affects how the character responds to being launched and being juggled. In DOA2, fights can occur on either water or ice; when a character is on such a surface, all non-knockdown, non-launching attacks will induce a stun on any successful hit. Walls and falls in the middle of stages are everywhere in the game. Many stages are also multi-tiered: to get to other areas of the stage, one character must be knocked off a ledge and fall into the next area. These falls deal usually fairly high damage, but cannot knock the opponent out. Other notable features included introducing CG cutscenes in line with the plot, replacing the original ""Danger Zone"" areas in stages with fully interactive ones, allowing players to juggle each other into walls, propelling characters from landmarks for more damage.",https://www.igdb.com/games/dead-or-alive-2
370,The King of Fighters 2006,Luta,SNK,PlayStation 2,14/08/2023,0.67,2006,-,,15435,The King of Fighters 2006,https://images.igdb.com/igdb/image/upload/t_cover_big/co5ryp.jpg,SNK Playmore,2006,"Fighting, Arcade",69.94950344083902,"The King of Fighters: Maximum Impact 2 was released in North America as The King of Fighters 2006, and is a sequel to The King of Fighters: Maximum Impact. MI2 brings you back to the team fighting universe of the KOF with the added spin of using a polygonal engine. All of the characters from the original MI return, and are joined by 4 newcomers and 14 secret guest stars, totaling a whopping 38 characters, each with a unique story mode and dozens of possible costumes. The story this time deals with the appearance of the evil Jivatma in South Town, where all the heroes converge for their own personal reasons. Gameplay changes include the ability to sidestep and super cancel several moves; additional backgrounds and bonus features can be unlocked after beating the story mode, as well as completing the mission mode and time attack challenges",https://www.igdb.com/games/the-king-of-fighters-2006
371,UFC Undisputed 3,Luta,THQ Nordic,Xbox 360,23/08/2023,12,2012,-,,7229,UFC Undisputed 3,https://images.igdb.com/igdb/image/upload/t_cover_big/co3g9s.jpg,Yuke's,2012,"Fighting, Sport",70.65302759339423,"The critically acclaimed and best-selling MMA videogame franchise returns to take players inside the Octagon with UFC Undisputed 3, delivering intense UFC action focused on brutal toe-to-toe combat, impressive visual presentation and increased accessibility.",https://www.igdb.com/games/ufc-undisputed-3
372,Street Fighter Alpha 2 Gold,Luta,Capcom,PlayStation,30/08/2023,0.76,1996,-,,208759,Street Fighter Alpha 2 Gold,https://images.igdb.com/igdb/image/upload/t_cover_big/co5wl5.jpg,Capcom,1996,"Fighting, Arcade",,Street Fighter Alpha 2 Gold is an enhanced version of Street Fighter Alpha 2 that contains several tweaks to the Street Fighter Alpha 2 gameplay engine and introduces new secret EX characters.,https://www.igdb.com/games/street-fighter-alpha-2-gold
373,Street Fighter Alpha - Warriors' Dream,Luta,Capcom,PlayStation,31/08/2023,0.78,1995,-,,243819,Street Fighter Alpha: Warriors' Dreams,https://images.igdb.com/igdb/image/upload/t_cover_big/co6c2z.jpg,Capcom,1995,"Fighting, Arcade",69.79173906134594,"This version of Street Fighter Alpha: Warriors' Dreams features an arranged soundtrack, a dedicated two-player Versus Mode and also a Training Mode allowing players to practice their techniques and combos on a non-hostile character.",https://www.igdb.com/games/street-fighter-alpha-warriors-dreams--2
374,Castlevania,Plataforma,KONAMI,Nintendo 8-bits,02/09/2023,2.7,1987,-,,323636,Castlevania,https://images.igdb.com/igdb/image/upload/t_cover_big/coc1uh.jpg,Konami,,,,"A cancelled Castlevania project by Koji Igarashi was announced at E3 2008 by Konami. At the Tokyo Game Show 2008, a short teaser was shown. It was intended to feature Alucard as the main character, and the game was supposed to be in 3D, similar to Lords of Shadow, which came later. There has been no official word on the status of the project since, and Koji Igarashi left the company.",https://www.igdb.com/games/castlevania--7
375,Castlevania II: Simon's Quest,Plataforma,KONAMI,Nintendo 8-bits,05/09/2023,6,1988,-,,198661,Castlevania II: Simon's Quest,https://images.igdb.com/igdb/image/upload/t_cover_big/co71xf.jpg,Tiger Electronics,1988,Adventure,,"A Tiger Electronics handheld interpretation of Castlevania II: Simon's Quest. It is similar to the Simon's Quest LCD watch game, but has greater depth.",https://www.igdb.com/games/castlevania-ii-simons-quest--1
376,Castlevania III: Dracula's Curse,Plataforma,KONAMI,Nintendo 8-bits,06/09/2023,2,1990,-,,1119,Castlevania III: Dracula's Curse,https://images.igdb.com/igdb/image/upload/t_cover_big/coba2s.jpg,Konami,1990,"Platform, Hack and slash/Beat 'em up",74.59881504337227,"Led by the immortal Count Dracula, the greatest army of evil ever assembled is poised to bury mankind in a Tomb of Terror. Destroying this legion of Swamp Dragons, Slasher Skeletons and Forces of the Undead will be the supreme challenge for the mightiest of warriors. Your place in history is 100 years before Simon Belmont's birth. Dracula is young at heart, and it will take more than a stake to penetrate his evil. Luckily, you command the role of Trevor - Simon's forefather and the origin of the Belmont Warlord Chromosomes. Trevor has a power never before seen by human eyes - the power to transform into three different spirits: Grant DaNasty, the ferocious Ghost Pirate. Sypha, the Mystic Warlord. And Alucard, Dracula's forgotten son. You must perfectly time Trevor's body transformations to match up his different fighting spirits against Ultimate Evils. Trevor also has the strength and wisdom to command the Battle Axe, Invisibility Potion and Mystic Whip. But the most important weapon Trevor has is your cunning to choose the correct Paths of Fate and your bravery to lead him past 17 possible levels of never-ending doom, including the Haunted Ship of Fools, the Sunken City of Poltergeists, the Clock Tower of Untimely Death and Curse Castle. Never before have so many dangers confronted you at one time. And if by some miracle you triumph, you'll no longer be a mere mortal. You'll be a legend who'll live forever!",https://www.igdb.com/games/castlevania-iii-dracula-s-curse
377,Super Castlevania IV,Plataforma,KONAMI,Super Nintendo,06/09/2023,6,1991,-,,1124,Super Castlevania IV,https://images.igdb.com/igdb/image/upload/t_cover_big/co20dc.jpg,Konami,1991,"Platform, Hack and slash/Beat 'em up",77.64839686111398,"A century of Transylvanian tranquility is about to come to a shocking end. Once again the mortifying screams of helpless villagers shake the ground as they huddle against new nightmarish horrors unleashed by the Duke of Darkness, Count Dracula. And this time he has a tombstone with your name on it, Simon Belmont. You must descend into Castle of the Undead and its gruesome ground, accompanied by the most chilling sound effects to ever tingle your spine. Inside, a freshly dug 11 levels maze features the treacherous Terrace of Terror, the dangerous Rotating Dungeon, the Sunken Ruins of Lost Spirits, torture chambers and creature filled caves. Use your whip like a grappling hook and swing past hundreds of traps and a host of ghost freaks, living corpses and hidden goblins. All while dodging or destroying the unpredictable spitting lizards, carnivorous coffins, and more. Find the concealed weapons needed to defeat everything from eerie phantoms to haunted furniture. Then prepare to find yourself face-to-thing with hideous torments like the Tongue Lasher, the Darkest Knight, the Bone-Afide Horseman and the Granite Crusher. When your nerves get shot, use your password and take a breather. But forge on, Simon Belmont, because if you though Dracula was down for the count, he's only just begun to fright!",https://www.igdb.com/games/super-castlevania-iv
378,Castlevania: The Adventure,Plataforma,KONAMI,Gameboy,06/09/2023,1,1989,-,,1118,Castlevania: The Adventure,https://images.igdb.com/igdb/image/upload/t_cover_big/cob9dk.jpg,Konami,1989,"Platform, Hack and slash/Beat 'em up",46.76955121427588,"Castlevania: The Adventure is a platform game released for the Game Boy in 1989. It is the first Castlevania title for the system. Set a century before the events of the original Castlevania, the player controls an ancestor of Simon Belmont named Christopher Belmont who goes on a quest to defeat Dracula.",https://www.igdb.com/games/castlevania-the-adventure
379,Castlevania II: Belmont's Revenge,Plataforma,KONAMI,Gameboy,07/09/2023,2,1991,-,,1123,Castlevania II: Belmont's Revenge,https://images.igdb.com/igdb/image/upload/t_cover_big/cob9a8.jpg,Konami,1991,"Platform, Hack and slash/Beat 'em up",69.62305627382813,"Fifteen years after vanquishing the emperor of evil, Count Dracula, Christopher Belmont now faces a vampire swearing vengeance. Drac's back. And he's turned your son, Soleiyu Belmont, into a deadly demon to do his dirty deeds. Now not only do you have to rescue your kid from the Count's clutches, you have to first track him down in four creep packed Castles. Fortunately, you posses weapons like armor piercing Battle Axes, beast burning Holy Water, and the Legendary Mystic Whip. And you can increase your arsenal with power up items like Crystal Balls, Hearts, and Candles. Strap on your shield and step into the shadows. That is, if you're prepared for the dwellers of darkness.",https://www.igdb.com/games/castlevania-ii-belmont-s-revenge
380,Castlevania: Bloodlines,Plataforma,KONAMI,Sega MegaDrive,14/09/2023,3,1994,-,,1127,Castlevania: Bloodlines,https://images.igdb.com/igdb/image/upload/t_cover_big/cobcm9.jpg,Konami,1994,"Platform, Hack and slash/Beat 'em up",76.72285968401036,"Time refuses to forget the Belmont family's horrifying, bloody destiny. And in 1917 two of its descendants are summoned by fate into epic battle. Their enemy? The most evil incarnation of Castlevania legacy to ever rise from the grave, the vampiress Countess Bartley. This spine-tingling, 6-stage fear-fest overflows with graphic sights and sounds from your worst nightmares. As John Morris, the whip wielding vampire hunter, or Eric Lecarde, master lanceman, you'll pursue the demonic Countess all across Europe before she resurrects Dracula for a final reign of global terror. Alas, her trail of doom is laden with zombies, hideous mutants, grotesque giants, ghouls and ghastly creatures. Taste the sweat dripping into your mouth as you try rescuing yourself from diabolical traps. Feel the torturous strain on every muscle as you wield again and again sacred weapon power-ups such as Holy Water, the Battle Axe, the Crystal Blade Boomerang and the Mirror of Truth. But in the end, make sure you've saved enough strength to scream!",https://www.igdb.com/games/castlevania-bloodlines
381,Kid Dracula,Plataforma,KONAMI,Nintendo 8-bits,15/09/2023,2,1990,-,,1120,Kid Dracula,https://images.igdb.com/igdb/image/upload/t_cover_big/cob9o2.jpg,Konami,1990,"Shooter, Platform",68.62096130689663,"Kid Dracula is a platformer video game made by Konami. It was released only in Japan for the Famicom on 19 October 1990. It is considered a parody of the Castlevania series. A version for mobile phones was also released on 30 June 2006 in Japan only. The game saw ports for the PlayStation 4, Xbox One, Nintendo Switch, and Microsoft Windows as part of the Castlevania Anniversary Collection which was released digitally on May 16, 2019 in all regions.",https://www.igdb.com/games/kid-dracula--1
382,Mass Effect,RPG de Ação,EA Games,PC,21/09/2023,17,2007,-,,73,Mass Effect,https://images.igdb.com/igdb/image/upload/t_cover_big/co1x7o.jpg,BioWare,2007,"Shooter, Role-playing (RPG)",86.21152869124315,"Mass Effect is an action role-playing game set in the year 2183. The player takes the role of Commander Shepard, a customizable character who serves as Executive Officer aboard the SSV Normandy. After a routine mission goes wrong, Shepard assembles a squad and pursues a threat that escalates into a galaxy-wide conflict. The game features real-time squad-based combat where players choose companions and tactics suited to different enemy types, from biotic-wielding opponents to heavily armored machines. The game spans a large science fiction universe, with explorable locations ranging from the Citadel space station to alien homeworlds and remote outposts. Player decisions affect mission outcomes, crew relationships, and the overarching narrative across the trilogy.",https://www.igdb.com/games/mass-effect
383,UFC Throwdown,Luta,Crave Entertainment,Nintendo GameCube,26/09/2023,0.25,2002,-,,4221,UFC: Throwdown,https://images.igdb.com/igdb/image/upload/t_cover_big/co3g8u.jpg,Capcom Production Studio 3,2002,"Fighting, Sport, Hack and slash/Beat 'em up",,"UFC: Throwdown is based on the UFC (Ultimate Fighting Championship), mixed martial arts sports. The game places you in the position as a real-world fighter, utilizing various fighting styles, such as Freestyle, Wrestling, Kickboxing, Ju Jitsu, etc. Each fighter has a variety of real-life moves, in different categories. There are punches, kicks, grapples and takedowns. There are also ways of making your opponent submit, or ""tapout"", to gain a victory. You have the ability to perform combos, but these combos are realistic; you can perform a 1-2-3-4 punch combo, or a punch-punch-kick, or any variation of those. There are over twenty five fighters in the game, each one based off of real-life UFC fighters. The game includes fighter entrances and authentic voices.",https://www.igdb.com/games/ufc-throwdown
384,Mass Effect 2,RPG de Ação,EA Games,PC,30/09/2023,28.51,2010,-,,74,Mass Effect 2,https://images.igdb.com/igdb/image/upload/t_cover_big/co20ac.jpg,BioWare,2010,"Shooter, Role-playing (RPG), Adventure",91.19418706368577,"Are you prepared to lose everything to save the galaxy? You'll need to be, Commander Shephard. It's time to bring together your greatest allies and recruit the galaxy's fighting elite to continue the resistance against the invading Reapers. So steel yourself, because this is an astronomical mission where sacrifices must be made. You'll face tougher choices and new, deadlier enemies. Arm yourself and prepare for an unforgettable intergalactic adventure. Game Features: Shift the fight in your favour. Equip yourself with powerful new weapons almost instantly thanks to a new inventory system. Plus, an improved health regeneration system means you'll spend less time hunting for restorative items. Make every decision matter. Divisive crew members are just the tip of the iceberg, Commander, because you'll also be tasked with issues of intergalactic diplomacy. And time's a wastin' so don't be afraid to use new prompt-based actions that let you interrupt conversations, even if they could alter the fate of your crew...and the galaxy. Forge new alliances, carefully. You'll fight alongside some of your most trustworthy crew members, but you'll also get the opportunity to recruit new talent. Just choose your new partners with care because the fate of the galaxy rests on your shoulders, Commander.",https://www.igdb.com/games/mass-effect-2
385,Mass Effect 3,RPG de Ação,EA Games,PC,07/10/2023,30.12,2012,-,,75,Mass Effect 3,https://images.igdb.com/igdb/image/upload/t_cover_big/co1x7q.jpg,BioWare,2012,"Shooter, Role-playing (RPG), Strategy, Adventure",85.22320789192614,"Mass Effect 3 is an action role-playing game in which Commander Shepard leads a final campaign against the Reapers, a machine race that has invaded Earth and is conquering civilizations across the galaxy. Players recruit squad members from various species and classes, forge alliances, and make choices that determine which characters survive. Combat features squad-based tactics with combinable biotic and tech powers, blind fire, and enhanced melee attacks. The game includes a cooperative multiplayer mode where up to four players fight waves of enemies to liberate conflict zones. Progress in multiplayer contributes to war preparedness in the single-player campaign. New and returning squad members join Shepard's team, including soldier James Vega and EDI, an AI in a physical body.",https://www.igdb.com/games/mass-effect-3
386,Disney's DuckTales (Disney's Afternoon Collection),Plataforma,Capcom,Nintendo 8-bits,08/10/2023,1,1989,-,,6487,Disney's DuckTales,https://images.igdb.com/igdb/image/upload/t_cover_big/co3wks.jpg,Capcom,1989,Platform,81.42313399845324,"DuckTales is a platform game developed and published by Capcom and based on the Disney animated TV series of the same name. It was first released in North America for the Nintendo Entertainment System in 1989 and was later ported to the Game Boy in 1990. The story involves Scrooge McDuck traveling around the globe collecting treasure and outwitting his rival Flintheart Glomgold to become the world's richest duck. Produced by key personnel from the Mega Man series, DuckTales would go on to sell over a million copies worldwide on each system, becoming Capcom's best-selling title for both platforms. The game was praised for its tight control, unique and non-linear gameplay and bright presentation, and is often regarded as one of the best titles for the NES, appearing on numerous ""Best of"" lists.",https://www.igdb.com/games/disneys-ducktales--2
387,Disney's Chip 'n Dale: Rescue Rangers (Disney's Afternoon Collection),Plataforma,Capcom,Nintendo 8-bits,08/10/2023,1,1990,-,,6490,Disney's Chip 'n Dale Rescue Rangers,https://images.igdb.com/igdb/image/upload/t_cover_big/co2pqr.jpg,Capcom,1990,"Platform, Adventure",78.50980099638757,"Chip 'n Dale Rescue Rangers is a platformer video game developed and published by Capcom based on the Disney animated series of the same name. Originally released for the Nintendo Entertainment System in Japan and North America in 1990, it came to Europe the next year, and was ported to the Nintendo PlayChoice-10 arcade system. It sold approximately 1.2 million copies worldwide.",https://www.igdb.com/games/disneys-chip-n-dale-rescue-rangers--1
388,Disney's TaleSpin (Disney's Afternoon Collection),Shmup,Capcom,Nintendo 8-bits,08/10/2023,1,1991,-,,198936,Disney's TaleSpin,https://images.igdb.com/igdb/image/upload/t_cover_big/co4wcd.jpg,Tiger Electronics,1991,,,,https://www.igdb.com/games/disneys-talespin
389,Disney's Darkwing Duck (Disney's Afternoon Collection),Plataforma,Capcom,Nintendo 8-bits,08/10/2023,1,1992,-,,8452,Disney's Darkwing Duck,https://images.igdb.com/igdb/image/upload/t_cover_big/co3jla.jpg,Capcom,1992,"Platform, Puzzle",79.33414526048048,"Darkwing Duck is a platformer video game based on the Disney television series, Darkwing Duck. The game was developed by Capcom for the Nintendo Entertainment System in 1992 and was ported to the Game Boy in 1993. The Game Boy version is essentially a slightly stripped-down version of the game. The game was re-released in 2017 as part of the Disney Afternoon Collection.",https://www.igdb.com/games/disneys-darkwing-duck--3
390,Disney's DuckTales 2 (Disney's Afternoon Collection),Plataforma,Capcom,Nintendo 8-bits,09/10/2023,0.8,1993,-,,6488,Disney's DuckTales 2,https://images.igdb.com/igdb/image/upload/t_cover_big/co6sm3.jpg,Make Software,1993,"Platform, Adventure",83.92072515507208,"Scrooge McDuck is hot on the trail of the richest adventure ever. Pieces to the map of the Lost Treasure of McDuck have been scattered across the globe, and Scrooge must find them before the greedy Flintheart Glomgold grabs them. It's going to be a race to the finish as both of them try to find the treasure and become the richest duck in the world! Join Scrooge and his nephews as they explore the ancient pyramids of Egypt and do battle with swash-buckling pirates in the Bermuda Triangle. Help them search the haunted halls of an ancient Scottish castle and scale the watery heights of Niagara Falls. Aid Scrooge in his quest for the secret of the island of Mu and you'll gain the final clue to unravel the hidden location of the Lost Treasure of McDuck!",https://www.igdb.com/games/disneys-ducktales-2
391,Disney's Chip 'n Dale: Rescue Rangers 2 (Disney's Afternoon Collection),Plataforma,Capcom,Nintendo 8-bits,09/10/2023,0.83,1994,-,,6518,Disney's Chip 'n Dale Rescue Rangers 2,https://images.igdb.com/igdb/image/upload/t_cover_big/co3ri5.jpg,Capcom,1993,"Platform, Adventure",79.60095678809597,"Chip and Dale, those tiny but daring detectives, have learned of some terrifying news: The notorious criminal cat has escaped from prison and he's stolen the Urn of the Pharaoh. The Rescue Rangers must once again assemble to help crack the case of the missing urn and return the feline felon, Fat Cat, back to the slammer. Join Chip and Dale and the rest of the Rangers in their wacky new adventure. Help them explore the dangerous levels of the downtown restaurant and meet the exploding personality of Water Rabbit. Aid them on their escape through the freezing floors of the giant refrigerator. Search the ghostly walls of the haunted warehouse and find the final clue to unravel the secret headquarters of Fat Cat.",https://www.igdb.com/games/disneys-chip-n-dale-rescue-rangers-2
392,Fire Emblem Warriors,Hack and Slash,Team Ninja,Nintendo Switch,16/10/2023,8.9499999999999993,2017,-,,26769,Fire Emblem Warriors,https://images.igdb.com/igdb/image/upload/t_cover_big/co24h8.jpg,Omega Force,2017,"Role-playing (RPG), Simulator, Strategy, Tactical, Hack and slash/Beat 'em up",63.66451658402419,"""Clash with legions of soldiers and fierce monsters as Marth, Xander, Corrin, and other Fire Emblem heroes unleashing over-the-top-powerful Dynasty Warriors-style moves. Take direct control of known and original Fire Emblem characters, issue them strategic commands in the midst of battle, pair up heroes to unleash stunning attacks, and more. Unlock new playable heroes, each with their own unique moves, special attacks, weapon types, and voiced dialogue in this large-scale action game from the Hyrule Warriors team.""",https://www.igdb.com/games/fire-emblem-warriors
393,Super Mario Bros. Wonder,Plataforma,Nintendo,Nintendo Switch,27/10/2023,11.2,2023,-,,254339,Super Mario Bros. Wonder,https://images.igdb.com/igdb/image/upload/t_cover_big/co6nnl.jpg,Nintendo EPD Production Group No. 10,2023,Platform,87.43074158088703,"Super Mario Bros. Wonder is a side-scrolling platform game and the first 2D Super Mario entry since New Super Mario Bros. U (2012). Players choose from twelve characters and traverse levels across the Flower Kingdom, a new setting for the series. The game's central mechanic is the Wonder Flower, which dramatically alters levels in unpredictable ways when touched. New power-ups include an elephant transformation, a bubble flower, and a drill hat, while an equippable badge system allows players to customize their abilities. The game supports local multiplayer for up to four active players and includes an asynchronous online mode.",https://www.igdb.com/games/super-mario-bros-wonder
394,Donkey Kong,Plataforma,Nintendo,Nintendo 8-bits,07/12/2023,8,1981,Hardcore,Condição de Zeramento (Completar Game A no Level 3 - Retro Achievements),141959,Donkey Kong,https://images.igdb.com/igdb/image/upload/t_cover_big/co9ck5.jpg,Nintendo R&D2,1983,"Platform, Arcade",66.03439646627083,"Donkey Kong has kidnapped Pauline, and it is up to Mario, the fearless carpenter, to come to her rescue. Throwing fate to the wind, Mario tries desperately to climb the labyrinth of structural beams from the top of which Donkey Kong taunts him. Help our hero ascend the metal structure by dodging an assortment of fireballs, steel beams, and exploding barrels the angry ape hurls at him. Prepare yourself for a never-ending adventure as Donkey Kong takes Pauline away to the next level every time Mario gets to the top. Based on the arcade game of the same name, this classic will keep hardcore and casual gamers entertained for hours. This Donkey Kong port differs from the arcade game, having only three stages instead of four.",https://www.igdb.com/games/donkey-kong--1
395,Super Meat Boy,Plataforma,Thunderful Group,PC,22/12/2023,10.3,2010,-,,885,Super Meat Boy,https://images.igdb.com/igdb/image/upload/t_cover_big/co276m.jpg,Team Meat,2010,"Platform, Adventure, Indie",82.34081226086872,"Super Meat Boy is a platform game in which players control Meat Boy, a small, dark red, cube-shaped character who must rescue his girlfriend Bandage Girl from the scientist Dr. Fetus. The game is divided into chapters containing over 300 levels, each requiring players to reach the end while avoiding saw blades, crumbling blocks, and other hazards. Players can jump, run on platforms, and slide down walls. Deaths are instant and levels restart immediately with unlimited attempts. Completing levels quickly unlocks harder alternate ""dark world"" versions, and hidden warp zones contain bonus stages. Additional playable characters with unique abilities can be unlocked through collectibles.",https://www.igdb.com/games/super-meat-boy
396,Need For Speed (2015),Corrida,EA Games,PC,24/12/2023,19.87,2015,-,,25635,Need for Speed: Edge,https://images.igdb.com/igdb/image/upload/t_cover_big/coavl7.jpg,EA Korea,2017,"Racing, Arcade",22.60993633000457,"An online free-to-play game in the Need for Speed franchise. It launched in Korea as Need for Speed Edge on December 7th, 2017, and in China as 极品飞车ONLINE on October 27th, 2017.",https://www.igdb.com/games/need-for-speed-edge
397,Need For Speed: Payback,Corrida,EA Games,PC,28/12/2023,15.92,2017,-,,36662,Need for Speed: Payback,https://images.igdb.com/igdb/image/upload/t_cover_big/co209y.jpg,Ghost Games,2017,"Racing, Sport",60.27189581997725,"""This explosive adventure is filled with intense heist missions, high stakes car battles, epic cop pursuits and jaw dropping set pieces. It’s blockbuster gameplay never before seen from the series, fueled by a gripping story of betrayal and revenge. With Need for Speed: Payback, it’s no longer just about being the first to cross the finish line or racing to prove to be the best, it’s about building the perfect ride, getting behind the wheel and playing out an action driving fantasy. Set in the underworld of Fortune Valley, players will drive as three distinct characters reunited by a quest for vengeance against The House, a nefarious cartel that rules the city’s casinos, criminals and cops. They will take on a variety of challenges and events as Tyler, the Racer; Mac, the Showman; and Jess, the Wheelman to earn the respect of the underground. Featuring the deepest customization from the series, players can truly craft a personalized and unique ride, or spend hours finding and tuning an abandoned derelict into a supercar. They can then push their cars to the limit and raise the stakes by betting on their own performance, where they can either multiply their winnings or risk losing it all.""",https://www.igdb.com/games/need-for-speed-payback
398,Alien Soldier (SEGA Classics),Plataforma,SEGA,Sega MegaDrive,01/01/2024,2.52,1995,-,,4490,Alien Soldier,https://images.igdb.com/igdb/image/upload/t_cover_big/co1xv8.jpg,Treasure,1995,"Shooter, Platform, Arcade",74.84244462575799,"The planet Sierra is being attacked by Scarlet, a terrorist group lead by a vicious creature named Xi-Tiger who is plotting to destroy the human race. With vengeance, our hero Epsilon-Eagle will fight against Xi-Tiger as well as the terrorist organization that he formerly led.",https://www.igdb.com/games/alien-soldier
399,Wonder Boy III: Monster Lair (SEGA Classics),Plataforma,SEGA,Sega MegaDrive,01/01/2024,1.9,1988,-,,4481,Wonder Boy III: Monster Lair,https://images.igdb.com/igdb/image/upload/t_cover_big/co52cx.jpg,Westone,1988,"Shooter, Platform, Arcade",64.46040623695721,The monsters are attacking the quiet town of Xenobia. Guide Leo and Priscilla to wipe out the monsters using the Legendary Weapons.,https://www.igdb.com/games/wonder-boy-iii-monster-lair
400,Flicky (SEGA Classics),Plataforma,SEGA,Sega MegaDrive,01/01/2024,1.88,1991,-,,275674,Flicky,https://images.igdb.com/igdb/image/upload/t_cover_big/co7c8r.jpg,"Sega Enterprises, Ltd.",1990,Platform,50.45426528861739,"Join the adventures of Flicky, a fun-loving, little blue bird who drives cats everywhere crazy! As a heroic bird, find all of the missing Chirps and guide them to the “Exit” where they’ll be safe from those mischievous felines and other ferocious domesticated animals in the house. Sega Genesis/Mega Drive port of Flicky.",https://www.igdb.com/games/flicky--2
401,Bio-hazard Battle (SEGA Classics),Shmup,SEGA,Sega MegaDrive,01/01/2024,1.25,1992,-,,4517,Bio-Hazard Battle,https://images.igdb.com/igdb/image/upload/t_cover_big/co3guo.jpg,Sega Corporation,1992,Shooter,70.16541557321847,"During the first global biowar, a powerful retrovirus filled the planet Avaron with new and deadly forms of life. Only a few survivors remain in O.P. Odysseus, an orbiting platform circling Avaron. Hundreds of years after the biowar, conditions on Avaron are still hostile but livable.",https://www.igdb.com/games/bio-hazard-battle
402,Hellblade: Senua's Sacrifice,Ação,Ninja Theory,PC,05/01/2024,8.85,2017,-,,7603,Hellblade: Senua's Sacrifice,https://images.igdb.com/igdb/image/upload/t_cover_big/co2l7l.jpg,Ninja Theory,2017,"Simulator, Hack and slash/Beat 'em up, Adventure, Indie",83.9985947558259,"Hellblade: Senua's Sacrifice is a single-player action-adventure game set in a dark fantasy world inspired by Norse mythology and Celtic culture. Players control Senua, a Pict warrior who journeys into the Norse underworld to rescue the soul of her dead lover from the goddess Hela. The game blends melee combat, puzzle solving, and psychological horror, with Senua's psychosis shaping how the world is perceived, including voices that provide guidance or attempt to mislead the player. The game was developed by a team of around twenty people and features no heads-up display or tutorials. Instead, audio cues from voices in Senua's head guide the player through combat and environmental challenges. The portrayal of psychosis was developed in collaboration with neuroscientists and people who experience the condition.",https://www.igdb.com/games/hellblade-senuas-sacrifice
403,Star Wars: The Force Unleashed,Hack and Slash,Lucasfilm Games,PC,06/01/2024,9.5500000000000007,2008,-,,475,Star Wars: The Force Unleashed,https://images.igdb.com/igdb/image/upload/t_cover_big/co25xx.jpg,LucasArts,2008,"Role-playing (RPG), Hack and slash/Beat 'em up, Adventure",73.34927143841016,"Star Wars: The Force Unleashed is a Star Wars video game that takes place between the films Star Wars: Episode III Revenge of the Sith and Star Wars: Episode IV A New Hope. It is the centerpiece of the Star Wars: The Force Unleashed multimedia project, Star Wars: The Force Unleashed completely re-imagines the scope and scale of the Force and casts players as Darth Vader’s ""Secret Apprentice,"" unveiling new revelations about the Star Wars galaxy seen through the eyes of a mysterious new character armed with unprecedented powers. The game showcases Digital Molecular Matter (DMM), an extremely detailed and realistic material physics engine developed by Pixelux, and Euphoria, a realistic bio-mechanical A.I. engine by NaturalMotion",https://www.igdb.com/games/star-wars-the-force-unleashed
404,Star Wars: The Force Unleashed 2,Hack and Slash,Lucasfilm Games,PC,10/01/2024,5.55,2010,-,,137,Star Wars: The Force Unleashed II,https://images.igdb.com/igdb/image/upload/t_cover_big/co25xw.jpg,LucasArts,2010,"Role-playing (RPG), Hack and slash/Beat 'em up, Adventure",64.44854285789596,"The Star Wars Saga continues with Star Wars: The Force Unleashed II, the highly anticipated sequel to the fastest-selling Star Wars game ever created, which has sold more than seven million copies worldwide. In Star Wars: The Force Unleashed, the world was introduced to Darth Vader’s now fugitive apprentice, Starkiller — the unlikely hero who would ignite the flames of rebellion in a galaxy so desperately in need of a champion. In the sequel, Starkiller returns with over-the-top Force powers and embarks on a journey to discover his own identity and to reunite with his one true love, Juno Eclipse. In Star Wars: The Force Unleashed II, Starkiller is once again the pawn of Darth Vader — but instead of training his protégée as a ruthless assassin, the dark lord is attempting to clone his former apprentice in an attempt to create the Ultimate Sith warrior. The chase is on — Starkiller is in pursuit of Juno and Darth Vader is hunting for Starkiller. With all-new devastating Force powers and the ability to dual-wield lightsabers, Starkiller cuts a swath through deadly new enemies across exciting worlds from the Star Wars movies — all in his desperate search for answers to his past.",https://www.igdb.com/games/star-wars-the-force-unleashed-ii
405,Spyro: Ripto's Rage (Reignited Trilogy),Plataforma,Activision,PC,13/01/2024,6,2018,-,,142242,Spyro 2: Ripto's Rage!,https://images.igdb.com/igdb/image/upload/t_cover_big/cob92k.jpg,Toys for Bob,2018,"Platform, Adventure",80.49574113612812,"Spyro has been brought to the land of Avalar to defeat the evil sorcerer Ripto who has brought war to Avalar’s Homeworlds. Each Homeworld is being held captive by Ripto and his minions, and it's up to Spyro to defeat them and bring peace to Avalar’s realms.",https://www.igdb.com/games/spyro-2-riptos-rage
406,Spyro: Year of the Dragon (Reignited Trilogy),Plataforma,Activision,PC,15/01/2024,6,2018,-,,142243,Spyro: Year of the Dragon,https://images.igdb.com/igdb/image/upload/t_cover_big/cob92l.jpg,Toys for Bob,2018,"Platform, Adventure",77.19176774464871,"The Dragon Realms are celebrating the ‘Year of the Dragon’ when a mysterious cloaked figure emerges to steal all the Dragon Eggs. Under the spell of the evil Sorceress, an army of Rhynocs is now guarding the helpless eggs in the Forgotten Realms. With new and old friends, Spyro is on a quest to recover the lost eggs, defeat the Rhynoc army and stop the evil Sorceress.",https://www.igdb.com/games/spyro-year-of-the-dragon--1
407,Resident Evil Revelations 2,Survival Horror,Capcom,PC,22/01/2024,8.1999999999999993,2015,-,,254130,Resident Evil Revelations 2: Season Pass,https://images.igdb.com/igdb/image/upload/t_cover_big/co74co.jpg,Capcom,2015,"Shooter, Adventure",,"The Resident Evil Revelations 2 – Season Pass includes four main episodes following the stories of Claire Redfield and Barry Burton, released weekly starting February 24, 2015. It also features two extra episodes and a bonus character, HUNK, for Raid Mode. All content must be downloaded separately as it becomes available. Episode Two: March 3, 2015 Episode Three: March 10, 2015 Episode Four: March 17, 2015 Extra Episode 1: March 17, 2015 Extra Episode 2: March 17, 2015 Raid Mode Character: HUNK: February 24, 2015",https://www.igdb.com/games/resident-evil-revelations-2-season-pass
408,Tekken 8,Luta,Namco Bandai,PC,27/01/2024,4,2024,-,,217590,Tekken 8,https://images.igdb.com/igdb/image/upload/t_cover_big/co7lbb.jpg,Bandai Namco Studios,2024,Fighting,75.45902930227811,"Tekken 8 is a 3D fighting game and the eighth main installment in the Tekken series, notable for being the first entry to debut on home consoles rather than in arcades. Built on Unreal Engine 5, the game introduces the ""Heat"" system, which rewards aggressive play by granting enhanced moves and chip damage while in an activated state, and replaces the prior ""Screw"" mechanic with ""Tornado"" hits. The game features crossplay across PlayStation 5, Windows, and Xbox Series X/S. Additional modes include Arcade Quest, an online lobby with customizable avatars and tournament play, and a cinematic story mode. It is the final Tekken game involving longtime series director Katsuhiro Harada before his departure from Bandai Namco.",https://www.igdb.com/games/tekken-8
409,Evoland,RPG,Shiro Games,PC,16/02/2024,3,2013,-,,2029,Evoland,https://images.igdb.com/igdb/image/upload/t_cover_big/co2sb1.jpg,Shiro Games,2013,"Role-playing (RPG), Turn-based strategy (TBS), Adventure, Indie",67.03407941538846,"Evoland is a game and a story. The story of action adventure gaming as seen in many popular JRPGs and action RPGs, starting from the very beginning, when a few pixels were enough to make us dream for hours. You will discover a bit of video game history and very fun gameplay, covering 20 years of adventure gaming history. Inspired by a wide variety of the most popular action RPGs and JRPGs, Evoland will take you from monochrome to full 3D graphics and from active time battles to real time boss fights, all with plenty of humor, and many references to legendary titles scattered along the game.",https://www.igdb.com/games/evoland
410,Monument Valley 2,Puzzle,Ustwo Games,Mobile,17/02/2024,2,2017,-,,36749,Monument Valley II,https://images.igdb.com/igdb/image/upload/t_cover_big/coaev4.jpg,Ustwo Games,2017,"Point-and-click, Platform, Puzzle, Strategy, Adventure, Indie",85.08967081076875,"Guide a mother and her child as they embark on a journey through magical architecture, discovering illusionary pathways and delightful puzzles as you learn the secrets of the Sacred Geometry.",https://www.igdb.com/games/monument-valley-ii
411,Hyper Dyne Side Arms (Capcom Arcade Stadium 2),Shmup,Capcom,Arcade,22/02/2024,0.5,1986,-,,42033,Hyper Dyne: Side Arms,https://images.igdb.com/igdb/image/upload/t_cover_big/co5ttz.jpg,Capcom,1986,"Shooter, Arcade",68.71004431320004,"Forerunner to Forgotten Worlds. The control method allows you use the fire buttons to shoot in opposite directions, defending yourself from attacks from the rear. The power ups are selectable and if you collect an alpha symbol you combine with another ship for a super robot.",https://www.igdb.com/games/hyper-dyne-side-arms
412,Street Fighter III: New Generation (Street Fighter 30th Anniversary Collection),Luta,Capcom,Arcade,23/02/2024,0.55000000000000004,1997,-,,6708,Street Fighter III: New Generation,https://images.igdb.com/igdb/image/upload/t_cover_big/co1w4q.jpg,Capcom,1997,"Fighting, Arcade",73.38829032615153,"Street Fighter III: New Generation is a fighting game in Capcom's Street Fighter series, originally released as coin-operated arcade game in 1997. Street Fighter III was produced for the CD-ROM-based CP System III hardware, which allowed for more elaborate 2D graphics than the CPS II-based Street Fighter Alpha games (the previous incarnation of the Street Fighter series), while revamping many of the play mechanics. The game, which was designed as a direct sequel to Street Fighter II, initially discarded every previous character except for Ryu and Ken (hence the ""New Generation"" subtitle), introducing an all-new roster led by Alex.",https://www.igdb.com/games/street-fighter-iii-new-generation
413,Street Fighter III: 2nd Impact - Giant Attack (Street Fighter 30th Anniversary Collection),Luta,Capcom,Arcade,23/02/2024,0.65,1997,-,,6709,Street Fighter III 2nd Impact: Giant Attack,https://images.igdb.com/igdb/image/upload/t_cover_big/co55ev.jpg,Capcom,1997,"Fighting, Arcade",81.39580859187754,"2nd Impact brought back all the characters from the first game and introduced two new ones: Hugo and Urien. Yang, who was an alternate version of Yun in the first game, became his own character with his own set of special moves and super arts. Akuma also returned as a secret computer-controlled challenger and selectable character. Thus the playable character roster increased to 14. In addition to the regular Akuma, a non-playable computer-controlled version named ""Shin Akuma"" also appears in the single-player mode.",https://www.igdb.com/games/street-fighter-iii-2nd-impact-giant-attack
414,Street Fighter III: 3rd Impact (Street Fighter 30th Anniversary Collection),Luta,Capcom,Arcade,23/02/2024,0.7,1999,-,,,,,,,,,,
415,Street Fighter (Capcom Arcade Stadium 2),Luta,Capcom,Arcade,23/02/2024,1.5,1987,-,,6710,Street Fighter III: 3rd Strike,https://images.igdb.com/igdb/image/upload/t_cover_big/co6bkh.jpg,Capcom Production Studio 2,1999,"Fighting, Arcade",82.3609173397152,"Street Fighter III: 3rd Strike is the second follow-up to Street Fighter III. The game increased the character roster by adding five new characters and also added further refinements to the previous game's play mechanics and rules. All the returning characters from the previous Street Fighter III games were given new stages, endings, and voice actors for certain characters, continuing the overall storyline from where the first two games left off.",https://www.igdb.com/games/street-fighter-iii-3rd-strike
416,Vampire Savior: The Lord of Vampire (Capcom Arcade Stadium 2),Luta,Capcom,Arcade,25/02/2024,0.6,1997,-,,206672,Vampire Savior: The Lord of Vampire,https://images.igdb.com/igdb/image/upload/t_cover_big/coc9ds.jpg,Capcom,1997,"Fighting, Arcade",80.12684264621976,"This is the 3rd in the Darkstalkers series. It plays much the same as the first, but features better animation, more playable characters, and a deeper storyline.",https://www.igdb.com/games/vampire-savior-the-lord-of-vampire
417,Block Block (Capcom Arcade Stadium 2),Puzzle,Capcom,Arcade,26/02/2024,0.5,1991,-,,46763,Block Block,https://images.igdb.com/igdb/image/upload/t_cover_big/co7lmi.jpg,Capcom,1991,Arcade,,"A ball travels across the screen, bouncing off the top and side walls of the screen. When a brick is hit, the ball bounces away and the brick is destroyed. The player loses a turn when the ball touches the bottom of the screen. To prevent this from happening, the player has a movable paddle to bounce the ball upward and back into play.",https://www.igdb.com/games/block-block
418,Darkstalkers: The Night Warriors (Capcom Arcade Stadium 2),Luta,Capcom,Arcade,26/02/2024,0.5,1994,-,,20009,Darkstalkers: The Night Warriors,https://images.igdb.com/igdb/image/upload/t_cover_big/co2p8j.jpg,Capcom,1994,Fighting,79.970727350597,The DarkStalkers have been unleashed! All the creatures from your darkest dreams have materialized to wage an eternal war for domination of the night. The fate of all humanity rests on who wins this epic struggle. You control the power of your favorite supernatural monster to combine their special attacks and unique abilities in a head to head fighting challenge. It's a fierce and brutal conflict for supremacy in the monster hit of the year!,https://www.igdb.com/games/darkstalkers-the-night-warriors
419,Night Warriors: Darkstalkers' Revenge (Capcom Arcade Stadium 2),Luta,Capcom,Arcade,26/02/2024,0.5,1994,-,,20010,Night Warriors: Darkstalkers' Revenge,https://images.igdb.com/igdb/image/upload/t_cover_big/co8fhf.jpg,Capcom,1995,Fighting,70.92846143266352,"The Darkstalkers return and now crave the fury of a good night fight. In this head-to-head fighting challenge, creatures from your darkest nightmares battle for eternal control fo the night. Treacherous, classic favorites take on 4 new challengers for total domination. Donovan, the Dark Hunter. Huitzil, the Killer Machine. Hsien-Ko, the Chinese Ghost. And Pyron, the ultimate Alien ruler. The battle has never been as intense, with faster speeds, more captivating moves and even more incredible graphics. Night Warriors; the game of your dreams, and nightmares.",https://www.igdb.com/games/night-warriors-darkstalkers-revenge
420,Magic Sword (Capcom Arcade Stadium 2),Plataforma,Capcom,Arcade,26/02/2024,1.1000000000000001,1990,-,,71549,Magic Sword,https://images.igdb.com/igdb/image/upload/t_cover_big/co2toj.jpg,Capcom,1990,Platform,71.39961061184144,Magic Sword is a 2D action side-scroller with a fantasy theme. The hero and his chosen accomplice must battle their way through a wizard's tower in a lust for monster slaying and loot.,https://www.igdb.com/games/magic-sword
421,Eco Fighters (Capcom Arcade Stadium 2),Shmup,Capcom,Arcade,27/02/2024,1,1994,-,,39358,Eco Fighters,https://images.igdb.com/igdb/image/upload/t_cover_big/co4pzy.jpg,Capcom,1994,Shooter,62.80701754385965,"Eco Fighters, known in Japan as Ultimate Ecology (アルティメット エコロジー?), is an arcade game released by Capcom on the CPS-2 arcade system board on December 1993. The game is a horizontal shooter, where the player controls a ship with a rotating gun. As suggested by both its titles, the game has an ""eco-friendly"" theme. It was also developed by the same team from two Mega Man arcade titles, The Power Battles and The Power Fighters.",https://www.igdb.com/games/eco-fighters
422,1943: Kai (Capcom Arcade Stadium 2),Shmup,Capcom,Arcade,01/03/2024,2,1987,-,,42079,1943: Kai,https://images.igdb.com/igdb/image/upload/t_cover_big/co6xc4.jpg,Capcom,1991,Shooter,,"Developed and released alongside the Family Computer version, 1943 Kai: Midway Kaisen is an arcade game, an ""alternate"" version of the original 1943, released in 1987[3] only in Japan. Most of the graphics and sounds have been reworked, and the game has been made more ""extreme"" (laser-firing WWII planes and ships that run on ground). Further, the trademark P-38 has been replaced with a Boeing Stearman E75 N68828. In 1991, this version was converted to the PC Engine as simply 1943 Kai, again Japan-only; this version itself contains many additional levels and original music. The game is set in the Pacific theater of World War II, off the coast of the Midway Atoll. The goal is to attack the Japanese air fleet that bombed the American aircraft carrier, pursue all Japanese air and sea forces, fly through the 16 stages of play, and make their way to the Japanese battleship Yamato and destroy her. 11 of these stages consist of an air-to-sea battle (with a huge battleship or an aircraft carrier as the stage boss), while 5 stages consist of an all-aerial battle against a squadron of Japanese bombers with a mother bomber at the end. As in 1942, players pilot a P-38 Lightning. Controls are also similar: button 1 fires main weapons, and button two performs two special actions: a loop maneuver like in 1942, or one of three special attacks in exchange for some of the player's fuel. Indeed, players now have only one life, in the form of a large ""fuel"" meter; constantly depleting, but refillable by collecting various powerups (chiefly ""Pow"" icons). In 2-player mode, when both players overlap their planes on screen, the energy bar can be transferred from the player with more fuel to the player with less. Destroying a complete formation of red enemy planes will result in a power-up, such as a health boost or a new main weapon. There are cheat codes, different for every stage, ranging from holding down a fire button or pointing the joystick in certain direction, player(s) are rewarded with fully upgraded weapons.",https://www.igdb.com/games/1943-kai
423,Last Duel (Capcom Arcade Stadium 2),Shmup,Capcom,Arcade,06/03/2024,1.5,1988,-,,37211,Last Duel,https://images.igdb.com/igdb/image/upload/t_cover_big/co2s51.jpg,Capcom,1988,"Shooter, Arcade",,"Taking place in the year 2012 of an alternate galaxy, Last Duel involves the struggle between two planets Mu and Bacula. On planet Bacula, a strong warrior tribe known as the Galden rose to immense military power and literally conquered all of the societies on the planet. Unsatisfied with conquering just one planet, the Galden decided to conquer a neighboring terrestrial planet, Mu. Using advanced bioships, star fighters and motor vehicles, the Galden invaded Mu, destroying many of its cities and taking the planet's ruler Queen Sheeta hostage. The remaining royal guards of Mu are deployed in space fighters that can transform into cars to rescue the queen and crush the Galden forces.",https://www.igdb.com/games/last-duel
424,Rally 2011 Led Storm (Capcom Arcade Stadium 2),Corrida,Capcom,Arcade,06/03/2024,0.5,1988,-,,312321,LED Storm Rally 2011,https://images.igdb.com/igdb/image/upload/t_cover_big/co8vbw.jpg,Capcom,1998,Racing,,,https://www.igdb.com/games/led-storm-rally-2011
425,Don’t Pull (Capcom Arcade Stadium 2),Puzzle,Capcom,Arcade,06/03/2024,0.5,1991,-,,361332,Don't Pull,https://images.igdb.com/igdb/image/upload/t_cover_big/cobavy.jpg,Capcom,1991,Puzzle,,"A puzzle game similar to games like the Adventures of Lolo series, Pengo, and Capcom's own puzzle game Pirate Ship Higemaru. It involves the player controlling either a rabbit named Don (Player 1) or a squirrel called Pull (Player 2), pushing blocks to crush monsters. Unlike the other two games, it is neither connected to both and there is no plot or backstory behind the game’s events.",https://www.igdb.com/games/dont-pull
426,Chariot (Capcom Arcade Stadium 2),Shmup,Capcom,Arcade,06/03/2024,0.8,1991,-,,361331,Chariot: Adventure Through the Sky,https://images.igdb.com/igdb/image/upload/t_cover_big/coc7kn.jpg,Capcom,1991,"Shooter, Arcade",,A scrolling shooter game featuring the characters from Midnight Wanderers flying in their chariots to save their home planet and princess.,https://www.igdb.com/games/chariot-adventure-through-the-sky
427,Dead or Alive 4,Luta,Team Ninja,Xbox 360,09/03/2024,0.5,2005,-,,1392,Dead or Alive 4,https://images.igdb.com/igdb/image/upload/t_cover_big/co2szo.jpg,Team NINJA,2005,"Fighting, Arcade",82.12013668698904,"Dead or Alive 4 is a fighting game and the fourth major title in the Dead or Alive video game series, its plot following the events of the 2001 title Dead or Alive 3. Dead or Alive 4 features 22 playable characters and many multi-tiered and interactive fighting arenas. DOA4 has a number of updates in reference to previous titles. Characters' move lists have been vastly updated and four new characters have been added to the fighting roster, with returns from a couple of past characters as well. The counter system has been tightened, making the window for counters shorter and more difficult to execute, and the amount of damage that counters inflict has been changed.",https://www.igdb.com/games/dead-or-alive-4
428,The King of Dragons (Capcom Arcade Stadium 2),Beat 'em Up,Capcom,Arcade,13/03/2024,1.33,1991,-,,6814,The King of Dragons,https://images.igdb.com/igdb/image/upload/t_cover_big/co1y8f.jpg,Capcom,1991,"Role-playing (RPG), Hack and slash/Beat 'em up, Arcade",72.79897697072056,"The game has 16 levels, though many are quite short. Much like Capcom's Knights of the Round, King of Dragons features an role-playing video game-like level advancement system. Points scored for killing monsters and picking up gold count towards experience, and the character gains levels at regular intervals. With each level, the character's health bar increases, other attributes such as range improve, and the character also becomes invulnerable for a few seconds. Along the way, different weapon and armor upgrades for each character may also be picked up. King of Dragons features a simple control system that consists of a single attack button, and a jump button. By pressing both buttons, the character unleashes a magical attack that strikes all enemies in screen (its strength varies according to the character used) at the expense of losing energy. The fighter, cleric and dwarf can also use their shield to block certain attacks by tilting the joystick back right before the impact. This is one of the many Capcom games to feature the yashichi power-up item. There are three such power-ups hidden throughout the game, each giving the player an extra continue.",https://www.igdb.com/games/the-king-of-dragons--1
429,Sonson (Capcom Arcade Stadium 2),Plataforma,Capcom,Arcade,13/03/2024,0.4,1984,-,,40010,Son Son,https://images.igdb.com/igdb/image/upload/t_cover_big/co3pou.jpg,Capcom,1984,"Shooter, Platform, Arcade",61.24419849116875,"The game is a 2-D sidescrolling platformer. The screen scrolls automatically, only stopping to fight major enemies. The screen features six continuous platforms that occasionally feature small gaps. Sonson and Tonton walk automatically across these platforms. Pressing up or down will cause them to jump up or down to the next platform. Pressing left causes them to move more slowly than the screen scrolls, essentially continuing to move forward but at a reduced pace. Pressing right does the opposite - SonSon and TonTon will move across the platforms faster than the screen scrolls. The duo have only one attack - the ability to fire energy blasts from their stalves. Touching an enemy or an unfriendly projectile causes the player to lose a life. If a player has any additional lives, they will return to the screen riding on a cloud that will give them temporary invincibility. If the player presses the control stick in any direction, the cloud will disappear and the character will resume its usual walking mode. The cloud will eventually disappear on its own if the control stick is not used. Power-ups come in the form of various fruits which produce points (with enough points giving the player an extra life). Gathering certain fruit will cause all enemies currently on a screen to turn into point-bearing fruits. Walking across certain platforms will randomly cause a bamboo shoot to sprout, yielding many extra points. It is possible to play the game co-operatively with partner who plays as TonTon (who is Zhu Wuneng in the original story).",https://www.igdb.com/games/son-son
430,Black Tiger (Capcom Arcade Stadium 2),Plataforma,Capcom,Arcade,14/03/2024,2,1987,-,,11966,Black Tiger,https://images.igdb.com/igdb/image/upload/t_cover_big/co22yb.jpg,Capcom,1987,"Shooter, Platform, Role-playing (RPG), Arcade",66.8707465752039,"Black Tiger, known in Japan as Black Dragon, is a 1987 action game released for the arcades by Capcom. A barbarian hero jumps and fights his way through a variety of colourful, enemy-packed levels. The sprawling, eight-way scrolling, two-dimensional levels are packed with hidden bonuses to encourage and reward exploration. Though a percentage of these bonuses consist of dubious and often self-evident ""advice"", most come in the form of ""Zenny coins"", currency that allows the player to buy such items as an upgrade to their weapons and armour, keys for treasure chests, and anti-poisoning potions. Special items that reveal coins, upgraded armour, full vitality, extra lives, extra time, or simply bonus points may be found by attacking certain walls. The player's vitality bar will also increase up to three times as a reward for reaching score benchmarks.",https://www.igdb.com/games/black-tiger
431,Knights of the Rounds (Capcom Arcade Stadium 2),Beat 'em Up,Capcom,Arcade,15/03/2024,0.75,1991,-,,6816,Knights of the Round,https://images.igdb.com/igdb/image/upload/t_cover_big/co7k33.jpg,Capcom,1991,"Role-playing (RPG), Hack and slash/Beat 'em up, Arcade",72.6836309157673,"The gameplay is very similar to other Capcom beat 'em ups, such as Final Fight and Capcom's previous hack-and-slash fantasy title The King of Dragons. There are seven stages, each with its own boss and a variety of generic enemies that try to stop the players' progress. The fights rely strongly on blocking ability, which is triggered by pressing the attack button, then pressing the joystick away as the opponent strikes. If successful, the player gains a few seconds of invincibility with which to counter-attack. However, if no one strikes the player's character while holding the block, they will tire and drop their guard, making them vulnerable to attack. Blocking is vital in certain cases, since some bosses will be vulnerable only after their attack has been blocked by the player. As in most beat 'em ups, a desperation attack is performed by pressing both the attack and jump buttons simultaneously. This knocks out most enemies on the screen, but the player loses a little bit of health every time he uses it.",https://www.igdb.com/games/knights-of-the-round
432,Savage Bees (Capcom Arcade Stadium 2),Shmup,Capcom,Arcade,15/03/2024,1.25,1985,-,,204745,Capcom Arcade 2nd Stadium: Savage Bees,https://images.igdb.com/igdb/image/upload/t_cover_big/co9wl2.jpg,Capcom,2022,Shooter,,Add CA2S: Savage Bees to your Capcom Arcade 2nd Stadium game line-up!,https://www.igdb.com/games/capcom-arcade-2nd-stadium-savage-bees
433,Midnight Wanderers (Capcom Arcade Stadium 2),Plataforma,Capcom,Arcade,15/03/2024,1,1991,-,,361330,Midnight Wanderers: Quest for the Chariot,https://images.igdb.com/igdb/image/upload/t_cover_big/coawaj.jpg,Capcom,1991,Platform,,"A platform game that sees the player control a hobbit named Lou and his travelling companion, Siva, to run, climb, and shoot at enemies to fight a villain who is turning their people into wooden statues.",https://www.igdb.com/games/midnight-wanderers-quest-for-the-chariot
434,Shinobi III: Return of the Ninja Master (SEGA Classics),Plataforma,SEGA,Sega MegaDrive,16/03/2024,2,1993,-,,2623,Shinobi III: Return of the Ninja Master,https://images.igdb.com/igdb/image/upload/t_cover_big/co9788.jpg,"Sega Enterprises, Ltd.",1993,"Platform, Hack and slash/Beat 'em up",78.44095256976188,"Shinobi III: Return of the Ninja Master, released as The Super Shinobi II in Japan, is the fourth game in the Shinobi series and a direct sequel to The Revenge of Shinobi.",https://www.igdb.com/games/shinobi-iii-return-of-the-ninja-master
435,Dead or Alive 5 Ultimate,Luta,Team Ninja,Xbox 360,18/03/2024,3,2013,-,,7286,Dead or Alive 5 Ultimate,https://images.igdb.com/igdb/image/upload/t_cover_big/co4a1l.jpg,Team NINJA,2013,Fighting,76.78587129954552,"Dead or Alive 5 Ultimate is a fighting game in the Dead or Alive series. The game is an expanded edition of the 2012 title Dead or Alive 5, incorporating some features from the PlayStation Vita's Dead or Alive 5 Plus as well as additional content, including five characters that are new or returning to the series (including two Ninja Gaiden characters), as well as gameplay system tweaks and expansions, many of them in the online multiplayer tag team mode (including an introduction of two-on-two tag team battles).",https://www.igdb.com/games/dead-or-alive-5-ultimate
436,Doom (2016),Tiro em Primeira Pessoa,Bethesda,PC,31/03/2024,19,2016,-,,7351,Doom,https://images.igdb.com/igdb/image/upload/t_cover_big/co1nc7.jpg,id Software,2016,Shooter,85.14035064098456,"Developed by id software, the studio that pioneered the first-person shooter genre and created multiplayer Deathmatch, Doom returns as a brutally fun and challenging modern-day shooter experience. Relentless demons, impossibly destructive guns, and fast, fluid movement provide the foundation for intense, first-person combat – whether you’re obliterating demon hordes through the depths of Hell in the single-player campaign, or competing against your friends in numerous multiplayer modes. Expand your gameplay experience using Doom SnapMap game editor to easily create, play, and share your content with the world.",https://www.igdb.com/games/doom--2
437,Rise of the Tomb Raider,Aventura,Square Enix,PC,03/04/2024,11.3,2015,-,,7323,Rise of the Tomb Raider,https://images.igdb.com/igdb/image/upload/t_cover_big/co1rqa.jpg,Crystal Dynamics,2015,"Shooter, Adventure",81.36593762953412,"Rise of the Tomb Raider is a third-person action-adventure game in which players control Lara Croft as she searches for the legendary city of Kitezh and a promise of immortality. Combat involves firearms, stealth, and melee weapons, while semi-open hub areas offer challenge tombs with puzzles, side missions, and resource scavenging for crafting. Players earn experience and unlock skills across three trees focused on combat, hunting, and survival. The game features an Expeditions mode that allows replaying levels with modifiers in place of traditional multiplayer.",https://www.igdb.com/games/rise-of-the-tomb-raider
438,Sniper Elite V2 Remastered,Tiro em Terceira Pessoa,Rebellion,PC,06/04/2024,6,2019,-,,116191,Sniper Elite V2 Remastered,https://images.igdb.com/igdb/image/upload/t_cover_big/co2urq.jpg,Rebellion Developments,2019,"Shooter, Strategy, Tactical, Adventure",68.18764136639342,"In the dark days of the end of World War 2 amidst the ruins of Berlin, one bullet can change history… Elite sniper Karl Fairburne returns to the front line in the remaster of this award-winning stealth-action experience. Packed with new features, contemporary visuals and definitive content.",https://www.igdb.com/games/sniper-elite-v2-remastered
439,Bright Memory: Infinite,Tiro em Primeira Pessoa,FYQD Studio,PC,16/04/2024,2,2021,-,,113739,Bright Memory: Infinite,https://images.igdb.com/igdb/image/upload/t_cover_big/coapmq.jpg,FYQD-Studio,2021,"Shooter, Hack and slash/Beat 'em up, Adventure, Indie",62.15544385811334,"Bright Memory: Infinite is a lightning-fast fusion of the FPS and action genres, created by a one-man development studio. Combine a wide variety of skills and abilities to unleash dazzling combo attacks. SRO (Supernatural Science Research Organization) agent Shelia's adventure is about to begin.",https://www.igdb.com/games/bright-memory-infinite
440,Virtua Fighter 5,Luta,SEGA,Xbox 360,18/04/2024,0.15,2006,-,,1555,Virtua Fighter 5,https://images.igdb.com/igdb/image/upload/t_cover_big/co9re0.jpg,Sega AM2,2006,Fighting,79.7421450068166,"Virtua Fighter 5 features an all-star cast of 17 fighters, including characters from the previous iterations along with two new characters named El Blaze and Eileen. The game delivers fast-paced, adrenaline-pumping action as players head into battle, taking on a host of popular characters. Players not only achieve victory by defeating highly-skilled opponents, but also by competing for prizes which earn them in-game money allowing them to buy many items at in-game shop. These items allow players to customize their ultimate warrior and become the top Virtua Fighter.",https://www.igdb.com/games/virtua-fighter-5
441,Neogeo Battle Coliseum,Luta,SNK,Xbox 360,18/04/2024,0.2,2005,-,,21518,Neo Geo Battle Coliseum,https://images.igdb.com/igdb/image/upload/t_cover_big/co1oxs.jpg,SNK Playmore,2005,Fighting,,"A World on the verge of eternal darkness... The Government has secretly dispatched its two best secret agents to a fighting competition known as the Neo Geo Battle Coliseum. Their mission is to enter the competition and find out the secrets of the ""Warez Conglomerate"" and stop the maniac who is reportedly planning to take down the NEO GEO world.",https://www.igdb.com/games/neo-geo-battle-coliseum--1
442,Doom 64,Tiro em Primeira Pessoa,Bethesda,PC,21/04/2024,9.5500000000000007,1997,-,,224522,Doom 64,https://images.igdb.com/igdb/image/upload/t_cover_big/co5qmz.jpg,Midway Studios San Diego,2020,Shooter,82.04791009154457,"Fight against demons in your crusade to hunt down the Mother of Demons and stop Hell's invasion. As the player battle through more than 30 action-packed levels, they have to be on the lookout for enhanced weapons and secrets to help them put an end to the demonic threat.",https://www.igdb.com/games/doom-64--1
443,Driver: You Are The Wheelman,Corrida,Reflections Game,PlayStation,30/04/2024,5.25,1999,Softcore,,675,Driver,https://images.igdb.com/igdb/image/upload/t_cover_big/coc53l.jpg,Reflections Interactive,1999,"Racing, Simulator",76.16510102118602,"The player is John Tanner, an undercover cop who try to take advantage of his own excellent driving skill in order to infiltrate a criminal organization. In the storyline, the player has the chance to drive several cars in four american cities (Miami, San Francisco, Los Angeles, and New York), facing many different missions and tasks such as delivering a vehicle without damaging it, eliminating competitors or being the getaway driver in a bank robbery.",https://www.igdb.com/games/driver
444,Vigilante 8,Combate Veicular,Activision,PlayStation,05/05/2024,6.02,1998,Softcore,,3332,Vigilante 8,https://images.igdb.com/igdb/image/upload/t_cover_big/co3b83.jpg,Luxoflux,1998,Shooter,73.48653873415832,"Vigilante 8 is a vehicular-combat game set in an alternate 1975. Australian terrorist Sid Burn is hired by OMAR to dispose of all competing oil companies in the U.S. so that OMAR can establish an oil monopoly in the country. After hearing reports of destruction by Sid Burn's gang, the Coyotes, a man named Convoy, a kind-hearted trucker, forms a group of his own, the Vigilantes, to combat the Coyotes and stop the tyranny of OMAR.",https://www.igdb.com/games/vigilante-8
445,Castlevania: Lords of Shadow,Hack and Slash,KONAMI,PC,09/05/2024,24.55,2013,-,,491,Castlevania: Lords of Shadow,https://images.igdb.com/igdb/image/upload/t_cover_big/co2slv.jpg,MercurySteam,2010,"Hack and slash/Beat 'em up, Adventure",80.27265028736538,Gabriel Belmont learns of a mask with the power to raise the dead and sets out on a mission to obtain it to bring his recently murdered wife back from the dead. Lords of Shadow builds upon the combat systems first explored in this series in 2003's Lament of Innocence and adds more violent kills to the mix. Inspiration for these changes seems to have come from 2005's God of War.,https://www.igdb.com/games/castlevania-lords-of-shadow
446,The Legend of Zelda: Tears of the Kingdom,Aventura,Nintendo,Nintendo Switch,01/06/2024,76.22,2023,-,,119388,The Legend of Zelda: Tears of the Kingdom,https://images.igdb.com/igdb/image/upload/t_cover_big/co5vmg.jpg,Nintendo EPD Production Group No. 3,2023,"Puzzle, Adventure",92.85929753049973,"An epic adventure across the land and skies of Hyrule awaits in The Legend of Zelda: Tears of the Kingdom for Nintendo Switch. The adventure is yours to create in a world fueled by your imagination. In this sequel to The Legend of Zelda: Breath of the Wild, you'll decide your own path through the sprawling landscapes of Hyrule and the mysterious islands floating in the vast skies above. Can you harness the power of Link's new abilities to fight back against the malevolent forces that threaten the kingdom?",https://www.igdb.com/games/the-legend-of-zelda-tears-of-the-kingdom
447,ARMS,Luta,Nintendo,Nintendo Switch,04/06/2024,1,2017,-,,26759,Arms,https://images.igdb.com/igdb/image/upload/t_cover_big/co1mxn.jpg,Nintendo EPD Production Group No. 9,2017,Fighting,69.68572363888187,"Arms, a mix of boxing and shooting where you use extendable arms to battle your friends both locally and online! Take a Joy-Con in each hand and punch forward, twisting your fists to bend your attacks. ""Choose a fighting champion from around the world, equip your own combination of extendable arms, and then use a mix of button presses and quick hand motions to really take the fight to your opponent. Throw punches and guide them midflight to hit agile fighters, avoid incoming attacks with dashes, or trampoline high into the air to rain down fists from above. Power-up your punches to deal extra damage or curve your fists around obstacles to hit skittish opponents. Fill up your special gauge to dish out devastating combinations and finish them off. Unleash your inner fighter in this unbelievable sporting event! """,https://www.igdb.com/games/arms
448,Hyrule Warriors: Age of Calamity,Hack and Slash,Koei Tecmo,Nintendo Switch,08/06/2024,23,2020,-,,138343,Hyrule Warriors: Age of Calamity,https://images.igdb.com/igdb/image/upload/t_cover_big/cob22n.jpg,Omega Force,2020,"Strategy, Hack and slash/Beat 'em up",80.18724250744947,"See Hyrule 100 years before the Legend of Zelda: Breath of the Wild game and experience the events of the Great Calamity. Join the struggle that brought Hyrule to its knees. Learn more about Zelda, the four Champions, the King of Hyrule and more through dramatic cutscenes as they try to save the kingdom from Calamity. The Hyrule Warriors: Age of Calamity game is the only way to see firsthand what happened 100 years ago. Battle hordes of Hyrule’s most formidable foes. From barbaric Bokoblins to towering Lynels, menacing monsters have emerged in droves. In addition to Link and Zelda, take control of characters like the four Champions and a young Impa. Use their distinct abilities to carve through hundreds of enemies to save Hyrule from the impending Calamity.",https://www.igdb.com/games/hyrule-warriors-age-of-calamity
449,Contra: Operation Galuga,Run and Gun,KONAMI,Nintendo Switch,11/06/2024,1.8,2024,-,,266684,Contra: Operation Galuga,https://images.igdb.com/igdb/image/upload/t_cover_big/co72z7.jpg,WayForward,2024,"Shooter, Platform, Arcade",70.28390415451925,"The legendary Contra series is back! Contra: Operation Galuga is a modern reimagining of the classic run-‘n’-gun action game from the ’80s, featuring modern graphics and sound. Encounter new stages, new play mechanics, an updated weapons system and explosive co-op combat for up to two players in Story Mode or four players in Arcade Mode.",https://www.igdb.com/games/contra-operation-galuga
450,Halo: Reach (The Master Chief Collection),Tiro em Primeira Pessoa,343 Industries,PC,17/06/2024,9.5,2014,-,,990,Halo: Reach,https://images.igdb.com/igdb/image/upload/t_cover_big/co1xha.jpg,Bungie,2010,Shooter,84.13074570141939,"Halo: Reach is a first-person shooter set in 2552, serving as a prequel to Halo: Combat Evolved. Players control Noble Six, a member of Noble Team, an elite squad of Spartan supersoldiers defending the human colony world of Reach from a Covenant invasion. The game features campaign gameplay playable solo or cooperatively, with armor abilities replacing single-use equipment from previous entries. Multiplayer includes competitive modes, a Firefight survival mode, and Forge World, a large-scale level editor. The game also introduces space combat dogfight sequences to the series.",https://www.igdb.com/games/halo-reach
451,Fist of the North Star,Beat 'em Up,Toei Animation,Nintendo 8-bits,20/06/2024,1,1989,-,,172517,Fist of the North Star,https://images.igdb.com/igdb/image/upload/t_cover_big/co6nw2.jpg,Shouei System,1989,"Platform, Hack and slash/Beat 'em up",,"Fist of the North Star is a side-scrolling action video game produced by Toei Animation and developed by Shouei System for the Nintendo Entertainment System (NES). It was first released in Japan under the title Hokuto no Ken 2, on April 17, 1987, being the second Hokuto no Ken video game released for the Family Computer (Famicom) by the anime production company (which briefly entered the video game publishing business after their success with the original Hokuto no Ken game for the Famicom in 1986), while also serving as a tie-in to the Hokuto no Ken 2 anime series which began airing on Fuji TV a few weeks earlier. Taxan published the localized NES version on April 1989, making it one of the earliest Fist of the North Star products released in the U.S. alongside Viz Communications' English adaptation of the manga. The main differences from the Japanese version are: - The Japanese version is harder because projectiles are randomly thrown at you from the sides of the screen like in the previous game and the first two mini-bosses have to be hit in their heads. - Kenshiro's color was changed from black to blue. - The ""abeshi"" and ""hidebu"" power-ups were changed to white and black stars. - The NPCs that appear at the end of some stages were removed for the US version. - In the Japanese version, when you use a continue you are dropped in Stage 4. In the US version, you continue from the stage you were on.",https://www.igdb.com/games/fist-of-the-north-star
452,Fist of the North Star (2005),Luta,SEGA,PlayStation 2,22/06/2024,3,2005,-,,215174,Fist of the North Star,https://images.igdb.com/igdb/image/upload/t_cover_big/co63a5.jpg,Arc System Works,2005,"Fighting, Arcade",,"The famous Anime series is now the latest arcade game from Sega! Players can choose their favorite characters from the series including Kenshiro, Raoh, Toki, Shin, Rei, Juda, Thouther, Mr. Heart and Mamiya! Fist of the North Star is a 1 or 2 player game with continuous buy-in. A Boost Gauge for offensive attacks, an Aura Gauge for defensive maneuvers, and a North Star Gauge (your 7 stars of life force) have been included to enhance game play. Don't lose your stars or the Star of Death will shine, making you dangerously vulnerable to enemy attacks!",https://www.igdb.com/games/fist-of-the-north-star--1
453,Halo CE Anniversary (The Master Chief Collection),Tiro em Primeira Pessoa,343 Industries,PC,24/06/2024,15,2014,-,,2640,Halo: Combat Evolved Anniversary,https://images.igdb.com/igdb/image/upload/t_cover_big/co1xhb.jpg,343 Industries,2011,Shooter,81.46709366802774,"Halo: Combat Evolved Anniversary is a spectacular remastered version of the original game, created to celebrate the 10th anniversary of one of the most beloved first-person shooters in gaming history. Bundled with seven of the most popular multiplayer maps in Halo history ready for Xbox Live, Halo: Anniversary includes a bounty of new features including cooperative play over Xbox Live, Achievements, new challenges, and new fiction to uncover.",https://www.igdb.com/games/halo-combat-evolved-anniversary
454,Street Fighter EX Plus Alpha,Luta,Capcom,PlayStation,26/06/2024,1,1997,-,,38297,Street Fighter EX plus Alpha,https://images.igdb.com/igdb/image/upload/t_cover_big/co1w56.jpg,Capcom,1997,Fighting,67.29229648229477,"Street Fighter EX plus Alpha is the Playstation-exclusive home console port of the arcade game Street Fighter EX Plus, itself an updated version of Street Fighter EX. This version includes two new characters (Dhalsim and Sakura), additional game modes, as well as an arranged soundtrack and CG endings.",https://www.igdb.com/games/street-fighter-ex-plus-alpha
455,Double Dragon,Beat 'em Up,Technos Japan,Nintendo 8-bits,14/07/2024,1.25,1987,Softcore,,281491,Double Dragon,https://images.igdb.com/igdb/image/upload/t_cover_big/co7ktn.jpg,Technos Japan,1988,Hack and slash/Beat 'em up,,The Amstrad CPC port of Double Dragon.,https://www.igdb.com/games/double-dragon--11
456,Double Dragon II: The Revenge,Beat 'em Up,Technos Japan,Nintendo 8-bits,16/07/2024,2,1988,Softcore,,281506,Double Dragon II: The Revenge,https://images.igdb.com/igdb/image/upload/t_cover_big/co7ku6.jpg,Technos Japan,1989,Hack and slash/Beat 'em up,,,https://www.igdb.com/games/double-dragon-ii-the-revenge--3
457,Double Dragon III: The Sacred Stones,Beat 'em Up,Technos Japan,Nintendo 8-bits,17/07/2024,1.57,1990,Softcore,,79335,Double Dragon III: The Sacred Stones,https://images.igdb.com/igdb/image/upload/t_cover_big/co3wuo.jpg,Technos Japan,1991,"Fighting, Hack and slash/Beat 'em up",73.01771789650735,"Billy, Jimmy, and the whole Double Dragon gang fight for the Sacred Stones to save in the world in yet another beat-em-up.",https://www.igdb.com/games/double-dragon-iii-the-sacred-stones
458,Double Dragon Advance,Beat 'em Up,Atlus,Gameboy Advance,18/07/2024,1.35,2003,-,,6384,Double Dragon Advance,https://images.igdb.com/igdb/image/upload/t_cover_big/co3zw1.jpg,S-NEO,2003,"Fighting, Hack and slash/Beat 'em up, Arcade",62.98499735174262,"Double Dragon Advance is a side-scrolling beat 'em up game developed by Million and published by Atlus for the Game Boy Advance. Released in 2003, it serves as an enhanced remake of the original Double Dragon arcade game, incorporating elements from the entire Double Dragon series. The game follows brothers Billy and Jimmy Lee as they battle through various stages to rescue Marian from a dangerous gang. It features new levels, enemies, and moves not found in the original version, along with improved graphics and expanded combat mechanics.",https://www.igdb.com/games/double-dragon-advance
459,Double Dragon V: The Shadow Falls,Luta,Leland Interactive Media,Super Nintendo,18/07/2024,0.33,1994,-,,4475,Double Dragon V: The Shadow Falls,https://images.igdb.com/igdb/image/upload/t_cover_big/co2w1d.jpg,Telegames,1994,Fighting,44.40382504719978,"Double Dragon V: The Shadow Falls! Featuring 12 big lightning-fast characters! Four to six special moves for each fighter! Set your own strength, defense and more. Three different fighting modes. Secret moves and codes! Customizable controls. Unique final moves. Hot rock music tracks and 130+ sound effects!",https://www.igdb.com/games/double-dragon-v-the-shadow-falls
460,Wild Guns Reloaded,Shmup,Natsumi Atari Inc.,PC,20/07/2024,2,2018,-,,25675,Wild Guns Reloaded,https://images.igdb.com/igdb/image/upload/t_cover_big/co23qm.jpg,Tengo Project,2016,"Shooter, Arcade",79.64632355422825,"Wild Guns Reloaded is an enhanced remaster of Wild Guns. It introduces two new characters, Doris and Bullet the dog, along with his sentry drone. The update also includes extra stages and modes, along with improved visuals and audio.",https://www.igdb.com/games/wild-guns-reloaded
461,Alex Kidd in Miracle World DX,Plataforma,Merge Games,PC,21/07/2024,3.12,2021,-,,134561,Alex Kidd in Miracle World DX,https://images.igdb.com/igdb/image/upload/t_cover_big/co3c4f.jpg,Merge Games,2021,"Platform, Adventure, Indie, Arcade",64.14362992722909,"The legendary Alex Kidd returns with Alex Kidd in Miracle World DX! Since his first appearance in 1986 with Alex Kidd in Miracle World. The iconic Alex Kidd makes his return to smash rocks, collect coins and tackle bosses once again in Alex Kidd in Miracle World DX! Return The Kingdom of Radaxian to its former glory and destroy the evil Janken the Great! Comprising of all levels from the original title as well as brand new levels which expand the lore of Alex Kidd, experience Miracle World like you’ve never seen it before with new animations, graphical detail and gameplay improvements.",https://www.igdb.com/games/alex-kidd-in-miracle-world-dx
462,Metal Slug 2: Super Vehicle-001 (Metal Slug Anthology),Run and Gun,SNK,Arcade,21/07/2024,1,1998,-,,,,,,,,,,
463,Metal Slug: Super Vehicle-001 (Metal Slug Anthology),Run and Gun,SNK,Arcade,21/07/2024,1,1996,-,,191477,Metal Slug: Super Vehicle-001,https://images.igdb.com/igdb/image/upload/t_cover_big/co6po7.jpg,Nazca Corporation,1997,"Shooter, Arcade",,"Metal Slug: Super Vehicle-001 is a run and gun action shooting game. Between April and August 1997, Sega Saturn and PlayStation versions developed by SNK and Ukiyotei respectively were released only in Japan. Both ports feature ""Combat School"" mode from the Neo Geo CD release while the PlayStation version features a new mode, ""Another Story"", consisting of plot-based minigames, and an art gallery featuring concept art (characters, vehicles, weapons, levels). To retain all animations frames of the arcade original, the Saturn version used newer compression techniques, inter-level loading and the 1 MB RAM expansion cartridge.",https://www.igdb.com/games/metal-slug-super-vehicle-001--1
464,Metal Slug 3 (Metal Slug Anthology),Run and Gun,SNK,Arcade,21/07/2024,1,2000,-,,1408,Metal Slug 3,https://images.igdb.com/igdb/image/upload/t_cover_big/cobu6p.jpg,SNK,2000,"Shooter, Platform, Arcade",81.25578367125595,"“METAL SLUG 3”, the masterpiece in SNK’s emblematic 2D run & gun action shooting game series, still continues to fascinate millions of fans worldwide to this day for its intricate dot-pixel graphics, and simple and intuitive game controls!",https://www.igdb.com/games/metal-slug-3
465,Metal Slug 4 (Metal Slug Anthology),Run and Gun,SNK,Arcade,21/07/2024,1,2002,-,,1409,Metal Slug 4,https://images.igdb.com/igdb/image/upload/t_cover_big/co1ox7.jpg,BrezzaSoft,2002,"Shooter, Adventure, Arcade",79.86174308475427,"One year after the events of Metal Slug 3, the world is trembling under the new threat of a mysterious but deadly cyber virus that threatens to attack and destroy any nation's military computer system. With Tarma and Eri unable to help due to their own assignments in the matter, Marco and Fio are called in to investigate the situation and are joined by two newcomers, Nadia and Trevor. In their investigation, the group discovers that a terrorist organization known as Amadeus is behind the nefarious plot and that they head into battle against Amadeus' forces, hoping to destroy the cyber virus before it gets the chance to wipe out the entire world's military computer system",https://www.igdb.com/games/metal-slug-4
466,Metal Slug 5 (Metal Slug Anthology),Run and Gun,SNK,Arcade,21/07/2024,1,2003,-,,1410,Metal Slug 5,https://images.igdb.com/igdb/image/upload/t_cover_big/co25th.jpg,Noise Factory,2003,"Shooter, Platform, Adventure",80.15435340905698,"A special disc that contains deep and intricate secrets about the Metal Slug project is stolen by a mysterious group called the Ptolemaic Army, whose specialty lies from within archaeological excavation and espionage. Marco and Tarma of the Peregrine Falcon Strike Force follow in hot pursuit against the group and in the process are joined by Eri and Fio of SPARROWS. Together once more, the quartet investigate the shrouded objective of the Ptolemaic Army.",https://www.igdb.com/games/metal-slug-5
467,Metal Slug 6 (Metal Slug Anthology),Run and Gun,SNK,Arcade,21/07/2024,1,2006,-,,1411,Metal Slug 6,https://images.igdb.com/igdb/image/upload/t_cover_big/co8roa.jpg,SNK Playmore,2006,"Shooter, Platform, Adventure, Arcade",79.82267918166886,"Metal Slug 6 returns to the Rebel-Martian alliance featured in Metal Slugs 2, X, and 3, but on a much broader scale. Rather than repeating the previous games' events of the Martians breaking the alliance and the Rebels assisting the player in turn, the player now teams up with the Rebels and Martians to combat an even greater threat. Metal Slug 6 introduces a new play mechanic dubbed the 'Weapon Stock System'. Two gun power-ups can now be carried at the same time. Players can switch between the two weapons, or simply put them both away in favor of the default weapon. When obtaining a new weapon power-up, it will automatically occupy the inactive slot, or, if both are holstered, replace the less recent weapon of the two. The score is now multiplied by powers of 2. The faster the speed at which enemies are killed, the higher the power, as a meter at the bottom of the screen shows. When it says ""Max"" enemies and destructible objects will drop coins for an extra high score.",https://www.igdb.com/games/metal-slug-6
468,Metal Slug XX,Run and Gun,SNK,PlayStation Portable,21/07/2024,1,2010,-,,21760,Metal Slug XX,https://images.igdb.com/igdb/image/upload/t_cover_big/co2h3s.jpg,SNK,2009,"Shooter, Platform",72.90162742600256,"Metal Slug XX is an entry in the long-running series of side-scrolling shooters. It is a revised version of Metal Slug 7. The Peregrine Falcons, Marco, Eri, Clark, Tarma, Fio and Ralf, are once again running-and-gunning in colorfully hand-drawn levels, throwing grenades, driving vehicles and slashing enemies. Metal Slug XX includes various single-player features in the form of a Combat School that lets players return to previously completed missions while executing various objectives; a POW List that shows how many POWs were rescued in each level; and single-player Rankings. Players can also cooperate in Ad-Hoc while gunning down hordes of humorous foes using familiar weapons in seven distinct levels that will see our heroes traverse deserts, mountains, caves and lava pits to finally put an end to their longtime enemy. This revised version includes additional content including co-op multiplayer and downloadable content, as well as the character Leona Heidern.",https://www.igdb.com/games/metal-slug-xx
469,Metal Slug Advance,Run and Gun,SNK,Gameboy Advance,22/07/2024,1,2004,Softcore,,1406,Metal Slug Advance,https://images.igdb.com/igdb/image/upload/t_cover_big/co2w75.jpg,Noise Factory,2004,"Shooter, Platform",77.07181116546558,"Now you can have all the 2D arcade action of Metal Slug in the palm of your hand, because Metal Slug Advance has arrived on the Game Boy Advance. Through five action-packed missions, you must move out on foot or in slug vehicles across rugged terrain and underwater bases. Your objective is to rescue hostages by destroying enemies and solving strategic puzzles. Completing your missions becomes easier when you collect more than 100 types of E-cards, which enhance your character's abilities.",https://www.igdb.com/games/metal-slug-advance
470,Mighty Morphin Power Rangers,Beat 'em Up,Namco Bandai,Super Nintendo,27/07/2024,1.3,1994,Softcore,,3324,Mighty Morphin Power Rangers,https://images.igdb.com/igdb/image/upload/t_cover_big/co63o4.jpg,"Natsume Co., Ltd.",1994,"Fighting, Platform, Hack and slash/Beat 'em up, Adventure",55.47206893841352,"The Super NES version of Mighty Morphin Power Rangers is a side-scrolling action game composed of seven stages, with two different gameplay styles.",https://www.igdb.com/games/mighty-morphin-power-rangers-fa4e8d30-d1cf-46cb-8c9c-e8dd087abaa8
471,Mighty Morphin Power Rangers - The Movie,Beat 'em Up,Namco Bandai,Super Nintendo,27/07/2024,1.67,1995,Softcore,,3288,Mighty Morphin Power Rangers: The Movie,https://images.igdb.com/igdb/image/upload/t_cover_big/co63o3.jpg,"Natsume Co., Ltd.",1995,"Fighting, Hack and slash/Beat 'em up",66.97190707545958,"The Super NES version of Mighty Morphin Power Rangers: The Movie is a side-scrolling action game similar to the previous SNES game based on the series. The game can be played by one or two players with six available characters. Billy and Kimberly return from the previous game along with the introduction of Tommy, as the White Ranger (opposed to appearing as Green Ranger), three new rookie rangers, Rocky, Adam, and Aisha, who replaces Jason, Zack, & Trini from the original game. The player begins each stage as his or her character's civilian persona. The player can fill up a ""Morphing meter"" next to their life gauge by picking up thunderbolt-shaped items (whether by small bolts or morphing sign bolts). These items are dropped by enemies and can also be used to perform a special attack when the character is morphed in Ranger Mode. A Special code made for the game can have the players begin the stages as the morphed Rangers instead of their civilian persona. Once the Morphin' meter is filled, the player can press the special attack button to morph; an animated sequence begins showing the rangers morphing in a digitized video (Based of the Season 2's transformation without showing the Red Ranger helmet configuring at the end). The method also occurs automatically after the player goes throughout the mission in civilian mode encountering the boss triggering the morph sequence (regardless of how much energy of the morphin' meter is filled up). The game consists of seven stages. The player fights against Lord Zedd's Putty Patrol until reaching the end of stage boss. The first five bosses are all monsters from the TV show's second season, while the sixth one is an original creation for the game. The final boss is Ivan Ooze, the film's antagonist. Unlike the first game, there are no giant robot battles in this version, although the Ninja Megazord from the film (and the show's third season) makes an appearance during the ending sequence.",https://www.igdb.com/games/mighty-morphin-power-rangers-the-movie
472,Gunstar Heroes,Plataforma,Treasure,Sega MegaDrive,27/07/2024,2.25,1993,Softcore,,6405,Gunstar Heroes,https://images.igdb.com/igdb/image/upload/t_cover_big/co3wad.jpg,Treasure,1993,"Shooter, Platform, Arcade",81.32567973146138,"The Gunstar family are the protectors of the planet Gunstar 9. After many years of peace, vicious dictator Colonel Red kidnapped the Gunstar twins’ older brother and used mind control to make him his slave.",https://www.igdb.com/games/gunstar-heroes
473,Gran Turismo 3: A-Spec,Corrida,Polyphony Digital,PlayStation 2,28/07/2024,56,2001,-,,1600,Gran Turismo 3: A-Spec,https://images.igdb.com/igdb/image/upload/t_cover_big/co5xru.jpg,Polyphony Digital,2001,"Racing, Simulator",84.60231293001443,"More than two years in the making, Gran Turismo 3 A-spec features over 150 detailed cars -- each composed of more than 4,000 polygons -- 60 beginner, amateur and professional championship races, as well as ten endurance races and ten rally races. In addition to all-new special effects, such as sun glare, heat distortion and reflections, Gran Turismo 3 A-spec also offers up a soundtrack of more than 20 licensed tracks, and an even better replay mode with TV-style camera views. Two players can go head-to-head via split-screen and up to six can duke it out by linking multiple systems together via i.LINK. Released worldwide in 2001, Gran Turismo 3 a-Spec was designed by Polyphony Digital.",https://www.igdb.com/games/gran-turismo-3-a-spec
474,Gran Turismo Concept 2002 Tokyo-Geneva,Corrida,Polyphony Digital,PlayStation 2,02/08/2024,4.22,2002,Hardcore,,22061,Gran Turismo Concept: 2002 Tokyo-Geneva,https://images.igdb.com/igdb/image/upload/t_cover_big/co20bd.jpg,Polyphony Digital,2002,"Racing, Simulator",69.56589993278487,"Gran Turismo Concept is a racing video game of the Gran Turismo series for PlayStation 2 which is developed by Polyphony Digital. It is essentially a short version of Gran Turismo 3: A-Spec, but with concept cars that ended up in Gran Turismo 4. It was released in 2002 in Japan, Southeast Asia, Korea, and Europe. For undisclosed reasons, the game was not released in the North American market, although a stripped-down version of it was released in form of Gran Turismo: Nissan 350Z Edition. A last version of Gran Turismo Concept, 2002 Tokyo-Geneva, was released in Europe on July 17th, 2002. It featured all the cars from the 2002 Tokyo-Seoul version plus new models unveiled at the Geneva Motor Show. A Chinese/English NTSC version was released in the Southeast Asia on July 25th, 2002, it adds 30 cars to the 2001 Tokyo version released earlier in this area. As of April 2008, Gran Turismo Concept 2002 Tokyo-Geneva has shipped 1 million copies in Europe and 30,000 in Southeast Asia. This short version title followed the release of the full-length version Gran Turismo 3: A-Spec in 2001 and was eventually followed by Gran Turismo 4.",https://www.igdb.com/games/gran-turismo-concept-2002-tokyo-geneva
475,Gran Turismo 4 Prologue,Corrida,Polyphony Digital,PlayStation 2,04/08/2024,5.56,2003,Hardcore,,1604,Gran Turismo 4 Prologue,https://images.igdb.com/igdb/image/upload/t_cover_big/co1ovo.jpg,Polyphony Digital,2003,"Racing, Simulator",40.41614087374859,"Gran Turismo 4 Prologue is a racing video game in the Gran Turismo series. This short version title preceded the release of the full-length version Gran Turismo 4 in 2004. For undisclosed reasons, the game was not released in the North American market. Though it was necessary to limit the number of cars and courses included, this product still included some of the main features of the Gran Turismo franchise such as races, time attack and license tests. The sneak preview also expressed the latest technology Polyphony Digital had accumulated over the past two years. Featuring 50 of GT4's then-planned 500 cars as well as five courses, this expanded demo was designed as a stop-gap until the complete version was released.",https://www.igdb.com/games/gran-turismo-4-prologue
476,Super Mario World 2: Yoshi's Island,Plataforma,Nintendo,Super Nintendo,06/08/2024,9,1995,Softcore,,1073,Super Mario World 2: Yoshi's Island,https://images.igdb.com/igdb/image/upload/t_cover_big/co2kn9.jpg,Nintendo Entertainment Analysis & Development,1995,"Platform, Adventure",87.33530517460218,"Super Mario World 2: Yoshi's Island is a platform video game acting as a prequel to 1990's Super Mario World. The game casts players as Yoshi as he escorts Baby Mario through 48 levels in order to reunite him with his brother Luigi, who had been kidnapped by Baby Bowser's minions. As a Super Mario series platformer, Yoshi runs and jumps to reach the end of the level while solving puzzles and collecting items. In a style new to the series, the game has a hand-drawn aesthetic and is the first to have Yoshi as its main character. The game introduces his signature abilities to flutter jump, produce eggs from swallowed enemies, and transform into vehicles.",https://www.igdb.com/games/super-mario-world-2-yoshi-s-island
477,Gran Turismo 4,Corrida,Polyphony Digital,PlayStation 2,24/08/2024,62.45,2004,Hardcore,,1601,Gran Turismo 4,https://images.igdb.com/igdb/image/upload/t_cover_big/cocq72.jpg,Polyphony Digital,2004,"Racing, Simulator",85.49830946874779,"Gran Turismo 4 is a racing video game, and the fourth installment in the Gran Turismo series. It is also the final game to support the Sony PlayStation 2. Gran Turismo 4 is one of only four titles for the PlayStation 2 that is capable of 1080i output. GT4 was delayed for over a year and a half by Polyphony Digital, and had its online mode removed. The game features over 700 cars from 80 manufacturers. The game also features 51 tracks, many of which are new or modified versions of old Gran Turismo favorites, with some notable real-world additions.",https://www.igdb.com/games/gran-turismo-4
478,Hogwarts Legacy,RPG de Ação,Avalanche Studios,PC,28/08/2024,24,2023,-,,136625,Hogwarts Legacy,https://images.igdb.com/igdb/image/upload/t_cover_big/coaav6.jpg,Avalanche Software,2023,"Role-playing (RPG), Adventure",78.72923547533502,"Hogwarts Legacy is an immersive, open-world action RPG set in the world first introduced in the Harry Potter books. Now you can take control of the action and be at the center of your own adventure in the wizarding world. Embark on a journey through familiar and new locations as you explore and discover fantastic beasts, customize your character and craft potions, master spell casting, upgrade talents, and become the wizard you want to be. Discover the feeling of living at Hogwarts as you make allies, battle Dark wizards, and ultimately decide the fate of the wizarding world. Your legacy is what you make of it.",https://www.igdb.com/games/hogwarts-legacy
479,Prodeus,Tiro em Primeira Pessoa,Bounding Box Software,PC,01/09/2024,11,2020,-,,112613,Prodeus,https://images.igdb.com/igdb/image/upload/t_cover_big/co3b8o.jpg,Bounding Box Software,2022,"Shooter, Adventure, Indie",74.01780575886598,"""Prodeus is the first person shooter of old, re-imagined using modern rendering techniques. It reaches the quality you expect from a AAA experience while adhering to some of the aesthetic technical limits of older hardware."" In Prodeus, the players slip into the role of a corrupted agent of Prodeus who is determined on his way to destroy his creator and every opponent.",https://www.igdb.com/games/prodeus
480,Gotham Knights,Aventura,Warner Bros. Interactive,PC,04/09/2024,24,2022,-,,136993,Gotham Knights,https://images.igdb.com/igdb/image/upload/t_cover_big/co3s9z.jpg,WB Games Montréal,2022,"Role-playing (RPG), Hack and slash/Beat 'em up, Adventure",64.02116228110968,"Introducing an original story set in DC’s Batman Universe, Gotham Knights offers a dynamic, interactive Gotham City where a rising criminal element has swept through the streets. With the Belfry as their base of operations, this new era of heroes will solve mysteries that connect the darkest chapters in the city’s history and must defeat notorious villains in epic confrontations. Players must save Gotham from a descent into chaos and reinvent themselves into their own version of the Dark Knight.",https://www.igdb.com/games/gotham-knights
481,Dirge of Cerberus: Final Fantasy VII,Aventura,Square Enix,PlayStation 2,10/09/2024,10,2006,Hardcore,,18068,Dirge of Cerberus: Final Fantasy VII,https://images.igdb.com/igdb/image/upload/t_cover_big/co205e.jpg,Square Enix Product Development Division 1,2006,"Shooter, Role-playing (RPG)",64.96821331264167,"Dirge of Cerberus: Final Fantasy VII is an action role-playing third-person shooter. As the first shooter game in the Final Fantasy series, the action is viewed from an over-the-shoulder perspective similar to Resident Evil 4, although players can switch to a first-person perspective if they wish. Defeating enemies yields EXP, and at the end of each stage, the player can either use that EXP to level up, increasing Vincent's stats, or convert it to Gil (the in-game currency), which can then be used to purchase items and equipment upgrades.",https://www.igdb.com/games/dirge-of-cerberus-final-fantasy-vii
482,Uncharted 4: A Thief's End,Aventura,Naughty Dog,PC,29/09/2024,12.2,2016,-,,7331,Uncharted 4: A Thief's End,https://images.igdb.com/igdb/image/upload/t_cover_big/co1r7h.jpg,Naughty Dog,2016,"Shooter, Adventure",90.42531529150716,"Several years after his last adventure, retired fortune hunter, Nathan Drake, is forced back into the world of thieves. With the stakes much more personal, Drake embarks on a globe-trotting journey in pursuit of a historical conspiracy behind a fabled pirate treasure. His greatest adventure will test his physical limits, his resolve, and ultimately what he's willing to sacrifice to save the ones he loves.",https://www.igdb.com/games/uncharted-4-a-thief-s-end
483,Uncharted: The Lost Legacy,Aventura,Naughty Dog,PC,29/09/2024,5.4,2017,-,,26193,Uncharted: The Lost Legacy,https://images.igdb.com/igdb/image/upload/t_cover_big/co1tp9.jpg,Naughty Dog,2017,"Shooter, Puzzle, Adventure",82.26444950975164,"Uncharted: The Lost Legacy is a single-player action-adventure game played from a third-person perspective, and a standalone expansion in the Uncharted series. Players guide treasure hunter Chloe Frazer through towns, ruins, and temples across the Western Ghats of India, using firearms, melee combat, and stealth against hostile forces. Gameplay combines gunfights, climbing and platforming, environmental puzzles, and vehicle sections across larger, more open environments than earlier entries. It also grants access to the multiplayer component of Uncharted 4.",https://www.igdb.com/games/uncharted-the-lost-legacy
484,God of War: Ragnarok,Hack and Slash,Santa Monica Studios,PC,20/10/2024,27,2022,-,,112875,God of War Ragnarök,https://images.igdb.com/igdb/image/upload/t_cover_big/coba3d.jpg,SIE Santa Monica Studio,2022,"Role-playing (RPG), Hack and slash/Beat 'em up, Adventure",90.894195517041,"God of War: Ragnarök is the ninth installment in the God of War series and the sequel to 2018's God of War. Continuing with the Norse mythology theme, the game is set in ancient Norway and features series protagonists Kratos, the former Greek God of War, and his young son Atreus. The game kicked off the events of Ragnarök, where Kratos and Atreus must journey to each of the Nine Realms in search of answers as they prepare for the prophesied battle that will end the world.",https://www.igdb.com/games/god-of-war-ragnarok
485,Dragon Ball: FighterZ,Luta,Arc System Works,PC,28/10/2024,10.45,2018,-,,144704,Dragon Ball FighterZ: Zamasu (Fused),https://images.igdb.com/igdb/image/upload/t_cover_big/cobyti.jpg,Arc System Works,2018,Fighting,,"Fused Zamasu is born from the fusion of Goku Black and Future Zamasu through Potara earrings. Thanks to the Super Dragon Balls, Fused Zamasu has gained ultimate power and invincibility, making him the most devastating god of all time. His unlimited power also allows him to float in the air after his attacks and to move in any direction, making him a unique character to control. Divine Wrath, his Ultimate Attack, is a huge shot from his fingertip and is best used after a rush attack. Zamasu (Fused), the calm & collected Supreme Kai apprentice is bringing his brand of methodic deadliness to DRAGON BALL FighterZ! This content includes: - Zamasu (Fused) as a new playable character - 5 alternative colors for his outfit - Zamasu (Fused) Lobby Avatar - Zamasu (Fused) Z Stamp",https://www.igdb.com/games/dragon-ball-fighterz-zamasu-fused
486,Shotgun King: The Final Checkmate,Puzzle,Punkcake Delicieux,PC,14/11/2024,1.25,2022,-,,196030,Shotgun King: the Final Checkmate,https://images.igdb.com/igdb/image/upload/t_cover_big/co8w6y.jpg,PUNKCAKE Délicieux,2022,"Shooter, Puzzle, Strategy, Turn-based strategy (TBS), Tactical, Indie, Arcade, Card & Board Game",79.74636665996906,"It's chess, but you replace your entire army with a royal shotgun, with some roguelike elements.",https://www.igdb.com/games/shotgun-king-the-final-checkmate
487,Barbie: Super Model,Plataforma,Hi-Tech Expressions,Super Nintendo,21/11/2024,0.57999999999999996,1993,Hardcore,,3317,Barbie: Super Model,https://images.igdb.com/igdb/image/upload/t_cover_big/co25bl.jpg,Tahoe Software Productions,1992,Simulator,39.93053972140062,"Help Barbie become a great fashion model! This is an arcade game with many different activities to participate in. In each level, Barbie starts by going left to right with forced scrolling. She has a default speed and can speed up as well. She must avoid moving obstacles by moving up and down and controlling her speed. If she hits one, she loses a chance and it's game over if she runs out of chances. She must pick up items which grant point bonuses and extra chances. There is also a camera item to pick up which brings you to a magazine cover shoot. You are shown a cover with barbie wearing an outfit which is themed to the level. You must then go to her dressing room and dress her in a matching outfit. You are also given separate control of the colors of three different components and must match these. You are awarded points for each correct match. When you reach the right side of the level, you are given a runway practice. This consists of four positions on the runway floor labeled to tell you which button you must press at each one. Barbie then goes back through the level right-to-left. On the return trip, there is a handbag to pick up. This brings you to another magazine cover. You then go to a makeup mirror where you must match Barbie's hairstyle, earrings, eyeshadow and lip and nail color to the cover. Again, you are awarded points for each item which you get correct. When you reach the left side of the level, you must then do Barbie's runway walk that you were given earlier. You are awarded points for each station at which you perform the correct move. Barbie then continues to the next level. There are a total of four: Barbie driving down the street, skating on the beach, walking through a ski resort and walking through the park.",https://www.igdb.com/games/barbie-super-model
488,Super Mario Land,Plataforma,Nintendo,Gameboy,21/11/2024,1,1989,Hardcore,,1069,Super Mario Land,https://images.igdb.com/igdb/image/upload/t_cover_big/co7o14.jpg,Nintendo R&D1,1989,Platform,74.32111753333886,"Super Mario Land is the first Mario's outing on the Game Boy. It is a side-scrolling platformer much in the vein of the previous Super Mario Bros. This time, Mario must save Princess Daisy, rather than Princess Toadstool, from her kidnapper Tatanga, a mysterious spaceman. The game follows largely the same formula of its aforementioned predecessor, with Mario defeating enemies by jumping on them and collecting coins and power ups by hitting floating blocks, with each world leading up to a boss fight which is defeated using by collapsing the floor. A unique feature of this installment is two scrolling shoot-'em-up levels, the first of which Mario pilots a submarine, and the second an aeroplane.",https://www.igdb.com/games/super-mario-land
489,Tekken: Dark Ressurection,Luta,Namco Bandai,PlayStation Portable,24/11/2024,30,2006,Hardcore,Condição de zeramento (Finalizar modo arcade com todos os personagens - Retro Achievements),,,,,,,,,
490,Senua's Saga: Hellblade II,Aventura,Ninja Theory,PC,30/11/2024,10.5,2024,-,,127342,Hellblade II: Senua's Saga,https://images.igdb.com/igdb/image/upload/t_cover_big/co81i4.jpg,Ninja Theory,2024,Adventure,78.09622550899203,"The sequel to the award winning Hellblade: Senua’s Sacrifice, Senua returns in a brutal journey of survival through the myth and torment of Viking Iceland. Intent on saving those who have fallen victim to the horrors of tyranny, Senua faces a battle of overcoming the darkness within and without.",https://www.igdb.com/games/hellblade-ii-senuas-saga
491,Balloon Fight,Plataforma,Nintendo,Nintendo 8-bits,02/12/2024,16,1984,Hardcore,Condição de zeramento (Bater nível 30 - Retro Achievements),145180,Balloon Fight,https://images.igdb.com/igdb/image/upload/t_cover_big/co3b32.jpg,Nintendo,1986,Arcade,,"Balloon Fight is a Crystal Screen and New Wide Screen Game & Watch game released in 1986 (CS) and 1988 (NWS). The game is similar to the NES classic Balloon Fight, particularly its Balloon Trip mode. The model number for the Crystal Screen version is BF-803, while the model number for the New Wide Screen version is BF-107. The BF in the model numbers stands for Balloon Fight.",https://www.igdb.com/games/balloon-fight--1
492,Super Mario Land 2 - 6 Golden Coins,Plataforma,Nintendo,Gameboy,05/12/2024,2.5,1992,Hardcore,,1071,Super Mario Land 2: 6 Golden Coins,https://images.igdb.com/igdb/image/upload/t_cover_big/co7gxg.jpg,Nintendo R&D1,1992,Platform,80.6324341272638,"Super Mario Land 2: 6 Golden Coins is a platforming game for the Game Boy and the sequel to Super Mario Land. It also marks the debut of Mario's self-proclaimed arch rival Wario, who would later become a recurring character in the Mario series as well as a protagonist in his own series. The game features new graphics, power-ups, challenges, and a completely original storyline.",https://www.igdb.com/games/super-mario-land-2-6-golden-coins
493,World's Scariest Police Chases,Combate Veicular,Unique Studios,PlayStation,07/12/2024,6,2001,Hardcore,,45093,World's Scariest Police Chases,https://images.igdb.com/igdb/image/upload/t_cover_big/co3yw0.jpg,Unique Development Studios,2001,Racing,78.73794480943731,"World's Scariest Police Chases puts the player in the driver's seat of a powerful cop car with the goal of chasing down and apprehending a variety of criminals with diversely dangerous driving styles. The game offers over 50 miles of road and highway to patrol. A story mode follows the player's virtual law enforcement career and he goes up against more devious criminals and gains access to more powerful vehicles. Other modes of play allow more freeform law enforcement. When driving for law and order doesn't fit the mood, players also have the option of evading their fellow officers in the game's ""Bad Boy"" mode. Television host Sheriff John Bunnel adds commentary as players race toward mission goals.",https://www.igdb.com/games/worlds-scariest-police-chases
494,007 Racing,Combate Veicular,Electronic Arts,PlayStation,09/12/2024,5,2000,Hardcore,,1642,007 Racing,https://images.igdb.com/igdb/image/upload/t_cover_big/co3dup.jpg,Eutechnyx,2000,Racing,62.75439243180919,"In 007 Racing you can get behind the wheel of James Bond's car. You must complete missions which range from collecting an object and getting out alive, to much harder and more complicated things. Your car is armed with many weapons including mines, rockets, lasers, smokescreens, and more. Then, if you get bored playing alone, you can eliminate your opponent in multiplayer missions where you have to destroy the other car, or a game mode called ""Pass the Bomb"", where you must pass the bomb to the other car by touching it before you blow up.",https://www.igdb.com/games/007-racing
495,Fatal Fury: Wild Ambition,Luta,SNK,PlayStation,09/12/2024,0.5,1999,-,,28138,Fatal Fury: Wild Ambition,https://images.igdb.com/igdb/image/upload/t_cover_big/co9vuu.jpg,SNK,1999,"Fighting, Arcade",76.2994167796918,"PS1 port of ""Fatal Fury: Wild Ambition"" It was ported to the Sony PlayStation on June 24 in Japan and November 30 in North America, making it the only Hyper Neo Geo 64 game to receive a port for a home system. The game was re-released as a downloadable game for PlayStation 3 and PlayStation Portable via the PlayStation Network in Japan on April 25, 2007.",https://www.igdb.com/games/fatal-fury-wild-ambition
496,Ghost in the Shell,Ação,Production I.G.,PlayStation,10/12/2024,3,1997,Hardcore,,8336,Ghost in the Shell,https://images.igdb.com/igdb/image/upload/t_cover_big/coby7t.jpg,Exact,1997,Shooter,72.44718752403254,"This is a cyberpunk-themed third-person shooter video game developed by Exact and Production I.G for the PlayStation. The game plot revolves around a recruit of Public Security Section 9 as he investigates and combats the Human Liberation Front. The player controls a Fuchikoma, a robotic fighting vehicle capable of traversing walls and ceilings.",https://www.igdb.com/games/ghost-in-the-shell
497,Guilty Gear,Luta,Arc System Works,PlayStation,18/12/2024,0.33,1998,-,,9140,Guilty Gear,https://images.igdb.com/igdb/image/upload/t_cover_big/co1tez.jpg,Arc System Works,1998,"Fighting, Adventure, Arcade",78.98556559472387,"Guilty Gear is a 2D fighting game, in which you can play as one of 10 very different kind of characters. There is a selection of fighters from Holy Order knights, Armed Air Force soldiers, Mafia members and mad scientists. Each character has his/her own storyline that will be fully revealed during the final showdown. In battles, you can charge up for special attacks, as well as perform Deathblow moves, which would kill the opponent instantly. You can either choose to finish the Arcade mode, challenge your friends to a Versus battle, or either train your skills out in the Training mode.",https://www.igdb.com/games/guilty-gear
498,Gex,Plataforma,Crystal Dinamics,PlayStation,19/12/2024,8,1995,Hardcore,,4309,Gex,https://images.igdb.com/igdb/image/upload/t_cover_big/co1p57.jpg,Crystal Dynamics,1995,"Platform, Adventure",67.73986540354505,"Enter your television to defeat the evil Rez by collecting remotes to open worlds inside your tv. You are a gecko with all the usual platform hero skills such as jump, fire and close range attack, but also suction cups to help you scale walls, a tongue to pick up those tricky to get power-ups and plenty of wise-cracks to keep you amused. Use them all to make your way through TV land searching for the remotes, collecting pickups, power-ups and killing TVs.",https://www.igdb.com/games/gex
499,Pandemonium!,Plataforma,Crystal Dinamics,PlayStation,20/12/2024,7,1996,Hardcore,,6268,Pandemonium!,https://images.igdb.com/igdb/image/upload/t_cover_big/co55yx.jpg,Toys for Bob,1996,Platform,70.38575439351128,"Pandemonium features 2 playable characters: Fargus, a joker, and Nikki, who unwittingly casts a spell that destroys the town. The goal of the game is to reach the Wishing Engine, where they can wish the town back to normal. For each level, the player can choose which character to be. Each has a special move - Fargus can deliver a special spinning attack, and Nikki can double jump. The game consists of a great variety of unique gameplay objects, such as watermelons, clouds, spider webs and logs.",https://www.igdb.com/games/pandemonium
500,Pandemonium 2,Plataforma,Crystal Dinamics,PlayStation,21/12/2024,3,1997,-,,6269,Pandemonium 2,https://images.igdb.com/igdb/image/upload/t_cover_big/co1y7e.jpg,Toys for Bob,1997,"Platform, Puzzle",69.7229260839722,"When the magic-infused ""Comet of Infinite Possibilities"" is about to pass over Lyr for the first time in 300 years, Sorceress Nikki decides that stealing the source of its magic is a quicker way to reach power than study. But the evil Goon Queen Zorrscha has her sights set on the comet as well. Nikki and Fargus, a pyromaniac court jester with his own special abilities, race the queen for the goal.",https://www.igdb.com/games/pandemonium-2
501,Bloody Roar,Luta,Hudson Soft,PlayStation,22/12/2024,0.5,1998,-,,2749,Bloody Roar,https://images.igdb.com/igdb/image/upload/t_cover_big/co9q6v.jpg,Eighting/Raizing,1997,"Fighting, Arcade",75.18657735409725,"Bloody Roar, known as Bloody Roar: Hyper Beast Duel in Europe and Japan, is a fighting video game originally developed by Raizing (now Eighting) as an arcade game. It was later adapted for the PlayStation by Hudson Soft and published by Sony Computer Entertainment for the PlayStation. The arcade version was released on July 7, 1997 and was titled Beastorizer in North America. The PlayStation version was released in Japan on November 6, 1997, in North America (under the title Bloody Roar) on October 31, 1997 and in Europe on March 1998. Bloody Roar is the first game in the Bloody Roar video game series and was followed by four sequels on multiple platforms. The game's story centers on a group of warriors known as ""zoanthropes"", who have the power to transform into half-human half-animal ""Beasts"", and the Tylon Corporation, and underground organization that seeks to use zoanthropes as mind-controlled weapons. The game received generally positive reviews from critics for its originality and graphics, while the audio received mixed opinions. The game's success resulted in its re-release for The Best range on October 14, 1999. The game was re-released on the PlayStation Network in North America on August 20, 2009.",https://www.igdb.com/games/bloody-roar
502,Bloody Roar 2,Luta,Hudson Soft,PlayStation,22/12/2024,0.5,1999,-,,4140,Bloody Roar 2,https://images.igdb.com/igdb/image/upload/t_cover_big/co489q.jpg,Raizing,1998,"Fighting, Arcade",74.70350935418924,"Bloody Roar 2, is a brawler arcade game developed by Eighting/Raizing in 1999. (Also known as Bloody Roar 2: Bringer of the New Age in Japan/Europe and Bloody Roar II: The New Breed in the United States.) Bloody Roar series differs from other fighting games as every character has a beast mode that can be used to use new attacks, recover some of lost health and generally to be faster and/or more powerful with their attacks.",https://www.igdb.com/games/bloody-roar-2
503,Medal of Honor,Tiro em Primeira Pessoa,Electronic Arts,PlayStation,26/12/2024,14,1999,Hardcore,,1311,Medal of Honor: European Assault,https://images.igdb.com/igdb/image/upload/t_cover_big/co5x7t.jpg,EA Los Angeles,2005,Shooter,73.58538887605137,"There are four overall areas the player (as Lt. William Holt) will be sent to: France, North Africa, the Soviet Union and Belgium. Each area has a set of missions for the player to complete. While some objectives will be detailed from the start, exploration of the area will cause Holt to discover more missions. Each mission consists of five elements: a primary objective, secondary objectives, killing a German officer (Nemesis battle in the game), obtaining documents from the officer and escaping. If all are completed, a gold medallion will be given. Missing one or two will gain a silver or bronze. Most missions involve Holt fighting alongside allied NPCs and working towards a common objective, often based on historical events during WWII. However, as a member of the OSS, Holt also has secondary objectives for each level, including finding documents and eliminating important German officers, such as henchmen belonging to the antagonist Graf Von Schrader.",https://www.igdb.com/games/medal-of-honor-european-assault
504,Medal of Honor: Underground,Tiro em Primeira Pessoa,Electronic Arts,PlayStation,29/12/2024,10,2000,Hardcore,,1308,Medal of Honor: Underground,https://images.igdb.com/igdb/image/upload/t_cover_big/co8yzk.jpg,Dreamworks Interactive,2000,Shooter,75.68841413223724,"The game is a prequel to Medal of Honor and it is set in the early stages of WWII. You play as Manon Batiste, who briefed the missions for you in the original Medal of Honor. She is a new member of a small band of French rebels who fight against the tyranny of the Germans. There are 7 missions in total, featuring 12 different historical weapons. There are NPCs helping you out by cracking safes and driving. Not all enemies are on foot; expect to face tanks and bikes amongst other things.",https://www.igdb.com/games/medal-of-honor-underground
505,Titanfall 2,Tiro em Primeira Pessoa,Respawn Entertaiment,PC,31/12/2024,5.5,2017,-,,17447,Titanfall 2,https://images.igdb.com/igdb/image/upload/t_cover_big/fhbeilnghyhhmjqhinqa.jpg,Respawn Entertainment,2016,"Shooter, Adventure",83.21595483092545,"Titanfall 2 is a first-person shooter with both a single-player campaign and competitive multiplayer. The campaign follows a Militia rifleman who bonds with a Titan, a large bipedal mech, after his pilot is killed. Gameplay combines fast-paced infantry movement, including wall-running and double-jumping, with sections where the player controls the Titan in combat. Multiplayer features team-based modes with players fighting as both Pilots and Titans on the same battlefield.",https://www.igdb.com/games/titanfall-2
506,Capcom vs. SNK Pro,Luta,Capcom,PlayStation,02/01/2025,1,1999,-,,45829,Capcom vs. SNK: Millennium Fight 2000 Pro,https://images.igdb.com/igdb/image/upload/t_cover_big/co9gwc.jpg,Capcom Production Studio 1,2001,Fighting,78.4841559726436,"An updated version of the original Capcom vs. SNK titled Capcom vs. SNK Pro was released on the Arcade Sega NAOMI GD-ROM hardware (2000), Dreamcast (2001) and PlayStation (2002), the latter suffering from slight load times between rounds and downgraded graphics and sound due to hardware limitations. New additions included Joe Higashi (from Fatal Fury) and Dan Hibiki (from Street Fighter Alpha), new moves for existing characters, and new modes of play.",https://www.igdb.com/games/capcom-vs-snk-millennium-fight-2000-pro
507,Pac-Man World,Plataforma,Namco Bandai,PlayStation,02/01/2025,5.5,1999,Hardcore,,6530,Pac-Man World,https://images.igdb.com/igdb/image/upload/t_cover_big/co85oy.jpg,Namco Hometek,1999,Platform,77.98028253520712,"Twenty years after Pac-Man's first adventure in Pac-Land, Pac-Man returns one day to his house only to find it deserted. Toc-Man and his ghosts have kidnapped Pac-Man's friends, Ms. Pac-Man, Pac Jr., Baby Pac, Professor Pac, Pooka, and Chomp-Chomp the dog! Pac-Man must venture to Toc-Man's lair on Ghost Island to rescue his friends! Hidden through this 3D adventure game, Pac-Man faces challenging puzzles and games that have appeared in Pac-Man's previous games. Many things in this game are a tribute to original games and even Inky, Blinky, Pinky, and Clyde are back for another chance to get Pac-Man. GH released in 2000.",https://www.igdb.com/games/pac-man-world
508,The King of Fighters '95,Luta,SNK,PlayStation,04/01/2025,1,1995,-,,15427,The King of Fighters '95,https://images.igdb.com/igdb/image/upload/t_cover_big/co2qsa.jpg,SNK,1995,"Fighting, Arcade",70.34024194709748,"The King of Fighters '95 is a 1995 fighting game produced by SNK for the Neo Geo arcade and home console. It is the sequel to The King of Fighters '94 and the second game in The King of Fighters series. It is also the first game in the series to be ported to other home consoles besides the Neo Geo AES and Neo-Geo CD, with versions released for the PlayStation, Sega Saturn and Game Boy. It was also rereleased in The King of Fighters Collection: The Orochi Saga in 2008 for the PlayStation 2, PlayStation Portable and Wii. The King of Fighters '95 introduces Kyo Kusanagi's rival Iori Yagami, and firmly places Kyo as the main character for the rest of the series. The gameplay of The King of Fighters '95 is essentially unchanged from the previous title, though it does introduce the ""team edit"" concept which would remain as a standard feature of the series. Using the ""team edit"" feature, it is possible to create a totally customized team using any of the available fighters, or use one of the default teams if you wish.",https://www.igdb.com/games/the-king-of-fighters-95
509,Marvel Super Heroes,Luta,Capcom,PlayStation,04/01/2025,0.5,1997,-,,27890,Marvel Super Heroes,https://images.igdb.com/igdb/image/upload/t_cover_big/co8fhd.jpg,Capcom,1995,"Fighting, Arcade",61.17529761949061,"Marvel Super Heroes is a 2D fighting game and the second Capcom title to feature characters from the Marvel comic universe. Each character starts with a set of gems. These can be activated during a fight to improve speed, power and defence, or provide special abilities to create crushing stone walls, open up a rift in space, or reverse the opponent's controls. The use of the gems is inspired by the The Infinity Gauntlet comic book series.",https://www.igdb.com/games/marvel-super-heroes
510,Marvel Super Heroes vs Street Fighter,Luta,Capcom,PlayStation,04/01/2025,1,1999,-,,8245,Marvel Super Heroes vs. Street Fighter,https://images.igdb.com/igdb/image/upload/t_cover_big/co8iho.jpg,Capcom,1997,"Fighting, Arcade",77.17625282634143,Now you can choose your favorite heroes from the worlds of Street Fighter and Marvel Super Heroes to face off in a head-to-head battle for supremacy. Dive into the action to perform outrageous moves and link together amazing Chain Combos... then delight in their devastating results! Marvel Super Heroes vs. Street Fighter combines two incredible universes to create an entirely new legend of heroic proportions.,https://www.igdb.com/games/marvel-super-heroes-vs-street-fighter
511,Marvel vs. Capcom: Clash of Super Heroes,Luta,Capcom,PlayStation,05/01/2025,1,2000,Hardcore,,8246,Marvel vs. Capcom: Clash of Super Heroes,https://images.igdb.com/igdb/image/upload/t_cover_big/co8r3z.jpg,Capcom,1998,"Fighting, Arcade",81.53880552059896,"Marvel vs. Capcom: Clash of Super Heroes is the fifth Marvel Comics-licensed fighting game by Capcom and the third game in the Marvel vs. Capcom series. In contrast to X-Men vs. Street Fighter and Marvel Super Heroes vs. Street Fighter, the game features characters from numerous Capcom franchises such as Mega Man and Strider, rather than just Street Fighter characters. The game takes place within the Marvel comic continuity, as Professor Charles Xavier calls out for heroes to stop him before he merges with the consciousness of Magneto and becomes the being known as Onslaught, the final boss.",https://www.igdb.com/games/marvel-vs-capcom-clash-of-super-heroes
512,Ms. Pac-Man: Maze Madness,Plataforma,Namco Bandai,PlayStation,12/01/2025,7.16,2000,Hardcore,,3338,Ms. Pac-Man: Maze Madness,https://images.igdb.com/igdb/image/upload/t_cover_big/co2ivx.jpg,Namco Hometek,2000,Puzzle,78.48484848484848,"Professor Pac learns that the witch, Mesmerelda, has seized control of the Enchanted Castle using black magic and from there is planning on stealing all four Gems of Virtue (Generosity; Truth; Wisdom; Courage) to control the ""four wonders"" (areas of Pac-Land). He creates a device called a Pactrometer which allows Ms. Pac-Man to go to these areas to recover the gems before Mesmerelda can get them first.",https://www.igdb.com/games/ms-pac-man-maze-madness
513,Metal: Hellsinger,Tiro em Primeira Pessoa,The Outsiders,PC,19/01/2025,3.5,2022,-,,134560,Metal: Hellsinger,https://images.igdb.com/igdb/image/upload/t_cover_big/coan1t.jpg,The Outsiders,2022,"Shooter, Music, Adventure",77.75363241773833,"Strike terror into the hearts of demons and devils as you fight your way through eight Hells. Metal: Hellsinger is a rhythm FPS, brimming with diabolical enemies, powerful weapons, and metal music. Set out on an infernal journey in order to achieve the purest of goals: Vengeance.",https://www.igdb.com/games/metal-hellsinger
514,Octopath Traveler,RPG,Square Enix,PC,26/01/2025,81.3,2018,-,,26765,Octopath Traveler,https://images.igdb.com/igdb/image/upload/t_cover_big/cocj93.jpg,Square Enix Business Division 11,2018,"Role-playing (RPG), Adventure",79.93731256397923,"A role-playing game from the Bravely Default team is being developed exclusively for the Nintendo Switch. They have brought a new world to life through a mix of CG, pixel art, and ""HD-2D"" visuals.",https://www.igdb.com/games/octopath-traveler
515,Space Runaway,Shmup,Soleil Ltd.,PC,05/02/2025,1,2022,-,,236224,Space Runaway,https://images.igdb.com/igdb/image/upload/t_cover_big/co65d2.jpg,Soleil,2022,"Shooter, Arcade",,"Space Runaway, a compelling intergalactic journey soaked in bullet hell. Enemy vessels, lasers and larger than life bosses coming at you full speed in a 16-bit authentic arcade experience like no other. It was created as an arcade mini-game within Wanted: Dead.",https://www.igdb.com/games/space-runaway
516,Wanted: Dead,Hack and Slash,Soleil Ltd.,PC,22/02/2025,12.75,2023,-,,173091,Wanted: Dead,https://images.igdb.com/igdb/image/upload/t_cover_big/co5jfb.jpg,Soleil,2023,"Shooter, Hack and slash/Beat 'em up, Adventure",50.13945704192767,"Wanted: Dead promises ""spectacular melee combat and exciting gunplay,"" and is set in a ""dark and dangerous version of science-fiction Hong Kong where you will need sharpened skills to survive.""",https://www.igdb.com/games/wanted-dead
517,Grand Theft Auto III - The Definitive Edition,Ação,Rockstar Games,PC,27/02/2025,17,2021,-,,178123,Grand Theft Auto III: The Definitive Edition,https://images.igdb.com/igdb/image/upload/t_cover_big/co65yy.jpg,Grove Street Games,2021,"Shooter, Racing, Adventure",59.27201630541521,"It all starts in Liberty City. With revolutionary freedom to go anywhere and jack anyone, Grand Theft Auto III puts the center of the criminal underworld at your fingertips, if you have enough guts to take it.",https://www.igdb.com/games/grand-theft-auto-iii-the-definitive-edition
518,Final Fantasy VII Rebirth,RPG de Ação,Square Enix,PC,21/03/2025,57,2024,-,,133236,Final Fantasy VII Rebirth,https://images.igdb.com/igdb/image/upload/t_cover_big/cob9k6.jpg,Square Enix Creative Business Unit I,2024,"Role-playing (RPG), Strategy, Adventure",89.69843794005997,"Final Fantasy VII Rebirth is the second entry in the Final Fantasy VII remake project, which retells the story of the genre-redefining RPG across three distinct games. Iconic heroes Cloud, Barret, Tifa, Aerith and Red XIII have escaped from the dystopian city Midgar and are now in pursuit of Sephiroth, the vengeful swordsman from Cloud’s past who was thought to be dead.",https://www.igdb.com/games/final-fantasy-vii-rebirth
519,Dead or Alive 6,Luta,Koei Tecmo,PC,25/03/2025,3,2019,-,,103269,Dead or Alive 6,https://images.igdb.com/igdb/image/upload/t_cover_big/co1nzf.jpg,Team NINJA,2019,Fighting,66.22706910939056,"Dead or Alive 6,produced by Koei Tecmo Games,features fast-paced 3D fighting entertainment with multi-tiered stages that are now both dynamic and critical parts of the competitive experience.",https://www.igdb.com/games/dead-or-alive-6
520,Crisis Core: Final Fantasy VII Reunion,RPG,Square Enix,PC,31/03/2025,13,2022,-,,205201,Crisis Core: Final Fantasy VII - Reunion,https://images.igdb.com/igdb/image/upload/t_cover_big/cobjb3.jpg,Tose,2022,Role-playing (RPG),72.9290616194788,"Crisis Core: Final Fantasy VII - Reunion is an HD remaster of the smash hit prequel to Final Fantasy VII. In addition to all graphics being remastered in HD, fully voiced dialogue and new soundtrack arrangements make for a dynamic new retelling of a beloved classic.",https://www.igdb.com/games/crisis-core-final-fantasy-vii-reunion
521,Super Smash Bros. for 3DS,Luta,Nintendo,Nintendo 3DS,04/04/2025,1,2017,-,,178316,Super Smash Bros. for Nintendo 3DS: Ryu,https://images.igdb.com/igdb/image/upload/t_cover_big/co45qo.jpg,Bandai Namco Studios,2015,"Fighting, Platform",,"Ryu joins the world of Super Smash Bros. to continue his quest to be the strongest, and he even brought his own stage! Enter his famous button combos to power up his special moves!",https://www.igdb.com/games/super-smash-bros-for-nintendo-3ds-ryu
522,New Super Mario Bros.,Plataforma,Nintendo,Nintendo DS,09/04/2025,6,2006,Hardcore,,1076,New Super Mario Bros.,https://images.igdb.com/igdb/image/upload/t_cover_big/co21rm.jpg,Nintendo Entertainment Analysis & Development,2006,"Platform, Adventure",80.67155639624124,"New Super Mario Bros. is a side-scrolling 2.5D action-adventure platformer game for the Nintendo DS, starring Mario and Luigi. The game features a solo story mode with Mario or Luigi, a two-player wireless game Mario Vs. Luigi, as well as a minigame mode for up to four players. The gameplay of New Super Mario Bros. is very much like that of the classic 2D platformers, mostly Super Mario Bros. and Super Mario Bros. 3, and substantially builds upon them to create gameplay both classic and contemporary. As the game is on DS, the touch screen allows players to store an additional power-up and view the distance still to go in a level.",https://www.igdb.com/games/new-super-mario-bros
523,Kena: Bridge of Spirits,Aventura,Ember Lab,PC,09/04/2025,13,2022,-,Linux,134588,Kena: Bridge of Spirits,https://images.igdb.com/igdb/image/upload/t_cover_big/co9hwy.jpg,Ember Lab,2021,"Role-playing (RPG), Adventure, Indie",79.16420969859531,"Kena: Bridge of Spirits: a story-driven, action adventure combining exploration with fast-paced combat. Untangle the past as Kena, a young Spirit Guide in search of the sacred Mountain Shrine. Help free the spirits trapped in a forgotten village with the help of the Rot, Kena's adorable (yet powerful) spirit companions.",https://www.igdb.com/games/kena-bridge-of-spirits
524,Final Fantasy: 20th Anniversary Edition,RPG,Square Enix,PlayStation Portable,11/04/2025,32.57,2007,Hardcore,,397,Final Fantasy: 20th Anniversary Edition,https://images.igdb.com/igdb/image/upload/t_cover_big/co1vra.jpg,Square Enix Product Development Division 5,2007,"Role-playing (RPG), Adventure",76.03499813992242,"This is an enhanced version version of the original Final Fantasy, with higher resolution 2D graphics now in 16:9, FMV sequences, a re-recorded higher quality soundtrack, along with all the new dungeons and revised script from the Dawn of Souls Gameboy Advance port that came before it. As a bonus, it also includes art galleries of Yoshitaka Amano's illustrations.",https://www.igdb.com/games/final-fantasy-20th-anniversary-edition
525,Final Fantasy II: 20th Anniversary Edition,RPG,Square Enix,PlayStation Portable,16/04/2025,61.55,2007,Hardcore,,121717,Final Fantasy II: 20th Anniversary Edition,https://images.igdb.com/igdb/image/upload/t_cover_big/co2xzw.jpg,Square Enix Product Development Division 5,2007,Role-playing (RPG),77.9889892503564,"This version was released on the PSP. Marking the 20th anniversary of the original Japanese Final Fantasy, Square Enix released the 20th Anniversary collection for Sony's emerging PlayStation Portable handheld. Square Enix took full advantage of the format, restoring the original PlayStation release's FMV sequences, upscaling and further refining the Dawn of Souls release for the PSP's wider screen, and adding an entirely new set of bonus dungeons known as the Arcane Labyrinths for players seeking a greater challenge.",https://www.igdb.com/games/final-fantasy-ii-20th-anniversary-edition
526,DiRT 5,Corrida,Codemasters,PC,22/04/2025,12.9,2020,-,Linux,133301,Dirt 5,https://images.igdb.com/igdb/image/upload/t_cover_big/co2e5b.jpg,Codemasters Cheshire,2020,"Racing, Simulator, Sport, Adventure",73.27214903733906,"Dirt 5 is the bold new off-road racing experience created by Codemasters. Blaze a trail across the most iconic routes in the world. Drive the widest roster of cars from rally icons, to trucks, to GT heroes and lots more. Play through a star-studded Career, four-player split-screen, innovative online modes, livery editor and more new features, DIRT 5 is the next generation of extreme racing.",https://www.igdb.com/games/dirt-5
527,Zone of the Enders,Hack and Slash,KONAMI,PlayStation 2,03/05/2025,7.16,2001,Hardcore,,1472,Zone of the Enders,https://images.igdb.com/igdb/image/upload/t_cover_big/co260o.jpg,Konami Computer Entertainment Japan,2001,"Shooter, Hack and slash/Beat 'em up",74.38267270456222,"Take control of a fully armed prototype mechanized robot and fight off enemies during a space colony hijack in Hideo Kojima's Zone of the Enders. In it, players become the character Leo Stenbuck, who sees the consequences of fighting first hand as he learns the true meaning of life and death. Combining state of the art PlayStation 2 graphics, tons of weapons, and an involving storyline, Zone of the Enders also provides a dynamically changing mission structure, a versus mode for two players, and a playable demo of Metal Gear Solid 2: Snake Eater in all first-run production copies.",https://www.igdb.com/games/zone-of-the-enders
528,Gun Survivor 3: Dino Crisis,Rail Shooter,Capcom,PlayStation 2,04/05/2025,1,2002,-,,,,,,,,,,
529,Fashion Police Squad,Tiro em Primeira Pessoa,Mopeful Games,PC,04/05/2025,7,2021,-,Linux,140801,Fashion Police Squad,https://images.igdb.com/igdb/image/upload/t_cover_big/co2kah.jpg,Mopeful Games,2022,"Shooter, Platform, Adventure, Indie",77.58237152707015,"Fashion Police Squad is a humorous retro FPS where you fight against fashion crime using attire enhancing weaponry. Clean the streets off of socks in sandals as Sergeant Des, and experience a single player story full of fabulous characters, dazzling encounters and fierce runway shows!",https://www.igdb.com/games/fashion-police-squad
530,Virtua Fighter 4,Luta,SEGA,PlayStation 2,04/05/2025,0.2,2001,-,,1552,Virtua Fighter 4,https://images.igdb.com/igdb/image/upload/t_cover_big/co849r.jpg,Sega AM2,2001,Fighting,71.0922428106406,"Virtual Fighter 4 is the fourth game in the Virtua Fighter series. In Japan, Virtua Fighter 4 is famous for spearheading and opening the market for internet functionality in arcades. VF.NET started in Japan in 2001, and since companies have created their own arcade networks, e-Amusement by Konami, NESiCAxLive by Taito and Square Enix, and ALL.Net by Sega and Bandai Namco.",https://www.igdb.com/games/virtua-fighter-4
531,Death Stranding: Director's Cut,Ação,Kojima Productions,PC,07/05/2025,42.08,2021,-,Linux,152063,Death Stranding: Director's Cut,https://images.igdb.com/igdb/image/upload/t_cover_big/cobksg.jpg,Kojima Productions,2021,"Shooter, Role-playing (RPG), Adventure",88.40774555183575,"Death Stranding is an action game set in a post-apocalyptic United States. Players control Sam Porter Bridges, a courier tasked with reconnecting isolated cities via a communication network while delivering essential cargo. The gameplay blends traversal, resource management, and narrative elements, with a focus on social connectivity through asynchronous multiplayer. It is known for its unique mechanics, atmospheric world, and philosophical themes. The Director's Cut includes more character action, extended storylines through new missions and a unique Social Strand System to stay connected with other players around the globe.",https://www.igdb.com/games/death-stranding-directors-cut
532,Mafia III: Definitive Edition,Ação,Hangar 13,PC,17/05/2025,21.32,2020,-,Linux,134073,Mafia III: Definitive Edition,https://images.igdb.com/igdb/image/upload/t_cover_big/co26zj.jpg,Hangar 13,2020,"Shooter, Adventure",67.97561204358439,"Mafia III: Definitive Edition includes the main game, all Story DLC (Faster, Baby!, Stones Unturned, Sign of the Times) and Bonus Packs (Family Kick-Back Pack and Judge, Jury & Executioner Weapons Pack) bundled in one place for the first time.",https://www.igdb.com/games/mafia-iii-definitive-edition
533,Street Fighter EX3,Luta,Capcom,PlayStation 2,26/05/2025,0.33,2000,Hardcore,,55037,Street Fighter EX3,https://images.igdb.com/igdb/image/upload/t_cover_big/co1p1u.jpg,Arika,2000,Fighting,69.01327219884561,"Street Fighter EX3 is the final game in the Street Fighter EX series series, taking the gameplay and additional moves of EX2, and adding a tag-team element. Multiple characters from the famous Street Fighter series return and clash with Arika's own characters.",https://www.igdb.com/games/street-fighter-ex3
534,The Last of Us Part II Remastered,Survival Horror,Naughty Dog,PC,27/05/2025,23.31,2020,-,Linux,277143,The Last of Us Part II Remastered,https://images.igdb.com/igdb/image/upload/t_cover_big/coa1gr.jpg,Naughty Dog,2024,"Shooter, Adventure",92.00232498313817,Experience the winner of over 300 Game of the Year awards now with an array of technical enhancements that make The Last of Us Part Il Remastered the definitive way to play Ellie and Abby's critically acclaimed story.,https://www.igdb.com/games/the-last-of-us-part-ii-remastered
535,Call of Duty: Vanguard,Tiro em Primeira Pessoa,Activision,PC,30/05/2025,6,2021,-,,165067,Call of Duty: Vanguard,https://images.igdb.com/igdb/image/upload/t_cover_big/co3kq8.jpg,Sledgehammer Games,2021,Shooter,63.27094647777866,"This is WWII combat like never before. Witness the origins of Special Forces as you play a pivotal role and change the face of history, forming Task Force One in a gripping Campaign across four major theaters of war. Become an original Special Forces Operator in an online Multiplayer rich in innovation with 20 maps available at launch. Prepare for a franchise-first, universe-expanding Zombies crossover. Immerse yourself in a fully integrated Call of Duty: Warzone experience featuring a new and massive map. This is the most connected Call of Duty ever, all powered by the next generation Call of Duty engine introduced in Modern Warfare. This is Call of Duty: Vanguard.",https://www.igdb.com/games/call-of-duty-vanguard
536,Call of Duty: Modern Warfare (2019),Tiro em Primeira Pessoa,Activision,PC,01/06/2025,7.33,2019,-,,119177,Call of Duty: Modern Warfare,https://images.igdb.com/igdb/image/upload/t_cover_big/co1rsg.jpg,Infinity Ward,2019,Shooter,79.585107842054,"Call of Duty: Modern Warfare is a first-person shooter that serves as a reboot of the Modern Warfare sub-series. The game features a single-player campaign, cooperative Special Ops missions, and a multiplayer suite with cross-platform play. The campaign emphasizes tactical realism, with morally complex scenarios, civilian threat assessments, and night-vision operations. Multiplayer introduces a revised gunplay system with extensive weapon customization, a Realism mode that removes the HUD, a Ground War mode supporting over 100 players, and a 2v2 Gunfight mode. Post-launch, the game received the free-to-play battle royale mode Warzone. The traditional season pass was replaced with free content updates delivered through seasonal battle passes.",https://www.igdb.com/games/call-of-duty-modern-warfare
537,Mario Kart 8 Deluxe,Corrida,Nintendo,Nintendo Switch,17/06/2025,7,2017,-,,26764,Mario Kart 8 Deluxe,https://images.igdb.com/igdb/image/upload/t_cover_big/co213p.jpg,Nintendo EPD Production Group No. 9,2017,"Racing, Arcade",84.2796888298936,"Hit the road with the definitive version of Mario Kart 8 and play anytime, anywhere! Race your friends or battle them in a revised battle mode on new and returning battle courses. Play locally in up to 4-player multiplayer in 1080p while playing in TV Mode. Every track from the Wii U version, including DLC, makes a glorious return. Plus, the Inklings appear as all-new guest characters, along with returning favorites, such as King Boo, Dry Bones, and Bowser Jr.!",https://www.igdb.com/games/mario-kart-8-deluxe
538,Mario vs. Donkey Kong (2024),Plataforma,Nintendo,Nintendo Switch,23/06/2025,5,2024,-,,266674,Mario vs. Donkey Kong,https://images.igdb.com/igdb/image/upload/t_cover_big/co8eak.jpg,Nintendo Software Technology,2024,"Platform, Puzzle",68.80863511427114,"A remake of the first game in the Mario vs. Donkey Kong series, originally released for the Game Boy Advance. In this puzzle-platformer, the player controls Mario in a quest to recover the Mini Marios kidnapped by his eternal rival, Donkey Kong. Run, jump, and backflip your way to rescuing the stolen Mini-Mario toys in this puzzling twist on Mario action. Obstacles like spikes, moving platforms, and falling bricks stand in your way—put your brain to work and figure out the best way to reach the Mini-Marios.",https://www.igdb.com/games/mario-vs-donkey-kong--1
539,Donkey Kong Country Returns HD,Plataforma,Nintendo,Nintendo Switch,25/06/2025,8,2025,-,,306143,Donkey Kong Country Returns HD,https://images.igdb.com/igdb/image/upload/t_cover_big/cob9sh.jpg,Forever Entertainment S.A.,2025,Platform,82.0211946289531,"Donkey Kong and Diddy Kong are back for some ground-pounding action in this HD version of Donkey Kong Country Returns, originally released on the Wii system. Play solo, or with a buddy in local two-player co-op, in an adventure brimming with hijinks where you can stomp obstacles, send mine carts careening, fly high on rocket barrels and even hitch a ride on Rambi the Rhino. Experience 80 a-peel-ing levels, including the additional ones from the Nintendo 3DS version.",https://www.igdb.com/games/donkey-kong-country-returns-hd
540,Mighty Morphin Power Rangers Rita's Rewind,Beat 'em Up,Digital Eclipse,Nintendo Switch,26/06/2025,4,2024,-,,305016,Mighty Morphin Power Rangers: Rita's Rewind,https://images.igdb.com/igdb/image/upload/t_cover_big/co8zrz.jpg,Digital Eclipse,2024,"Fighting, Hack and slash/Beat 'em up, Arcade",69.90623353274853,"In Mighty Morphin Power Rangers: Rita's Rewind, the team faces off against a robotic reincarnation of the Power Rangers' long-time nemesis. Robo-Rita has conjured a portal to send herself back in time so she can finally vanquish the Power Rangers by forming an alliance with her younger self.",https://www.igdb.com/games/mighty-morphin-power-rangers-ritas-rewind
541,Horizon Chase Turbo,Corrida,Aquiris,Nintendo Switch,30/06/2025,11,2018,-,,96476,Horizon Chase Turbo,https://images.igdb.com/igdb/image/upload/t_cover_big/co27ow.jpg,Aquiris Game Studio,2018,"Racing, Sport, Indie, Arcade",74.46992932012071,"Horizon Chase Turbo is a standalone homage to classic 16-bit racers that defined a generation of high-speed, frenetic arcade fun. The game ignites an instant blast of nostalgia with catchy contemporary chiptune music, split screen multiplayer and retro design with modern gameplay.",https://www.igdb.com/games/horizon-chase-turbo
542,Horizon Chase 2,Corrida,Aquiris,Nintendo Switch,03/07/2025,5,2022,-,,215062,Horizon Chase 2,https://images.igdb.com/igdb/image/upload/t_cover_big/co55i9.jpg,Aquiris Game Studio,2022,"Racing, Sport, Indie, Arcade",69.95885284772312,"Horizon Chase 2 is a classic fast-paced and accessible arcade racing game with a unique art style, thrilling soundtrack, and online multiplayer for all game modes.",https://www.igdb.com/games/horizon-chase-2
543,Sonic Superstars,Plataforma,SEGA,Nintendo Switch,09/07/2025,10,2023,-,,252478,Sonic Superstars,https://images.igdb.com/igdb/image/upload/t_cover_big/cobbw4.jpg,Sonic Team,2023,Platform,70.38872247275494,"Adventure through the mystical Northstar Islands in this all-new take on classic 2D Sonic high-speed action platforming. Play as Sonic, Tails, Knuckles, and Amy Rose and harness all-new Emerald powers to move and attack in dynamic new ways. Navigate gorgeous, never-before-seen environments solo or with up to 3 other players and stop Dr. Eggman, Fang, and a mysterious new adversary from converting the islands' giant animals into Badniks before it's too late!",https://www.igdb.com/games/sonic-superstars
544,Princess Peach Showtime!,Plataforma,Nintendo,Nintendo Switch,17/07/2025,12,2024,-,,254340,Princess Peach: Showtime!,https://images.igdb.com/igdb/image/upload/t_cover_big/cobaup.jpg,Good-Feel,2024,"Hack and slash/Beat 'em up, Adventure",65.25342791546665,"The wicked Grape and the Sour Bunch have taken over the Sparkle Theater, and now it's up to Peach and the theater's guardian Stella to save the play––and the day! Peach can transform and use fantastic showstopping abilities to face off against the Sour Bunch. Fend off the Sour Bunch with sensational swordplay as a swordfighter...en garde! In another role, Peach puts on her detective hat to find out whodunnit in a museum mystery. From kung fu master to pastry chef, Peach’s roles give you distinctly powerful ways to save the play!",https://www.igdb.com/games/princess-peach-showtime
545,Kirby's Return to Dream Land Deluxe,Plataforma,Nintendo,Nintendo Switch,25/07/2025,11,2023,-,,217565,Kirby's Return to Dream Land Deluxe,https://images.igdb.com/igdb/image/upload/t_cover_big/co8dp2.jpg,HAL Laboratory,2023,"Platform, Adventure",74.46510839850697,"The tough puff Kirby is back for a 4-player* platforming adventure. Copy enemies’ abilities and use their power to attack with a sword, wield a whip, and float with a parasol. You can also laser blast with the new Mecha Copy Ability that makes a series debut! The extra muscle will be handy in finding missing pieces for Magolor’s ship, which crash landed on Planet Popstar. Float and fight along with friends on the same system, where each player can control another Kirby or one of Kirby’s iconic friends like King Dedede, Meta Knight, and Bandana Waddle Dee.",https://www.igdb.com/games/kirbys-return-to-dream-land-deluxe
546,Anime Studio Story,Gerenciamento,Kairosoft,Nintendo Switch,01/08/2025,10,2020,-,,58912,Anime Studio Story,https://images.igdb.com/igdb/image/upload/t_cover_big/co57x1.jpg,Kairosoft,2014,"Simulator, Strategy, Adventure, Indie",,"Produce your own hit anime starring a character of your making! Select a face, body, and presto! Your completed hero can then explode onto the scene of your show, wowing watchers to rule the rankings! Categories include ""Dateability,"" ""Popular with Kids,"" and more! As the animaestro, only you can bring status to your studio! Speaking of your studio, equip it with a library, motion capture room, and even a theater! Educate your staff in the anime way to craft a classic that will echo through the generations! Ready to hit the drawing board? Try searching for ""Kairosoft"" to see all of our games!!",https://www.igdb.com/games/anime-studio-story
547,Ninja Gaiden: Ragebound,Plataforma,Dotemu,Nintendo Switch,04/08/2025,10,2025,-,,325580,Ninja Gaiden: Ragebound,https://images.igdb.com/igdb/image/upload/t_cover_big/co9qrg.jpg,The Game Kitchen,2025,"Platform, Hack and slash/Beat 'em up, Adventure, Indie, Arcade",85.50802095309557,"A brand-new side-scrolling entry to the NINJA GAIDEN series from the team behind Blasphemous, NINJA GAIDEN: Ragebound redefines the classic platformer saga in a spectacular, thrilling and challenging ninja adventure.",https://www.igdb.com/games/ninja-gaiden-ragebound
548,Metroid: Zero Mission,Metroidvania,Nintendo,Gameboy Advance,11/08/2025,13.5,2004,Hardcore,,1107,Metroid: Zero Mission,https://images.igdb.com/igdb/image/upload/t_cover_big/co1vci.jpg,Nintendo R&D1,2004,"Shooter, Platform, Adventure",85.99497800631954,"The full story of Samus Aran's first mission finally unfolds... The first Metroid game just scratched the surface of the cataclysmic events on planet Zebes, and at long last the rest of the tale has come to light. Experience the first of Samus's legendary adventures through all-new cut-scenes and action sequences as the bounty hunter races through the deeps toward her showdown with the leader of the Space Pirates. But will the end of Mother Brain really mean the end of the story...? Completion of the game unlocks an emulated version of the original Metroid game. Zero Mission also allow players to unlock the Metroid Fusion picture gallery by linking between Zero Mission and Fusion cartridges via the Game Boy Advance Game Link Cable.",https://www.igdb.com/games/metroid-zero-mission
549,Kirby: Nightmare in Dream Land,Plataforma,Nintendo,Gameboy Advance,14/08/2025,3.26,2002,Hardcore,,3726,Kirby: Nightmare in Dream Land,https://images.igdb.com/igdb/image/upload/t_cover_big/co1wcd.jpg,HAL Laboratory,2002,"Platform, Adventure",82.40636179250828,A remake of the original Kirby's Adventure for the NES.,https://www.igdb.com/games/kirby-nightmare-in-dream-land
550,The Legend of Zelda: The Minish Cap,RPG de Ação,Capcom,Gameboy Advance,23/08/2025,28.5,2004,Hardcore,,1035,The Legend of Zelda: The Minish Cap,https://images.igdb.com/igdb/image/upload/t_cover_big/co3nsk.jpg,Capcom Production Studio 1,2004,"Puzzle, Adventure",84.46955802211113,"The Legend of Zelda: The Minish Cap is a top-down action adventure game that tells the origins of the evil Vaati from Four Swords. Like most other titles in the series, The Minish Cap features the fully explorable land of Hyrule, although it can be viewed from the eyes of a human or the eyes of a Minish, a race of tiny people and an alternate form that Link can transform into. Unlike the multiplayer focus of the other games in the series, The Minish Cap retains the original form of exploration and dungeons as seen in A Link to the Past, Oracle of Seasons, and Oracle of Ages, as well as returning characters and game mechanics such as Malon and the Spin Attack. New features include fusing Kinstones and shrinking to the size of a Minish.",https://www.igdb.com/games/the-legend-of-zelda-the-minish-cap
551,Borderlands: The Pre-Sequel,Tiro em Primeira Pessoa,2K Games,PC,29/08/2025,16.5,2014,-,,6032,Borderlands: The Pre-Sequel,https://images.igdb.com/igdb/image/upload/t_cover_big/co20tq.jpg,2K Australia,2014,"Shooter, Role-playing (RPG)",71.8508699010138,"Shoot 'n' loot your way through a brand new adventure that rockets you onto Pandora's moon in Borderlands: The Pre-Sequel. Discover the story behind Borderlands 2’s villain, Handsome Jack, and his rise to power in this brand new game in the Borderlands series. Taking place between the original Borderlands and Borderlands 2, the Pre-Sequel gives you a whole lotta new gameplay featuring the genre fusion of shooter and RPG gameplay that players can’t get enough of. Get high in low gravity and launch across the moonscape to take enemies down from above using new ice and laser weapons. Catch-a-ride on the lunar landscape with new vehicles equipped with deadly weapons allowing for more levels of destructive mayhem. So grab a friend (or two, or three), strap on a rocket, and take off on a brand new Borderlands adventure",https://www.igdb.com/games/borderlands-the-pre-sequel
552,Theatrhythm Final Bar Line,Musical,Square Enix,Nintendo Switch,12/09/2025,7.33,2023,-,,217556,Theatrhythm Final Bar Line,https://images.igdb.com/igdb/image/upload/t_cover_big/co7dnm.jpg,"indieszero Co., Ltd.",2023,"Music, Role-playing (RPG)",80.0825696659796,"Theatrhythm Final Bar Line is a game in the Final Fantasy musical spin-off series, packed with 385 music tracks from across the whole Final Fantasy series.",https://www.igdb.com/games/theatrhythm-final-bar-line
553,Sonic Racing: CrossWorlds,Corrida,SEGA,Nintendo Switch,01/10/2025,3,2025,-,,325608,Sonic Racing: CrossWorlds,https://images.igdb.com/igdb/image/upload/t_cover_big/co9e16.jpg,Sonic Team,2025,"Racing, Sport, Adventure",71.82781442183736,"Race across land, sea, air, space, and time in Sonic Racing: CrossWorlds! Warp through Travel Rings into new dimensions where something new awaits around every twist and turn.",https://www.igdb.com/games/sonic-racing-crossworlds
554,James Bond 007: From Russia with Love,Tiro em Terceira Pessoa,EA,PlayStation 2,02/10/2025,7.58,2005,Hardcore,,1645,James Bond 007: From Russia with Love,https://images.igdb.com/igdb/image/upload/t_cover_big/co3dlt.jpg,EA Redwood Shores,2005,"Shooter, Racing",72.35755459844111,"James Bond 007: From Russia with Love is a video game featuring Ian Fleming's secret agent, James Bond. The game is based on the 1957 novel and the 1963 film of the same name, albeit adding in new scenes to make the game more action-oriented, as well as changing the affiliation of the main villains. Additionally, it features many elements of earlier Bond films to recreate the feel of the era such as the jet pack from Thunderball (1965) and the Aston Martin DB5 that debuted in Goldfinger (1964). From Russia with Love is also notable in that it is the first video game to use Sean Connery's likeness as James Bond and the first to include all new voice work by the actor. From Russia with Love is the last James Bond video game EA Games marketed before they lost the rights to Activision in 2006.",https://www.igdb.com/games/james-bond-007-from-russia-with-love
555,James Bond 007: Agent Under Fire,Tiro em Primeira Pessoa,EA,PlayStation 2,06/10/2025,9,2001,Hardcore,,1643,James Bond 007: Agent Under Fire,https://images.igdb.com/igdb/image/upload/t_cover_big/co26dr.jpg,EA Redwood Shores,2001,Shooter,63.50250238887423,"James Bond 007: Agent Under Fire is the first James Bond game to appear on the PlayStation 2, GameCube, and Xbox. The game casts the player as the legendary James Bond who must accomplish missions throughout different areas of the world. Bond is sent on a mission rescue Zoe Nightshade, a CIA agent in the hands of Nigel Bloch. Nigel Bloch is the CEO of Identicon, a section of a highly successful industry company known as Malprave industries. Bond is also tasked to retrieve the set of DNA samples that are in Identicon's hands. So James Bond sets off on another adventure... The game combines three game modes into one package: first-person-shooter, which is what most of the missions are, a rail-shooter, where the player only controls firing, and a driving game, where the player drives one of the many Bond cars. Numerous weapons have been added to the series, along with some fictional weapons like the Photon cannon and the 5-way grenade launcher. The player can utilize a wide array of gadgets and weapons, like the Q-Claw, Q-Decoder, and Bond's trusty Walther handgun. There is a large variety of missions, and Bond can go through most missions with weapons, or take a stealthy approach. The player is also rated in each level, based on score and difficulty level, and can unlock new features for both single and multiplayer.",https://www.igdb.com/games/james-bond-007-agent-under-fire
556,James Bond 007: Nightfire,Tiro em Primeira Pessoa,EA,PlayStation 2,09/10/2025,8.25,2002,Hardcore,,1631,James Bond 007: Nightfire,https://images.igdb.com/igdb/image/upload/t_cover_big/co26dt.jpg,Eurocom Entertainment Software,2002,Shooter,74.55961887353904,"007: Nightfire is a first-person shooter featuring the character of the British secret agent James Bond and a sequel to Agent Under Fire. The game marked Pierce Brosnan's fourth appearance as James Bond before the release of his fourth and final Bond film Die Another Day. His likeness was featured in the game, but not his voice, which was provided by Maxwell Caulfield. Overall there are many weapons that the player can carry including grenades of various sorts and other types of explosives. In addition, there are numerous amounts of mounted weapons found throughout the game. As with previous James Bond games, the weapons that appear are based on actual weapons, but with the names changed. Some weapons appear in the console version but not the PC version, and vice-versa.",https://www.igdb.com/games/james-bond-007-nightfire
557,James Bond 007: Everything or Nothing,Tiro em Terceira Pessoa,EA,PlayStation 2,13/10/2025,6,2004,Hardcore,,1644,James Bond 007: Everything or Nothing,https://images.igdb.com/igdb/image/upload/t_cover_big/co21s1.jpg,EA Redwood Shores,2004,"Shooter, Adventure",74.49512198475041,"Returning as James Bond is Pierce Brosnan, who will lend his cyberscanned likeness and voice to the character. The rest of the cast will include new Bond girls (Shannon Elizabeth and Heidi Klum) as well as old and new Bond villains. The original script will take players through exciting locales in four continents including the Valley of the Kings in Egypt and the French Quarter in New Orleans.",https://www.igdb.com/games/james-bond-007-everything-or-nothing
558,Star Fox Zero,Shmup,Nintendo,Nintendo Wii U,20/10/2025,5.28,2016,-,,11196,Star Fox Zero,https://images.igdb.com/igdb/image/upload/t_cover_big/coba3i.jpg,PlatinumGames,2016,"Shooter, Adventure",58.31637443532112,"Fox, Falco, Peppy and Slippy save the Lylat system in this new deep space dogfighting adventure. Using the Wii U GamePad controller and the TV together creates a unique interface that allows players to experience the game with two different viewpoints within the Arwing – aim and shoot enemies in one direction while flying in another. This frees up the TV for a more cinematic flight experience. Then, pilot the Arwing with its new Walker transformation, along with the new Gyrowing and the Landmaster Tank, to traverse interplanetary terrain.",https://www.igdb.com/games/star-fox-zero
559,Star Fox: Assault,Shmup,Nintendo,Nintendo GameCube,24/10/2025,9.7799999999999994,2005,Hardcore,,3243,Star Fox: Assault,https://images.igdb.com/igdb/image/upload/t_cover_big/co1pem.jpg,Namco,2005,Shooter,68.02819765277403,"Step into the guise of furry flyboy Fox McCloud as he returns to take on his deadliest enemy; wingmen Slippy Toad, Peppy Hare and Falco Lombardi are covering your back, as you take on hordes of intergalactic hostiles on land and in air. Hop into Arwings for aerial skirmishes and Landmaster Tanks for ground-based confrontations, or simply run around on foot dispensing laser justice; the searing single player adventure is a total blast, while the glorious four-way split-screen mode is sure to keep you and your friends coming back for more. With sniper rifles and rocket launchers, this is one Fox you don't want to mess with!",https://www.igdb.com/games/star-fox-assault
560,Mortal Kombat,Luta,Midway Interactive,Sega MegaDrive,01/11/2025,0.67,1993,-,,242240,Mortal Kombat,https://images.igdb.com/igdb/image/upload/t_cover_big/co69zh.jpg,Midway,1993,Fighting,61.66454274237688,"Mortal Kombat is a side-scrolling fighting game. Fighting is set as one-on-one combat, allowing each player to perform a variety of punches, kicks, and special moves in order to defeat their opponent. When the opponent faces their second round loss, the winner can perform a finishing move called a ""Fatality"" on the loser. The Fatality is a move unique to each fighter that graphically kills the loser in a blood-soaked finale.",https://www.igdb.com/games/mortal-kombat--8
561,Mortal Kombat II,Luta,Midway Interactive,Sega 32X,01/11/2025,0.5,1994,-,,1619,Mortal Kombat II,https://images.igdb.com/igdb/image/upload/t_cover_big/co6bxu.jpg,Midway,1994,"Fighting, Arcade",76.4510647615818,"Mortal Kombat II is a fighting game originally developed by Midway for arcades in 1993. It serves as the second main installment in the Mortal Kombat franchise and follows the success of its predecessor by enhancing the gameplay and further developing the original game's mythos. Mortal Kombat II introduces more varied finishing moves and several iconic characters, such as Kitana, Mileena, Kung Lao, the hidden character Noob Saibot, and the series' recurring villain, Shao Kahn.",https://www.igdb.com/games/mortal-kombat-ii
562,Mortal Kombat III,Luta,Midway Interactive,Sega MegaDrive,01/11/2025,0.5,1995,-,,242251,Mortal Kombat 3,https://images.igdb.com/igdb/image/upload/t_cover_big/co6a00.jpg,Software Creations,1995,Fighting,,Game Boy port of Mortal Kombat 3.,https://www.igdb.com/games/mortal-kombat-3--3
563,Ultimate Mortal Kombat III,Luta,Midway Interactive,Super Nintendo,01/11/2025,1,1995,-,,1621,Ultimate Mortal Kombat 3,https://images.igdb.com/igdb/image/upload/t_cover_big/co65ka.jpg,Electronic Arts,1995,Fighting,80.0616485194324,"Ultimate Mortal Kombat 3 combines the best of all the Mortal Kombats into a single cartridge. 23 playable characters are immediately available, such as Reptile, Cyrax, Scorpion, Sub-Zero, Jax, Katana, Sonya, and more. There are two bosses that are unlockable, as well as additional characters and a variety of new levels, some of which are interactive. Players can go against the computer one-on-one, two-on-two, or take part in the 8-fighter tournament.",https://www.igdb.com/games/ultimate-mortal-kombat-3
564,Clair Obscur: Expedition 33,RPG,Sandfall Interactive,PC,09/11/2025,36.33,2025,-,Linux,305152,Clair Obscur: Expedition 33,https://images.igdb.com/igdb/image/upload/t_cover_big/co9gam.jpg,Sandfall Interactive,2025,"Role-playing (RPG), Turn-based strategy (TBS), Adventure, Indie",91.97176234482201,Lead the members of Expedition 33 on their quest to destroy the Paintress so that she can never paint death again. Explore a world of wonders inspired by Belle Époque France and battle unique enemies in this turn-based RPG with real-time mechanics.,https://www.igdb.com/games/clair-obscur-expedition-33
565,Starlink: Battle for Atlas,Aventura,Ubisoft,Nintendo Switch,10/11/2025,20,2018,-,,317065,Starlink: Battle for Atlas,https://images.igdb.com/igdb/image/upload/t_cover_big/co8yv7.jpg,Ubisoft Toronto,2018,"Shooter, Real Time Strategy (RTS), Role-playing (RPG), Simulator, Strategy, Adventure, Arcade",,Exclusive to the Nintendo Switch version of the game is an appearance by the Star Fox team from the series of the same name.,https://www.igdb.com/games/starlink-battle-for-atlas--1
566,Dispatch,Point and Click,ADHoc Studios,PC,14/11/2025,8,2025,-,Linux,325609,Dispatch,https://images.igdb.com/igdb/image/upload/t_cover_big/cob5ql.jpg,AdHoc Studio,2025,"Point-and-click, Strategy, Adventure, Indie",86.88192902545886,"Dispatch is a superhero workplace comedy where choices matter. Manage a dysfunctional team of misfit heroes and strategize who to send to emergencies around the city, all while balancing office politics, personal relationships, and your own quest to become a hero.",https://www.igdb.com/games/dispatch--3
567,Super Mario Maker 2,Plataforma,Nintendo,Nintendo Switch,23/11/2025,6.87,2019,-,,115276,Super Mario Maker 2,https://images.igdb.com/igdb/image/upload/t_cover_big/co21vy.jpg,Nintendo EPD Production Group No. 10,2019,Platform,81.07105310841361,"A side-scrolling Mario adventure that unleashes the creative potential of Super Mario Maker 2 awaits in Story Mode, which contains over 100 built-in courses. And in Course Maker, a wide range of parts, tools, and more are available so you can construct your own courses. Want coin-shooting cannons? Bowser riding on a giant Goomba? Cat Mario sliding down slopes to take out an army of baddies? Go for it! You call the shots. Pass a Joy-Con controller to a partner to build co-operatively on a single system!",https://www.igdb.com/games/super-mario-maker-2
568,Mortal Kombat 1 (2023),Luta,Netherrealm Studios,PC,27/11/2025,15,2023,-,Linux,239392,Mortal Kombat 1,https://images.igdb.com/igdb/image/upload/t_cover_big/co9b8f.jpg,NetherRealm Studios,2023,"Fighting, Adventure",75.99439060124837,"A new era has begun. It's In Our Blood. Discover a reborn Mortal Kombat Universe created by Fire God Liu Kang. Mortal Kombat 1 ushers in a new era of the iconic franchise with a new fighting system, game modes, and Fatalities!",https://www.igdb.com/games/mortal-kombat-1--1
569,Hot Wheels Unleashed,Corrida,Milestone,Nintendo Switch,27/11/2025,10.5,2021,-,,144072,Hot Wheels Unleashed,https://images.igdb.com/igdb/image/upload/t_cover_big/co2u4x.jpg,Milestone,2021,"Racing, Arcade",71.5348940085257,"Collect the best vehicles in the Hot Wheels universe, build spectacular tracks and dive into breathtaking races. The most iconic and sought after Hot Wheels vehicles are waiting for you. Get ready to make them race at full speed!",https://www.igdb.com/games/hot-wheels-unleashed
570,Hot Wheels Unleashed 2: Turbocharged,Corrida,Milestone,Nintendo Switch,11/12/2025,14.75,2023,-,,251471,Hot Wheels Unleashed 2: Turbocharged,https://images.igdb.com/igdb/image/upload/t_cover_big/co6kko.jpg,Milestone,2023,"Racing, Simulator, Sport, Arcade",65.23820669423857,"The world’s raddest cars are back and taking the fun to the next level! Race over 130 vehicles with crazy new mechanics and even more vehicle types. Plus, build your tracks with stunning new environments and different game modes to have fun off and online!",https://www.igdb.com/games/hot-wheels-unleashed-2-turbocharged
571,Terminator 2D: No Fate,Run and Gun,Reef Entertainment,Nintendo Switch,12/12/2025,0.75,2025,-,,327500,Terminator 2D: No Fate,https://images.igdb.com/igdb/image/upload/t_cover_big/co9s6r.jpg,Bitmap Bureau,2025,"Shooter, Platform, Arcade",71.90706020990744,"Experience the thrill of Terminator 2: Judgment Day with arcade action & pixel-perfect graphics! In this unique story blending iconic scenes from the movie with original scenarios and multiple endings, humanity’s fate is yours to decide.",https://www.igdb.com/games/terminator-2d-no-fate
572,Marvel Cosmic Invasion,Beat 'em Up,Dotemu,Nintendo Switch,13/12/2025,5.9,2025,-,,337035,Marvel Cosmic Invasion,https://images.igdb.com/igdb/image/upload/t_cover_big/coakkw.jpg,Tribute Games,2025,"Fighting, Hack and slash/Beat 'em up, Adventure, Indie, Arcade",76.13171727817848,"Marvel Cosmic Invasion is a side-scrolling beat 'em up featuring 15 playable Marvel heroes. Designed in the style of classic 1990s arcade brawlers, the game allows players to switch between two characters mid-battle using the Cosmic Swap mechanic. Each hero brings unique abilities and team-up attacks, with additional upgrades and rewards becoming available as players progress.",https://www.igdb.com/games/marvel-cosmic-invasion
573,Shinobi: Art of Vengeance,Plataforma,SEGA,Nintendo Switch,18/12/2025,12,2025,-,,279630,Shinobi: Art of Vengeance,https://images.igdb.com/igdb/image/upload/t_cover_big/co9e1j.jpg,Lizardcube,2025,"Platform, Hack and slash/Beat 'em up",90.74480449200833,"Slay the enemies in the silence of the moment. Run through the world of Shinobi full of monsters and ninja actions. Grab Oborozuki, the legendary sword, and slay evil once more. Your clan and the world are counting on you.",https://www.igdb.com/games/shinobi-art-of-vengeance
574,Granblue Fantasy: Relink,RPG de Ação,CyGames,PC,27/12/2025,23.3,2024,-,Linux,22788,Granblue Fantasy: Relink,https://images.igdb.com/igdb/image/upload/t_cover_big/co7ptq.jpg,Cygames Osaka,2024,"Role-playing (RPG), Hack and slash/Beat 'em up, Adventure",78.05776484527166,A grand adventure in the skies awaits! Form a party of four from a diverse roster of skyfarers and slash—or shoot or hex—your way to victory against treacherous foes in this action RPG. Take on quests solo or with the help of others in up to 4-player co-op play!,https://www.igdb.com/games/granblue-fantasy-relink
575,Beyond Two Souls,Jogo Interativo,Quantic Dream,PC,27/12/2025,15.5,2013,-,Linux,1342,Beyond: Two Souls,https://images.igdb.com/igdb/image/upload/t_cover_big/co8r4w.jpg,Quantic Dream,2013,Adventure,72.77471508222408,"A unique psychological action thriller delivered by A-list Hollywood performances by Elliot Page and Willem Dafoe, Beyond: Two Souls takes you on a thrilling journey across the globe as you play out the remarkable life of Jodie Holmes.",https://www.igdb.com/games/beyond-two-souls
576,Street Fighter V,Luta,Capcom,PC,28/12/2025,5.0999999999999996,2016,-,Linux,8258,Street Fighter V,https://images.igdb.com/igdb/image/upload/t_cover_big/co1pka.jpg,Capcom,2016,"Fighting, Arcade",72.58319307860666,"Experience the intensity of head-to-head battle with Street Fighter V! Choose from 16 iconic characters, each with their own personal story and unique training challenges, then battle against friends online or offline with a robust variety of match options. Earn Fight Money in Ranked Matches, play for fun in Casual Matches or invite friends into a Battle Lounge and see who comes out on top!",https://www.igdb.com/games/street-fighter-v
577,Final Fantasy XV: Windows Edition,RPG de Ação,Square Enix,PC,01/01/2026,28.28,2016,-,Linux,55034,Final Fantasy XV: Windows Edition,https://images.igdb.com/igdb/image/upload/t_cover_big/co205r.jpg,Square Enix Business Division 2,2018,"Role-playing (RPG), Hack and slash/Beat 'em up, Adventure",71.7271349411025,"Get ready to be at the centre of the ultimate fantasy adventure, now for Windows PC. Joined by your closest friends on the roadtrip of a lifetime through a breathtaking open world, witness stunning landscapes and encounter larger-than-life beasts on your journey to reclaim your homeland from an unimaginable foe. In an action-packed battle system, channel the power of your ancestors to warp effortlessly through the air in thrilling combat, and together with your comrades, master the skills of weaponry, magic and team-based attacks. Now realised with the power of cutting-edge technology for Windows PCs, including support for high-resolution displays and HDR10, the beautiful and carefully-crafted experience of FINAL FANTASY XV can be explored like never before.",https://www.igdb.com/games/final-fantasy-xv-windows-edition
578,Forza Horizon,Corrida,Playground Studios,Xbox 360,24/01/2026,15.3,2012,-,,22201,Forza Horizon: Rally,https://images.igdb.com/igdb/image/upload/t_cover_big/co7ste.jpg,Playground Games,2012,Racing,,Experience the thrill and danger of rally in epic new stages that push you and your cars to the limit as your co-driver alerts you to severe terrain changes and hazards ahead. Race 5 new iconic rally cars or create your own dirt-eating machines with new rally upgrades that can be applied to any car in your Forza Horizon garage.,https://www.igdb.com/games/forza-horizon-rally
579,Final Fantasy XVI,RPG de Ação,Square Enix,PC,25/01/2026,58.6,2023,-,,31551,Final Fantasy XVI,https://images.igdb.com/igdb/image/upload/t_cover_big/cobd9i.jpg,Square Enix Creative Business Unit III,2023,"Role-playing (RPG), Adventure",82.63052509198226,"A single-player action RPG set in a high-fantasy world where warring nations and powerful summoned Eikons shape political intrigue and personal vengeance. Players control Clive, a former shield bearer whose life is upended by tragedy. Engage in fast-paced, tactical real-time combat that blends heavy weapons, Eikon-driven abilities, and cinematic set pieces. Deeply narrative-driven, the game emphasizes character development, expansive locales to explore, and dramatic boss encounters while offering layered combat customization through combos, parries, and skill upgrades.",https://www.igdb.com/games/final-fantasy-xvi
580,Resident Evil: Director's Cut,Survival Horror,Capcom,PlayStation,01/02/2026,11.26,1997,Hardcore,,23377,Resident Evil: Director's Cut,https://images.igdb.com/igdb/image/upload/t_cover_big/co2w3m.jpg,Capcom Planning Room 2,1997,"Shooter, Puzzle, Adventure",78.16619935100152,"Resident Evil: Director's Cut is an arranged version of the original game produced to compensate for the highly publicized delay of the sequel Resident Evil 2. The game contains a new arranged mode with various changes made to the game. The original release of the Director's Cut advertised an uncut version of the opening cinema in full colour and never-before-seen. Notable aspects of this video include shots of a corpse with bites taken out of the face, close-ups of zombie dogs bleeding when shot, and graphic quick-cuts of Joseph being bitten by these dogs.",https://www.igdb.com/games/resident-evil-directors-cut
581,Forza Horizon 2,Corrida,Sumo Digital,Xbox 360,05/02/2026,8.67,2014,-,,7326,Forza Horizon 2,https://images.igdb.com/igdb/image/upload/t_cover_big/co2f5s.jpg,Sumo Digital,2014,"Racing, Simulator",82.58915937078726,"Race through a massive wide-open world featuring dramatic weather and day-to-night cycle in Forza Horizon 2. Instantly connect with friends in the ultimate celebration of speed, style, and action-packed driving. Explore beautiful and exotic locations in more than 200 of the world’s greatest cars, all created with precise detail in stunning 1080p.",https://www.igdb.com/games/forza-horizon-2
582,Resident Evil Survivor,Rail Shooter,Capcom,PlayStation,06/02/2026,3,2000,Hardcore,,967,Resident Evil Survivor,https://images.igdb.com/igdb/image/upload/t_cover_big/co3tp5.jpg,Tose,2000,"Shooter, Puzzle",57.74742567961642,"Resident Evil Survivor is the first Resident Evil title to be rendered in real time as opposed to making use of pre-rendered backdrops. Levels are explored in first person, and when enemies are encountered the press of a button will bring up a targeting reticle for shooting. As with most light-gun games there is infinite pistol ammunition available, but limited ammunition for more powerful weapons. At the end of each level two doors are presented which both lead to different levels, although all paths eventually lead to the same ending.",https://www.igdb.com/games/resident-evil-survivor
583,Gunstar Super Heroes,Run and Gun,SEGA,Gameboy Advance,15/02/2026,1.75,2005,Softcore,,6422,Gunstar Super Heroes,https://images.igdb.com/igdb/image/upload/t_cover_big/co2xj5.jpg,Treasure,2005,"Shooter, Platform, Arcade",79.90298988653949,"Blue and Red, the lead characters in Gunstar Super Heroes, must once again keep a stone of great power from falling into the hands of an evil empire intent on resurrecting the God of Ruin. Blue and Red take on the same adventure using different paths, effectively making for two unique play-through experiences. Players will tackle six wildly inventive levels and take on gigantic bosses that fill the entire Game Boy Advance screen.",https://www.igdb.com/games/gunstar-super-heroes
584,Aero Fighters,Shmup,Khaos,Super Nintendo,18/02/2026,0.75,1993,Softcore,,306980,Aero Fighters,https://images.igdb.com/igdb/image/upload/t_cover_big/coa9je.jpg,Khaos,1993,Shooter,,"The SNES port of Aero Fighters is one of the rarest standard North American releases, produced in very limited quanitities.",https://www.igdb.com/games/aero-fighters--1
585,The Mask,Plataforma,Black Pearl Software,Super Nintendo,19/02/2026,2.75,1995,Softcore,,42730,The Mask,https://images.igdb.com/igdb/image/upload/t_cover_big/co4ane.jpg,Black Pearl Software,1995,Platform,64.94821857321777,"The Mask is based on the movie with the same name. The story follows poor guy Stanley Ipkiss who finds a mysterious mask and is given mysterious powers from it.. As in the movie, Stanley (aka The Mask) has some funny weapons, like the Guns, the Horn, the Hammer and the ability to transform into a big Tornado. He battles through levels inspired by the movie, including his apartment, the city streets, the bank, the park, the jail, and the night club for the final showdown.",https://www.igdb.com/games/the-mask
586,Ice Climber,Plataforma,Nintendo,Nintendo 8-bits,21/02/2026,2.0299999999999998,1985,Softcore,,3666,Ice Climber,https://images.igdb.com/igdb/image/upload/t_cover_big/co42t4.jpg,Nintendo,1985,"Platform, Arcade",64.10653228120778,"If you can break through 8 levels of treacherous arctic ice, you'll reach the top of the mountain! But watch out. The Nitpickers, Condors, and Polar Bears don't want you up there. And they've got a bag of tricks that will test every ounce of your strength and courage. Are you going to let them stop you? No way! There are 32 mountains to choose from and endless thrills as you fight these arctic creatures alone or with a friend, and ascend to the top of the mountain in Ice Climber!",https://www.igdb.com/games/ice-climber
587,Galaga (Arcade Classic No. 3),Shmup,Namco,Gameboy,24/02/2026,0.75,1995,Softcore,,254287,Galaga,https://images.igdb.com/igdb/image/upload/t_cover_big/co6njs.jpg,Namco Limited,1986,Shooter,,Atari 7800 port of Galaga.,https://www.igdb.com/games/galaga--2
588,Galaxian (Arcade Classic No. 3),Shmup,Namco,Gameboy,24/02/2026,0.75,1995,Softcore,,4614,Galaxian,https://images.igdb.com/igdb/image/upload/t_cover_big/co27k5.jpg,Namco,1979,"Shooter, Arcade",73.81030025441885,"Galaxian is a shooter arcade game developed by Namco in 1979. It was released by Namco in Japan and a few months later by Midway Games in North America. The game was developed to compete with Taito Corporation's Space Invaders, released a year earlier, and featured a similar space theme. The player controls a space ship in the bottom part of the screen and shoots at enemies descending from the top of the screen. The game was received very well by the public and has continued to be a game with a competitive community to this day. It was followed by a successful sequel called Galaga in 1981 and two less known sequels called Gaplus in 1984 and Galaga '88 in 1987. Galaxian was one of the most popular games in the golden age of arcade video games.",https://www.igdb.com/games/galaxian
589,Bomberman GB,Ação,Hudson Soft,Gameboy,02/03/2026,6.33,1995,Hardcore,,135909,Bomberman GB,https://images.igdb.com/igdb/image/upload/t_cover_big/co5u5u.jpg,Hudson Soft,1995,Arcade,,"A Bomberman named Indy Bomber sets out on a long journey to uncover a legendary treasure called the Ring of Wishes. He discovers a scripture and begins reading it, but soon falls into a trap in the floor and ends up in a cave. Now he must find hs way out of the cave and find the Ring of Wishes!",https://www.igdb.com/games/bomberman-gb--1
590,Resident Evil: Requiem,Survival Horror,Capcom,PC,05/03/2026,10.75,2026,-,,347668,Resident Evil Requiem,https://images.igdb.com/igdb/image/upload/t_cover_big/cobmj0.jpg,Capcom Development Division 1,2026,"Shooter, Puzzle, Adventure",89.42901900119573,"Resident Evil Requiem is the ninth entry in the Resident Evil series. Experience terrifying survival horror with FBI analyst Grace Ashcroft, and dive into pulse-pounding action with legendary agent Leon S. Kennedy. Both of their journeys and unique gameplay styles intertwine into a heart-stopping, emotional experience that will chill you to your core.",https://www.igdb.com/games/resident-evil-requiem
591,Star Wars Jedi Fallen Order,Aventura,EA,PC,17/03/2026,29,2018,-,,74701,Star Wars Jedi: Fallen Order,https://images.igdb.com/igdb/image/upload/t_cover_big/co1rbi.jpg,Respawn Entertainment,2019,Adventure,80.88042966366217,"Star Wars Jedi: Fallen Order is a narratively driven, single-player game puts you in the role of a Jedi Padawan who narrowly escaped the purge of Order 66 following the events of Episode III: Revenge of the Sith. On a quest to rebuild the Jedi Order, you must pick up the pieces of your shattered past to complete your training, develop new powerful Force abilities and master the art of the iconic lightsaber - all while staying one step ahead of the Empire and its deadly Inquisitors.",https://www.igdb.com/games/star-wars-jedi-fallen-order
592,Doom: The Dark Ages,FPS,Bethesda,PC,20/03/2026,23,2025,-,,302704,Doom: The Dark Ages,https://images.igdb.com/igdb/image/upload/t_cover_big/co9b3o.jpg,id Software,2025,Shooter,82.34049122764182,"A single-player first-person shooter and prequel to Doom (2016). Set in the dark medieval world of Argent D'Nur, players control the Doom Slayer in a grounded, weighty combat style that emphasizes strategic engagements over the acrobatic mobility of previous entries. The game introduces a Shield Saw for blocking and parrying, new melee weapons, and drivable vehicles including a cybernetic dragon and a massive mech. The narrative focuses on the Slayer's origin story with expanded cutscenes and character development.",https://www.igdb.com/games/doom-the-dark-ages
593,It Takes Two,Aventura,EA Originals,PC,03/05/2026,12,2021,-,,135243,It Takes Two,https://images.igdb.com/igdb/image/upload/t_cover_big/cob22v.jpg,Hazelight Studios,2021,"Platform, Puzzle, Adventure",88.51538202025667,"It Takes Two is a cooperative action-adventure game designed exclusively for two players, playable in local split-screen or online. Players control Cody and May, a married couple transformed into dolls, as they travel through fantastical environments based on their home and relationship. Gameplay combines platforming, puzzle-solving, and action sequences, with each level introducing new mechanics and giving the two characters different abilities that must be used together to progress. The game frequently changes its core mechanics from chapter to chapter, incorporating sections involving shooting, racing, flight, and other genres.",https://www.igdb.com/games/it-takes-two
594,EA Sports UFC 4,Luta,EA,PlayStation 4,08/05/2026,25.2,2020,-,,136560,EA Sports UFC 4,https://images.igdb.com/igdb/image/upload/t_cover_big/co2es1.jpg,EA Vancouver,2020,"Fighting, Sport",69.41137646393055,"In EA SPORTS UFC 4 the fighter you become is shaped by your fight style, your achievements, and your personality. Develop and customize your character through a unified progression system across all modes. Go from unknown amateur to UFC superstar in the new Career Mode, experience the origins of combat sports in two all-new environments; The Kumite and The Backyard, or challenge the world in new Blitz Battles or Online World Championships to become the undisputed champ. In gameplay, fluid clinch-to-strike combinations offer more responsive and authentic stand-up gameplay, while overhauled takedown and ground mechanics deliver more control in those key phases of the fight. No matter how, or where, you play EA SPORTS UFC 4 puts ‘you’ at the center of every fight.",https://www.igdb.com/games/ea-sports-ufc-4
595,Marvel's Spider Man 2,Aventura,Insomniac Games,PC,16/05/2026,28,2023,-,,127044,Marvel's Spider-Man 2,https://images.igdb.com/igdb/image/upload/t_cover_big/cobg1k.jpg,Insomniac Games,2023,"Hack and slash/Beat 'em up, Adventure",84.65386816664889,"Marvel's Spider-Man 2 is an action-adventure game developed by Insomniac Games and published by Sony Interactive Entertainment. Released in October 2023 exclusively for the PlayStation 5, it is a direct sequel to Marvel's Spider-Man (2018) and Marvel's Spider-Man: Miles Morales (2020). The game continues the story of Peter Parker and Miles Morales as they face new challenges and threats in New York City. In Marvel's Spider-Man 2, players can switch between Peter and Miles, each with unique abilities and combat styles. The game introduces new villains, including Kraven the Hunter and Venom, while expanding the open-world environment with more detailed and interactive elements.",https://www.igdb.com/games/marvels-spider-man-2
596,Forza Horizon 6,Corrida,Playground Studios,PC,22/05/2026,36,2026,-,,348330,Forza Horizon 6,https://images.igdb.com/igdb/image/upload/t_cover_big/cobc5n.jpg,Playground Games,2026,"Racing, Simulator, Sport, Arcade",82.62168013522383,"Discover the breathtaking landscapes of Japan in over 550 real-world cars and become a racing Legend at the Horizon Festival. Start your journey as a tourist and explore a world full of hit music and Japanese culture. Build a Valley Estate, acquire awe-inspiring homes, and display your prized car collection in fully Customizable Garages. Cruise the roads with your friends and join Car Meets around Japan, unleash your imagination with EventLab and build together in Horizon CoLab.",https://www.igdb.com/games/forza-horizon-6
597,Pragmata,Aventura,Capcom,PC,31/05/2026,10.7,2026,-,,134612,Pragmata,https://images.igdb.com/igdb/image/upload/t_cover_big/cobxnx.jpg,Capcom,2026,"Shooter, Adventure",86.96344185241006,Pragmata is a sci-fi action-adventure game set in the near future. The story follows Hugh and his android companion Diana as they navigate a Lunar research station. Gameplay incorporates action elements alongside mechanics involving interaction with systems within the environment.,https://www.igdb.com/games/pragmata
598,007 First Light,Ação,IO Interactive,PC,13/06/2026,20,2026,-,,141114,007 First Light,https://images.igdb.com/igdb/image/upload/t_cover_big/coaoiz.jpg,IO Interactive,2026,"Shooter, Adventure",80.9013277998627,"007 First Light is a thrilling espionage action-adventure game from IO Interactive. Players follow James Bond as a young, resourceful, and sometimes reckless recruit in MI6's training program and discover an origin story of the world's most famous spy.",https://www.igdb.com/games/007-first-light
599,Life is Strange: Before The Storm Remastered,Point and Click,Square Enix,PC,18/06/2026,15.1,2022,-,,144776,Life is Strange: Before the Storm Remastered,https://images.igdb.com/igdb/image/upload/t_cover_big/co2vfx.jpg,DON'T NOD,2022,Adventure,62.59593919506354,Life is Strange: Before the Storm returns with remastered visuals across characters & environments.,https://www.igdb.com/games/life-is-strange-before-the-storm-remastered
600,Gran Turismo HD Concept,Corrida,Polyphony Digital,PlayStation 3,21/06/2026,2,2006,-,,1598,Gran Turismo HD Concept,https://images.igdb.com/igdb/image/upload/t_cover_big/co20bg.jpg,Polyphony Digital,2006,"Racing, Simulator",44.78211093290699,"Gran Turismo HD Concept was the first installment of the Gran Turismo racing series to be released on the PlayStation 3. It was made available as a free download on the PlayStation Store. A Blu-ray Disc version, called ""Install Disc"", was released in Japan in limited quantities in September 2007. This game was intended to be a sneak preview, in the likes of Gran Turismo Concept, preceding the release of a full version title but the Gran Turismo HD project was canceled and replaced by Gran Turismo 5 Prologue.",https://www.igdb.com/games/gran-turismo-hd-concept
601,Virtua Fighter 5: Final Showdown,Luta,SEGA,PlayStation 3,25/06/2026,0.15,2012,-,,21669,Virtua Fighter 5: Final Showdown,https://images.igdb.com/igdb/image/upload/t_cover_big/co3vp2.jpg,Sega AM2,2010,Fighting,88.01841898408851,"The fifth entry in SEGA's fighting game series. Once again, the real-time level of visual detail and character animation has been upped to the most advanced levels, with next-generation lighting and detail on the fighters and environments. Players will be able to customize their characters by selecting from various patterned costumes and a wide range of attachable items that can be placed onto each fighter's various body parts. Players will not only achieve victory by defeating highly-skilled opponents, but will also compete for prizes and earn in-game money through the match to buy many items at an in-game shop. Virtua Fighter 5: Final Showdown contains a full overhaul of Virtua Fighter 5's mechanics, balance and animations, along with new game modes, new dynamic fighting arenas, a massive collection of customizable character items and new characters.",https://www.igdb.com/games/virtua-fighter-5-final-showdown
602,StarFox 64 3D,Shmup,Nintendo,Nintendo 3DS,26/06/2026,2.2999999999999998,2011,-,,6890,Star Fox 64 3D,https://images.igdb.com/igdb/image/upload/t_cover_big/coba3e.jpg,Nintendo EAD Software Development Group No.5,2011,Shooter,81.67960200672181,"The Star Fox team triumphantly returns to one of its greatest missions with this remake of Star Fox 64 in full 3D, featuring a complete graphical update. The entire Star Fox universe spreads out realistically into the depths of the Nintendo 3DS screen while the 3D visuals give the player a clearer grasp of distance and position. This makes the game more approachable and intuitive, thereby allowing players to focus on the action.",https://www.igdb.com/games/star-fox-64-3d
603,LEGO Batman: Legacy of the Dark Knight,Aventura,TT Games,PC,30/06/2026,11.55,2026,-,,361855,LEGO Batman: Legacy of the Dark Knight,https://images.igdb.com/igdb/image/upload/t_cover_big/coab09.jpg,Traveller's Tales,2026,"Puzzle, Adventure",83.21406404978353,"Rise as the Dark Knight and experience the essential Batman story in a bold, action-packed adventure with hard-hitting combat, an open-world Gotham City, and the signature LEGO charm that fans know and love.",https://www.igdb.com/games/lego-batman-legacy-of-the-dark-knight
604,EA Sports FC 26,Esportes/Futebol,EA Sports,PC,30/06/2026,50.2,2025,-,"Considerado fazer uma temporada perfeita (vencendo Liga, Super Copa, Copa da Espanha e Champions League)",353848,EA Sports FC 26,https://images.igdb.com/igdb/image/upload/t_cover_big/coa5wx.jpg,EA Vancouver,2025,"Simulator, Sport",52.45059799284397,"EA Sports FC 26 is a football simulation game and the third entry in the EA Sports FC series, following the franchise's rebranding from FIFA. The game features various modes including career mode with narrative-driven Manager Live Challenges, and introduces Archetypes, a system that defines player playstyles based on real footballers. It is the successor to EA Sports FC 25.",https://www.igdb.com/games/ea-sports-fc-26
605,Call of Duty: Modern Warfare II,FPS,Activision,PC,04/07/2026,15.2,2022,-,,200165,Call of Duty: Modern Warfare II,https://images.igdb.com/igdb/image/upload/t_cover_big/co4sbw.jpg,Infinity Ward,2022,Shooter,72.00143138308883,Call of Duty: Modern Warfare II drops players into an unprecedented global conflict that features the return of the iconic Operators of Task Force 141.,https://www.igdb.com/games/call-of-duty-modern-warfare-ii
606,Hollow Knight,Metroidvania,Team Cherry,PC,17/07/2026,29,2017,-,,14593,Hollow Knight,https://images.igdb.com/igdb/image/upload/t_cover_big/cobfzp.jpg,Team Cherry,2017,"Platform, Adventure, Indie",91.79770117315819,"A 2D metroidvania with an emphasis on close combat and exploration in which the player enters the once-prosperous now-bleak insect kingdom of Hallownest, travels through its various districts, meets friendly inhabitants, fights hostile ones and uncovers the kingdom's history while improving their combat abilities and movement arsenal by fighting bosses and accessing out-of-the-way areas.",https://www.igdb.com/games/hollow-knight
607,Goldeneye 007 Reloaded,FPS,Eurocom/ Activision,PlayStation 3,18/07/2026,7,2011,-,,1651,GoldenEye 007: Reloaded,https://images.igdb.com/igdb/image/upload/t_cover_big/co2lar.jpg,Eurocom Entertainment Software,2011,Shooter,77.11302483381635,"The GoldenEye story comes to life once again with an updated single player storyline featuring Daniel Craig as Bond and written by Bruce Feirstein, the screenwriter for the original movie. Surprise enemies covertly or engage in a full on firefight and use Bond's latest gadget to uncover intel in augmented reality as you relive all the classic GoldenEye movie moments. Infiltrate the dam and destroy the facility; chase Ourumov in the tank through the streets of St. Petersburgh; and investigate the secret jungle base. The remastered game features high-definition graphics due to running on a new game engine, an achievement system, a new Mi6 Ops mission mode, and PlayStation Move compatibility for the PS3 version. Activision also released the GoldenEye 007: Reloaded - Double 'O' Edition which included access to the downloadable character Hugo Drax, a PlayStation Move motion controller, navigation controller, PlayStation Eye camera, and Sharp Shooter peripheral along with the game.",https://www.igdb.com/games/goldeneye-007-reloaded
608,Soulcalibur IV,Luta,Namco Bandai,PlayStation 3,20/07/2026,2.4700000000000002,2008,-,,1567,SoulCalibur IV,https://images.igdb.com/igdb/image/upload/t_cover_big/co9ay2.jpg,Project Soul,2008,"Fighting, Arcade",74.42859699009637,"""Swords will be honed and weapons optimized as the world renowned weapon-based fighting series Soulcalibur unveils a fourth installment. Delivering new gameplay modes, characters and enhanced features with unprecedented 3D modeling and animation, Soulcalibur IV strives to be the definitive fighting game experience. The unrelenting pursuit of two legendary swords continues as Soulcalibur IV re-introduces classic warriors from the series as well as debuting new characters bringing new conflict and intrigue. Soulcalibur IV propels the fighting genre into the next-gen era with visually realistic environments, interactive stages, enhanced AI, and a new battle system."" Exclusive to the Xbox 360 version is Yoda from Star Wars, who’s inclusion was meant to represent the colours of the Xbox Logo.",https://www.igdb.com/games/soulcalibur-iv
609,Cyberpunk 2077,RPG de Tiro,CD Projekt RED,PC,26/07/2026,29,2020,-,,1877,Cyberpunk 2077,https://images.igdb.com/igdb/image/upload/t_cover_big/coaih8.jpg,CD Projekt RED,2020,"Shooter, Role-playing (RPG), Adventure",83.26501472177036,"Cyberpunk 2077 is an open-world action-adventure game set in Night City, a sprawling metropolis driven by power, glamour, and body modification. Players assume the role of V, a mercenary outlaw in pursuit of a unique implant that holds the key to immortality. The game allows extensive customization of cyberware, skills, and playstyle. Choices made throughout the journey influence both the narrative and the world.",https://www.igdb.com/games/cyberpunk-2077
610,Double Dragon Gaiden: Rise of the Dragons,Beat 'em Up,Secret Base,PC,02/08/2026,3.8,2023,-,,248358,Double Dragon Gaiden: Rise of the Dragons,https://images.igdb.com/igdb/image/upload/t_cover_big/co6g6l.jpg,Secret Base,2023,"Fighting, Hack and slash/Beat 'em up, Adventure, Arcade",70.70723072786326,"Prepare to throw down the Double Dragon way in this fresh addition to the iconic beat ‘em up franchise. Explore the early beginnings of the young Double Dragon brothers as they take on both new and familiar enemies in this alternate story. In this fresh roguelite take, every playthrough is brand new chance at new action. Featuring a unique and dynamic level structure, the difficulty of the missions you take on will change depending on the order you have selected them. Tag in and out as the classic duo Billy and Jimmy, switch it up with Marian and Uncle Matin, or experiment with 9 additional unlockable characters, each with their own special moves and unique playstyles. With 2 player local co-op, the action quadruples as you and a friend clean up the mean streets.",https://www.igdb.com/games/double-dragon-gaiden-rise-of-the-dragons
611,Stranger of Paradise: Final Fantasy Origin,RPG de Ação,Team NINJA,PC,27/08/2026,27.1,2022,,,152250,Stranger of Paradise: Final Fantasy Origin,https://images.igdb.com/igdb/image/upload/t_cover_big/cobp48.jpg,Team NINJA,2022,"Role-playing (RPG), Adventure",74.67597951627232,"Jack and his allies, Ash and Jed, burn with resolve to defeat Chaos as they throw open the gates to the Chaos Shrine. Yet doubts remain—are they truly the Warriors of Light the prophecy foretold? Step into a world of dark fantasy and revel in the exhilarating, action-packed battles!",https://www.igdb.com/games/stranger-of-paradise-final-fantasy-origin
